#pragma once
#include <Arduino.h>

// 16 kHz stereo 32-bit PCM, volume 0.5, scripts/generate_voice_samples.py
const uint8_t yes_pcm[] PROGMEM = {
  0x00, 0x00, 0x0e, 0x00, 0x00, 0x00, 0x0e, 0x00, 0x00, 0x00, 0x0d, 0x00,
  0x00, 0x00, 0x0d, 0x00, 0x00, 0x00, 0x0f, 0x00, 0x00, 0x00, 0x0f, 0x00,
  0x00, 0x00, 0x14, 0x00, 0x00, 0x00, 0x14, 0x00, 0x00, 0x00, 0x18, 0x00,
  0x00, 0x00, 0x18, 0x00, 0x00, 0x00, 0x1a, 0x00, 0x00, 0x00, 0x1a, 0x00,
  0x00, 0x00, 0x18, 0x00, 0x00, 0x00, 0x18, 0x00, 0x00, 0x00, 0x21, 0x00,
  0x00, 0x00, 0x21, 0x00, 0x00, 0x00, 0x21, 0x00, 0x00, 0x00, 0x21, 0x00,
  0x00, 0x00, 0x27, 0x00, 0x00, 0x00, 0x27, 0x00, 0x00, 0x00, 0x29, 0x00,
  0x00, 0x00, 0x29, 0x00, 0x00, 0x00, 0x2c, 0x00, 0x00, 0x00, 0x2c, 0x00,
  0x00, 0x00, 0x2f, 0x00, 0x00, 0x00, 0x2f, 0x00, 0x00, 0x00, 0x30, 0x00,
  0x00, 0x00, 0x30, 0x00, 0x00, 0x00, 0x36, 0x00, 0x00, 0x00, 0x36, 0x00,
  0x00, 0x00, 0x36, 0x00, 0x00, 0x00, 0x36, 0x00, 0x00, 0x00, 0x38, 0x00,
  0x00, 0x00, 0x38, 0x00, 0x00, 0x00, 0x36, 0x00, 0x00, 0x00, 0x36, 0x00,
  0x00, 0x00, 0x38, 0x00, 0x00, 0x00, 0x38, 0x00, 0x00, 0x00, 0x3b, 0x00,
  0x00, 0x00, 0x3b, 0x00, 0x00, 0x00, 0x3a, 0x00, 0x00, 0x00, 0x3a, 0x00,
  0x00, 0x00, 0x36, 0x00, 0x00, 0x00, 0x36, 0x00, 0x00, 0x00, 0x36, 0x00,
  0x00, 0x00, 0x36, 0x00, 0x00, 0x00, 0x35, 0x00, 0x00, 0x00, 0x35, 0x00,
  0x00, 0x00, 0x30, 0x00, 0x00, 0x00, 0x30, 0x00, 0x00, 0x00, 0x2c, 0x00,
  0x00, 0x00, 0x2c, 0x00, 0x00, 0x00, 0x29, 0x00, 0x00, 0x00, 0x29, 0x00,
  0x00, 0x00, 0x27, 0x00, 0x00, 0x00, 0x27, 0x00, 0x00, 0x00, 0x18, 0x00,
  0x00, 0x00, 0x18, 0x00, 0x00, 0x00, 0x10, 0x00, 0x00, 0x00, 0x10, 0x00,
  0x00, 0x00, 0x0f, 0x00, 0x00, 0x00, 0x0f, 0x00, 0x00, 0x00, 0x0c, 0x00,
  0x00, 0x00, 0x0c, 0x00, 0x00, 0x00, 0xfe, 0xff, 0x00, 0x00, 0xfe, 0xff,
  0x00, 0x00, 0xeb, 0xff, 0x00, 0x00, 0xeb, 0xff, 0x00, 0x00, 0xed, 0xff,
  0x00, 0x00, 0xed, 0xff, 0x00, 0x00, 0xe4, 0xff, 0x00, 0x00, 0xe4, 0xff,
  0x00, 0x00, 0xd6, 0xff, 0x00, 0x00, 0xd6, 0xff, 0x00, 0x00, 0xc6, 0xff,
  0x00, 0x00, 0xc6, 0xff, 0x00, 0x00, 0xc2, 0xff, 0x00, 0x00, 0xc2, 0xff,
  0x00, 0x00, 0xbf, 0xff, 0x00, 0x00, 0xbf, 0xff, 0x00, 0x00, 0xa9, 0xff,
  0x00, 0x00, 0xa9, 0xff, 0x00, 0x00, 0x9c, 0xff, 0x00, 0x00, 0x9c, 0xff,
  0x00, 0x00, 0x94, 0xff, 0x00, 0x00, 0x94, 0xff, 0x00, 0x00, 0x95, 0xff,
  0x00, 0x00, 0x95, 0xff, 0x00, 0x00, 0x88, 0xff, 0x00, 0x00, 0x88, 0xff,
  0x00, 0x00, 0x7c, 0xff, 0x00, 0x00, 0x7c, 0xff, 0x00, 0x00, 0x77, 0xff,
  0x00, 0x00, 0x77, 0xff, 0x00, 0x00, 0x6f, 0xff, 0x00, 0x00, 0x6f, 0xff,
  0x00, 0x00, 0x69, 0xff, 0x00, 0x00, 0x69, 0xff, 0x00, 0x00, 0x64, 0xff,
  0x00, 0x00, 0x64, 0xff, 0x00, 0x00, 0x67, 0xff, 0x00, 0x00, 0x67, 0xff,
  0x00, 0x00, 0x60, 0xff, 0x00, 0x00, 0x60, 0xff, 0x00, 0x00, 0x5c, 0xff,
  0x00, 0x00, 0x5c, 0xff, 0x00, 0x00, 0x54, 0xff, 0x00, 0x00, 0x54, 0xff,
  0x00, 0x00, 0x56, 0xff, 0x00, 0x00, 0x56, 0xff, 0x00, 0x00, 0x5d, 0xff,
  0x00, 0x00, 0x5d, 0xff, 0x00, 0x00, 0x5d, 0xff, 0x00, 0x00, 0x5d, 0xff,
  0x00, 0x00, 0x5d, 0xff, 0x00, 0x00, 0x5d, 0xff, 0x00, 0x00, 0x58, 0xff,
  0x00, 0x00, 0x58, 0xff, 0x00, 0x00, 0x64, 0xff, 0x00, 0x00, 0x64, 0xff,
  0x00, 0x00, 0x62, 0xff, 0x00, 0x00, 0x62, 0xff, 0x00, 0x00, 0x6a, 0xff,
  0x00, 0x00, 0x6a, 0xff, 0x00, 0x00, 0x6c, 0xff, 0x00, 0x00, 0x6c, 0xff,
  0x00, 0x00, 0x72, 0xff, 0x00, 0x00, 0x72, 0xff, 0x00, 0x00, 0x79, 0xff,
  0x00, 0x00, 0x79, 0xff, 0x00, 0x00, 0x74, 0xff, 0x00, 0x00, 0x74, 0xff,
  0x00, 0x00, 0x80, 0xff, 0x00, 0x00, 0x80, 0xff, 0x00, 0x00, 0x80, 0xff,
  0x00, 0x00, 0x80, 0xff, 0x00, 0x00, 0x8e, 0xff, 0x00, 0x00, 0x8e, 0xff,
  0x00, 0x00, 0x87, 0xff, 0x00, 0x00, 0x87, 0xff, 0x00, 0x00, 0x8a, 0xff,
  0x00, 0x00, 0x8a, 0xff, 0x00, 0x00, 0x95, 0xff, 0x00, 0x00, 0x95, 0xff,
  0x00, 0x00, 0x9c, 0xff, 0x00, 0x00, 0x9c, 0xff, 0x00, 0x00, 0xb5, 0xff,
  0x00, 0x00, 0xb5, 0xff, 0x00, 0x00, 0xb6, 0xff, 0x00, 0x00, 0xb6, 0xff,
  0x00, 0x00, 0xc9, 0xff, 0x00, 0x00, 0xc9, 0xff, 0x00, 0x00, 0xd3, 0xff,
  0x00, 0x00, 0xd3, 0xff, 0x00, 0x00, 0xee, 0xff, 0x00, 0x00, 0xee, 0xff,
  0x00, 0x00, 0x06, 0x00, 0x00, 0x00, 0x06, 0x00, 0x00, 0x00, 0x18, 0x00,
  0x00, 0x00, 0x18, 0x00, 0x00, 0x00, 0x3b, 0x00, 0x00, 0x00, 0x3b, 0x00,
  0x00, 0x00, 0x48, 0x00, 0x00, 0x00, 0x48, 0x00, 0x00, 0x00, 0x69, 0x00,
  0x00, 0x00, 0x69, 0x00, 0x00, 0x00, 0x85, 0x00, 0x00, 0x00, 0x85, 0x00,
  0x00, 0x00, 0xae, 0x00, 0x00, 0x00, 0xae, 0x00, 0x00, 0x00, 0xd0, 0x00,
  0x00, 0x00, 0xd0, 0x00, 0x00, 0x00, 0xea, 0x00, 0x00, 0x00, 0xea, 0x00,
  0x00, 0x00, 0x14, 0x01, 0x00, 0x00, 0x14, 0x01, 0x00, 0x00, 0x2f, 0x01,
  0x00, 0x00, 0x2f, 0x01, 0x00, 0x00, 0x59, 0x01, 0x00, 0x00, 0x59, 0x01,
  0x00, 0x00, 0x7c, 0x01, 0x00, 0x00, 0x7c, 0x01, 0x00, 0x00, 0xa1, 0x01,
  0x00, 0x00, 0xa1, 0x01, 0x00, 0x00, 0xc0, 0x01, 0x00, 0x00, 0xc0, 0x01,
  0x00, 0x00, 0xd9, 0x01, 0x00, 0x00, 0xd9, 0x01, 0x00, 0x00, 0x04, 0x02,
  0x00, 0x00, 0x04, 0x02, 0x00, 0x00, 0x1b, 0x02, 0x00, 0x00, 0x1b, 0x02,
  0x00, 0x00, 0x30, 0x02, 0x00, 0x00, 0x30, 0x02, 0x00, 0x00, 0x43, 0x02,
  0x00, 0x00, 0x43, 0x02, 0x00, 0x00, 0x5f, 0x02, 0x00, 0x00, 0x5f, 0x02,
  0x00, 0x00, 0x70, 0x02, 0x00, 0x00, 0x70, 0x02, 0x00, 0x00, 0x6c, 0x02,
  0x00, 0x00, 0x6c, 0x02, 0x00, 0x00, 0x7a, 0x02, 0x00, 0x00, 0x7a, 0x02,
  0x00, 0x00, 0x84, 0x02, 0x00, 0x00, 0x84, 0x02, 0x00, 0x00, 0x81, 0x02,
  0x00, 0x00, 0x81, 0x02, 0x00, 0x00, 0x6d, 0x02, 0x00, 0x00, 0x6d, 0x02,
  0x00, 0x00, 0x63, 0x02, 0x00, 0x00, 0x63, 0x02, 0x00, 0x00, 0x64, 0x02,
  0x00, 0x00, 0x64, 0x02, 0x00, 0x00, 0x40, 0x02, 0x00, 0x00, 0x40, 0x02,
  0x00, 0x00, 0x16, 0x02, 0x00, 0x00, 0x16, 0x02, 0x00, 0x00, 0xf7, 0x01,
  0x00, 0x00, 0xf7, 0x01, 0x00, 0x00, 0xe4, 0x01, 0x00, 0x00, 0xe4, 0x01,
  0x00, 0x00, 0xb5, 0x01, 0x00, 0x00, 0xb5, 0x01, 0x00, 0x00, 0x6d, 0x01,
  0x00, 0x00, 0x6d, 0x01, 0x00, 0x00, 0x3e, 0x01, 0x00, 0x00, 0x3e, 0x01,
  0x00, 0x00, 0x19, 0x01, 0x00, 0x00, 0x19, 0x01, 0x00, 0x00, 0xe1, 0x00,
  0x00, 0x00, 0xe1, 0x00, 0x00, 0x00, 0x8a, 0x00, 0x00, 0x00, 0x8a, 0x00,
  0x00, 0x00, 0x48, 0x00, 0x00, 0x00, 0x48, 0x00, 0x00, 0x00, 0x1e, 0x00,
  0x00, 0x00, 0x1e, 0x00, 0x00, 0x00, 0xdf, 0xff, 0x00, 0x00, 0xdf, 0xff,
  0x00, 0x00, 0x82, 0xff, 0x00, 0x00, 0x82, 0xff, 0x00, 0x00, 0x32, 0xff,
  0x00, 0x00, 0x32, 0xff, 0x00, 0x00, 0x05, 0xff, 0x00, 0x00, 0x05, 0xff,
  0x00, 0x00, 0xd6, 0xfe, 0x00, 0x00, 0xd6, 0xfe, 0x00, 0x00, 0x7e, 0xfe,
  0x00, 0x00, 0x7e, 0xfe, 0x00, 0x00, 0x2a, 0xfe, 0x00, 0x00, 0x2a, 0xfe,
  0x00, 0x00, 0x02, 0xfe, 0x00, 0x00, 0x02, 0xfe, 0x00, 0x00, 0xda, 0xfd,
  0x00, 0x00, 0xda, 0xfd, 0x00, 0x00, 0x9c, 0xfd, 0x00, 0x00, 0x9c, 0xfd,
  0x00, 0x00, 0x57, 0xfd, 0x00, 0x00, 0x57, 0xfd, 0x00, 0x00, 0x46, 0xfd,
  0x00, 0x00, 0x46, 0xfd, 0x00, 0x00, 0x21, 0xfd, 0x00, 0x00, 0x21, 0xfd,
  0x00, 0x00, 0xe4, 0xfc, 0x00, 0x00, 0xe4, 0xfc, 0x00, 0x00, 0xc0, 0xfc,
  0x00, 0x00, 0xc0, 0xfc, 0x00, 0x00, 0xc2, 0xfc, 0x00, 0x00, 0xc2, 0xfc,
  0x00, 0x00, 0xc3, 0xfc, 0x00, 0x00, 0xc3, 0xfc, 0x00, 0x00, 0x79, 0xfc,
  0x00, 0x00, 0x79, 0xfc, 0x00, 0x00, 0x75, 0xfc, 0x00, 0x00, 0x75, 0xfc,
  0x00, 0x00, 0x86, 0xfc, 0x00, 0x00, 0x86, 0xfc, 0x00, 0x00, 0x89, 0xfc,
  0x00, 0x00, 0x89, 0xfc, 0x00, 0x00, 0x5b, 0xfc, 0x00, 0x00, 0x5b, 0xfc,
  0x00, 0x00, 0x4a, 0xfc, 0x00, 0x00, 0x4a, 0xfc, 0x00, 0x00, 0x80, 0xfc,
  0x00, 0x00, 0x80, 0xfc, 0x00, 0x00, 0x74, 0xfc, 0x00, 0x00, 0x74, 0xfc,
  0x00, 0x00, 0x6b, 0xfc, 0x00, 0x00, 0x6b, 0xfc, 0x00, 0x00, 0x66, 0xfc,
  0x00, 0x00, 0x66, 0xfc, 0x00, 0x00, 0x98, 0xfc, 0x00, 0x00, 0x98, 0xfc,
  0x00, 0x00, 0x97, 0xfc, 0x00, 0x00, 0x97, 0xfc, 0x00, 0x00, 0x7f, 0xfc,
  0x00, 0x00, 0x7f, 0xfc, 0x00, 0x00, 0x9a, 0xfc, 0x00, 0x00, 0x9a, 0xfc,
  0x00, 0x00, 0xb6, 0xfc, 0x00, 0x00, 0xb6, 0xfc, 0x00, 0x00, 0xdd, 0xfc,
  0x00, 0x00, 0xdd, 0xfc, 0x00, 0x00, 0xc3, 0xfc, 0x00, 0x00, 0xc3, 0xfc,
  0x00, 0x00, 0xd0, 0xfc, 0x00, 0x00, 0xd0, 0xfc, 0x00, 0x00, 0xfd, 0xfc,
  0x00, 0x00, 0xfd, 0xfc, 0x00, 0x00, 0x3c, 0xfd, 0x00, 0x00, 0x3c, 0xfd,
  0x00, 0x00, 0x5a, 0xfd, 0x00, 0x00, 0x5a, 0xfd, 0x00, 0x00, 0x5a, 0xfd,
  0x00, 0x00, 0x5a, 0xfd, 0x00, 0x00, 0x94, 0xfd, 0x00, 0x00, 0x94, 0xfd,
  0x00, 0x00, 0xe7, 0xfd, 0x00, 0x00, 0xe7, 0xfd, 0x00, 0x00, 0x37, 0xfe,
  0x00, 0x00, 0x37, 0xfe, 0x00, 0x00, 0x56, 0xfe, 0x00, 0x00, 0x56, 0xfe,
  0x00, 0x00, 0xa0, 0xfe, 0x00, 0x00, 0xa0, 0xfe, 0x00, 0x00, 0x13, 0xff,
  0x00, 0x00, 0x13, 0xff, 0x00, 0x00, 0x6b, 0xff, 0x00, 0x00, 0x6b, 0xff,
  0x00, 0x00, 0xb0, 0xff, 0x00, 0x00, 0xb0, 0xff, 0x00, 0x00, 0x1f, 0x00,
  0x00, 0x00, 0x1f, 0x00, 0x00, 0x00, 0xb7, 0x00, 0x00, 0x00, 0xb7, 0x00,
  0x00, 0x00, 0x1b, 0x01, 0x00, 0x00, 0x1b, 0x01, 0x00, 0x00, 0x68, 0x01,
  0x00, 0x00, 0x68, 0x01, 0x00, 0x00, 0xf8, 0x01, 0x00, 0x00, 0xf8, 0x01,
  0x00, 0x00, 0xa6, 0x02, 0x00, 0x00, 0xa6, 0x02, 0x00, 0x00, 0x2c, 0x03,
  0x00, 0x00, 0x2c, 0x03, 0x00, 0x00, 0x8b, 0x03, 0x00, 0x00, 0x8b, 0x03,
  0x00, 0x00, 0x1f, 0x04, 0x00, 0x00, 0x1f, 0x04, 0x00, 0x00, 0xcb, 0x04,
  0x00, 0x00, 0xcb, 0x04, 0x00, 0x00, 0x20, 0x05, 0x00, 0x00, 0x20, 0x05,
  0x00, 0x00, 0x96, 0x05, 0x00, 0x00, 0x96, 0x05, 0x00, 0x00, 0x2a, 0x06,
  0x00, 0x00, 0x2a, 0x06, 0x00, 0x00, 0xd5, 0x06, 0x00, 0x00, 0xd5, 0x06,
  0x00, 0x00, 0x06, 0x07, 0x00, 0x00, 0x06, 0x07, 0x00, 0x00, 0x3a, 0x07,
  0x00, 0x00, 0x3a, 0x07, 0x00, 0x00, 0xd1, 0x07, 0x00, 0x00, 0xd1, 0x07,
  0x00, 0x00, 0x15, 0x08, 0x00, 0x00, 0x15, 0x08, 0x00, 0x00, 0x64, 0x08,
  0x00, 0x00, 0x64, 0x08, 0x00, 0x00, 0x64, 0x08, 0x00, 0x00, 0x64, 0x08,
  0x00, 0x00, 0xcc, 0x08, 0x00, 0x00, 0xcc, 0x08, 0x00, 0x00, 0xc9, 0x08,
  0x00, 0x00, 0xc9, 0x08, 0x00, 0x00, 0xa1, 0x08, 0x00, 0x00, 0xa1, 0x08,
  0x00, 0x00, 0xe1, 0x08, 0x00, 0x00, 0xe1, 0x08, 0x00, 0x00, 0xbb, 0x08,
  0x00, 0x00, 0xbb, 0x08, 0x00, 0x00, 0xa3, 0x08, 0x00, 0x00, 0xa3, 0x08,
  0x00, 0x00, 0x02, 0x08, 0x00, 0x00, 0x02, 0x08, 0x00, 0x00, 0x13, 0x08,
  0x00, 0x00, 0x13, 0x08, 0x00, 0x00, 0xf5, 0x07, 0x00, 0x00, 0xf5, 0x07,
  0x00, 0x00, 0x4a, 0x07, 0x00, 0x00, 0x4a, 0x07, 0x00, 0x00, 0xb1, 0x06,
  0x00, 0x00, 0xb1, 0x06, 0x00, 0x00, 0x0f, 0x06, 0x00, 0x00, 0x0f, 0x06,
  0x00, 0x00, 0x07, 0x06, 0x00, 0x00, 0x07, 0x06, 0x00, 0x00, 0x44, 0x05,
  0x00, 0x00, 0x44, 0x05, 0x00, 0x00, 0x7e, 0x04, 0x00, 0x00, 0x7e, 0x04,
  0x00, 0x00, 0xd6, 0x03, 0x00, 0x00, 0xd6, 0x03, 0x00, 0x00, 0x3d, 0x03,
  0x00, 0x00, 0x3d, 0x03, 0x00, 0x00, 0xaf, 0x02, 0x00, 0x00, 0xaf, 0x02,
  0x00, 0x00, 0xa9, 0x01, 0x00, 0x00, 0xa9, 0x01, 0x00, 0x00, 0x1b, 0x01,
  0x00, 0x00, 0x1b, 0x01, 0x00, 0x00, 0x86, 0x00, 0x00, 0x00, 0x86, 0x00,
  0x00, 0x00, 0xdb, 0xff, 0x00, 0x00, 0xdb, 0xff, 0x00, 0x00, 0x15, 0xff,
  0x00, 0x00, 0x15, 0xff, 0x00, 0x00, 0x3c, 0xfe, 0x00, 0x00, 0x3c, 0xfe,
  0x00, 0x00, 0xc4, 0xfd, 0x00, 0x00, 0xc4, 0xfd, 0x00, 0x00, 0x28, 0xfd,
  0x00, 0x00, 0x28, 0xfd, 0x00, 0x00, 0x95, 0xfc, 0x00, 0x00, 0x95, 0xfc,
  0x00, 0x00, 0xf5, 0xfb, 0x00, 0x00, 0xf5, 0xfb, 0x00, 0x00, 0x44, 0xfb,
  0x00, 0x00, 0x44, 0xfb, 0x00, 0x00, 0xfb, 0xfa, 0x00, 0x00, 0xfb, 0xfa,
  0x00, 0x00, 0x82, 0xfa, 0x00, 0x00, 0x82, 0xfa, 0x00, 0x00, 0xe7, 0xf9,
  0x00, 0x00, 0xe7, 0xf9, 0x00, 0x00, 0x58, 0xf9, 0x00, 0x00, 0x58, 0xf9,
  0x00, 0x00, 0x44, 0xf9, 0x00, 0x00, 0x44, 0xf9, 0x00, 0x00, 0x50, 0xf9,
  0x00, 0x00, 0x50, 0xf9, 0x00, 0x00, 0x9f, 0xf8, 0x00, 0x00, 0x9f, 0xf8,
  0x00, 0x00, 0xfc, 0xf7, 0x00, 0x00, 0xfc, 0xf7, 0x00, 0x00, 0x06, 0xf8,
  0x00, 0x00, 0x06, 0xf8, 0x00, 0x00, 0x5d, 0xf8, 0x00, 0x00, 0x5d, 0xf8,
  0x00, 0x00, 0x01, 0xf8, 0x00, 0x00, 0x01, 0xf8, 0x00, 0x00, 0x76, 0xf7,
  0x00, 0x00, 0x76, 0xf7, 0x00, 0x00, 0x83, 0xf7, 0x00, 0x00, 0x83, 0xf7,
  0x00, 0x00, 0xe1, 0xf7, 0x00, 0x00, 0xe1, 0xf7, 0x00, 0x00, 0xbc, 0xf7,
  0x00, 0x00, 0xbc, 0xf7, 0x00, 0x00, 0x6b, 0xf7, 0x00, 0x00, 0x6b, 0xf7,
  0x00, 0x00, 0x7f, 0xf7, 0x00, 0x00, 0x7f, 0xf7, 0x00, 0x00, 0xcc, 0xf7,
  0x00, 0x00, 0xcc, 0xf7, 0x00, 0x00, 0xf6, 0xf7, 0x00, 0x00, 0xf6, 0xf7,
  0x00, 0x00, 0xa4, 0xf7, 0x00, 0x00, 0xa4, 0xf7, 0x00, 0x00, 0xda, 0xf7,
  0x00, 0x00, 0xda, 0xf7, 0x00, 0x00, 0xd2, 0xf7, 0x00, 0x00, 0xd2, 0xf7,
  0x00, 0x00, 0xf9, 0xf7, 0x00, 0x00, 0xf9, 0xf7, 0x00, 0x00, 0xf5, 0xf7,
  0x00, 0x00, 0xf5, 0xf7, 0x00, 0x00, 0x16, 0xf8, 0x00, 0x00, 0x16, 0xf8,
  0x00, 0x00, 0x7c, 0xf8, 0x00, 0x00, 0x7c, 0xf8, 0x00, 0x00, 0xf1, 0xf7,
  0x00, 0x00, 0xf1, 0xf7, 0x00, 0x00, 0x79, 0xf8, 0x00, 0x00, 0x79, 0xf8,
  0x00, 0x00, 0xda, 0xf8, 0x00, 0x00, 0xda, 0xf8, 0x00, 0x00, 0x5e, 0xf9,
  0x00, 0x00, 0x5e, 0xf9, 0x00, 0x00, 0x07, 0xf9, 0x00, 0x00, 0x07, 0xf9,
  0x00, 0x00, 0x16, 0xf9, 0x00, 0x00, 0x16, 0xf9, 0x00, 0x00, 0xa6, 0xfa,
  0x00, 0x00, 0xa6, 0xfa, 0x00, 0x00, 0xbc, 0xfa, 0x00, 0x00, 0xbc, 0xfa,
  0x00, 0x00, 0x3e, 0xfb, 0x00, 0x00, 0x3e, 0xfb, 0x00, 0x00, 0x45, 0xfb,
  0x00, 0x00, 0x45, 0xfb, 0x00, 0x00, 0x86, 0xfc, 0x00, 0x00, 0x86, 0xfc,
  0x00, 0x00, 0x53, 0xfd, 0x00, 0x00, 0x53, 0xfd, 0x00, 0x00, 0x7e, 0xfd,
  0x00, 0x00, 0x7e, 0xfd, 0x00, 0x00, 0x36, 0xff, 0x00, 0x00, 0x36, 0xff,
  0x00, 0x00, 0xba, 0xff, 0x00, 0x00, 0xba, 0xff, 0x00, 0x00, 0x0d, 0x01,
  0x00, 0x00, 0x0d, 0x01, 0x00, 0x00, 0x4a, 0x01, 0x00, 0x00, 0x4a, 0x01,
  0x00, 0x00, 0x77, 0x02, 0x00, 0x00, 0x77, 0x02, 0x00, 0x00, 0x21, 0x04,
  0x00, 0x00, 0x21, 0x04, 0x00, 0x00, 0x02, 0x05, 0x00, 0x00, 0x02, 0x05,
  0x00, 0x00, 0xc9, 0x06, 0x00, 0x00, 0xc9, 0x06, 0x00, 0x00, 0xdd, 0x06,
  0x00, 0x00, 0xdd, 0x06, 0x00, 0x00, 0x60, 0x08, 0x00, 0x00, 0x60, 0x08,
  0x00, 0x00, 0x79, 0x09, 0x00, 0x00, 0x79, 0x09, 0x00, 0x00, 0x7a, 0x0a,
  0x00, 0x00, 0x7a, 0x0a, 0x00, 0x00, 0x92, 0x0b, 0x00, 0x00, 0x92, 0x0b,
  0x00, 0x00, 0x30, 0x0c, 0x00, 0x00, 0x30, 0x0c, 0x00, 0x00, 0x1a, 0x0e,
  0x00, 0x00, 0x1a, 0x0e, 0x00, 0x00, 0xea, 0x0d, 0x00, 0x00, 0xea, 0x0d,
  0x00, 0x00, 0x3a, 0x0e, 0x00, 0x00, 0x3a, 0x0e, 0x00, 0x00, 0x02, 0x0f,
  0x00, 0x00, 0x02, 0x0f, 0x00, 0x00, 0x11, 0x10, 0x00, 0x00, 0x11, 0x10,
  0x00, 0x00, 0xc9, 0x10, 0x00, 0x00, 0xc9, 0x10, 0x00, 0x00, 0x20, 0x10,
  0x00, 0x00, 0x20, 0x10, 0x00, 0x00, 0x97, 0x10, 0x00, 0x00, 0x97, 0x10,
  0x00, 0x00, 0x63, 0x10, 0x00, 0x00, 0x63, 0x10, 0x00, 0x00, 0x51, 0x10,
  0x00, 0x00, 0x51, 0x10, 0x00, 0x00, 0x29, 0x10, 0x00, 0x00, 0x29, 0x10,
  0x00, 0x00, 0xc8, 0x0f, 0x00, 0x00, 0xc8, 0x0f, 0x00, 0x00, 0x9c, 0x0f,
  0x00, 0x00, 0x9c, 0x0f, 0x00, 0x00, 0xca, 0x0e, 0x00, 0x00, 0xca, 0x0e,
  0x00, 0x00, 0x3f, 0x0e, 0x00, 0x00, 0x3f, 0x0e, 0x00, 0x00, 0x62, 0x0d,
  0x00, 0x00, 0x62, 0x0d, 0x00, 0x00, 0x9a, 0x0c, 0x00, 0x00, 0x9a, 0x0c,
  0x00, 0x00, 0x25, 0x0c, 0x00, 0x00, 0x25, 0x0c, 0x00, 0x00, 0x22, 0x0b,
  0x00, 0x00, 0x22, 0x0b, 0x00, 0x00, 0xe0, 0x09, 0x00, 0x00, 0xe0, 0x09,
  0x00, 0x00, 0xb1, 0x08, 0x00, 0x00, 0xb1, 0x08, 0x00, 0x00, 0xbb, 0x07,
  0x00, 0x00, 0xbb, 0x07, 0x00, 0x00, 0xab, 0x06, 0x00, 0x00, 0xab, 0x06,
  0x00, 0x00, 0x40, 0x05, 0x00, 0x00, 0x40, 0x05, 0x00, 0x00, 0x62, 0x04,
  0x00, 0x00, 0x62, 0x04, 0x00, 0x00, 0x72, 0x03, 0x00, 0x00, 0x72, 0x03,
  0x00, 0x00, 0x05, 0x02, 0x00, 0x00, 0x05, 0x02, 0x00, 0x00, 0x95, 0x00,
  0x00, 0x00, 0x95, 0x00, 0x00, 0x00, 0xa7, 0xff, 0x00, 0x00, 0xa7, 0xff,
  0x00, 0x00, 0xf5, 0xfe, 0x00, 0x00, 0xf5, 0xfe, 0x00, 0x00, 0xbf, 0xfd,
  0x00, 0x00, 0xbf, 0xfd, 0x00, 0x00, 0x99, 0xfc, 0x00, 0x00, 0x99, 0xfc,
  0x00, 0x00, 0xb7, 0xfb, 0x00, 0x00, 0xb7, 0xfb, 0x00, 0x00, 0xeb, 0xfa,
  0x00, 0x00, 0xeb, 0xfa, 0x00, 0x00, 0xe0, 0xf9, 0x00, 0x00, 0xe0, 0xf9,
  0x00, 0x00, 0x30, 0xf9, 0x00, 0x00, 0x30, 0xf9, 0x00, 0x00, 0x9a, 0xf8,
  0x00, 0x00, 0x9a, 0xf8, 0x00, 0x00, 0x14, 0xf8, 0x00, 0x00, 0x14, 0xf8,
  0x00, 0x00, 0x34, 0xf7, 0x00, 0x00, 0x34, 0xf7, 0x00, 0x00, 0x8e, 0xf6,
  0x00, 0x00, 0x8e, 0xf6, 0x00, 0x00, 0x79, 0xf6, 0x00, 0x00, 0x79, 0xf6,
  0x00, 0x00, 0xbf, 0xf5, 0x00, 0x00, 0xbf, 0xf5, 0x00, 0x00, 0x71, 0xf5,
  0x00, 0x00, 0x71, 0xf5, 0x00, 0x00, 0x17, 0xf5, 0x00, 0x00, 0x17, 0xf5,
  0x00, 0x00, 0x47, 0xf5, 0x00, 0x00, 0x47, 0xf5, 0x00, 0x00, 0xb7, 0xf4,
  0x00, 0x00, 0xb7, 0xf4, 0x00, 0x00, 0x4a, 0xf4, 0x00, 0x00, 0x4a, 0xf4,
  0x00, 0x00, 0xb3, 0xf4, 0x00, 0x00, 0xb3, 0xf4, 0x00, 0x00, 0x55, 0xf4,
  0x00, 0x00, 0x55, 0xf4, 0x00, 0x00, 0x7f, 0xf4, 0x00, 0x00, 0x7f, 0xf4,
  0x00, 0x00, 0x1b, 0xf4, 0x00, 0x00, 0x1b, 0xf4, 0x00, 0x00, 0xa2, 0xf4,
  0x00, 0x00, 0xa2, 0xf4, 0x00, 0x00, 0x95, 0xf4, 0x00, 0x00, 0x95, 0xf4,
  0x00, 0x00, 0x43, 0xf4, 0x00, 0x00, 0x43, 0xf4, 0x00, 0x00, 0xb4, 0xf4,
  0x00, 0x00, 0xb4, 0xf4, 0x00, 0x00, 0x9b, 0xf4, 0x00, 0x00, 0x9b, 0xf4,
  0x00, 0x00, 0x22, 0xf5, 0x00, 0x00, 0x22, 0xf5, 0x00, 0x00, 0xcb, 0xf4,
  0x00, 0x00, 0xcb, 0xf4, 0x00, 0x00, 0xf7, 0xf4, 0x00, 0x00, 0xf7, 0xf4,
  0x00, 0x00, 0xe7, 0xf4, 0x00, 0x00, 0xe7, 0xf4, 0x00, 0x00, 0x3d, 0xf5,
  0x00, 0x00, 0x3d, 0xf5, 0x00, 0x00, 0xf0, 0xf5, 0x00, 0x00, 0xf0, 0xf5,
  0x00, 0x00, 0xfd, 0xf4, 0x00, 0x00, 0xfd, 0xf4, 0x00, 0x00, 0xe0, 0xf4,
  0x00, 0x00, 0xe0, 0xf4, 0x00, 0x00, 0x58, 0xf5, 0x00, 0x00, 0x58, 0xf5,
  0x00, 0x00, 0x54, 0xf6, 0x00, 0x00, 0x54, 0xf6, 0x00, 0x00, 0xd5, 0xf6,
  0x00, 0x00, 0xd5, 0xf6, 0x00, 0x00, 0x8d, 0xf6, 0x00, 0x00, 0x8d, 0xf6,
  0x00, 0x00, 0xd9, 0xf6, 0x00, 0x00, 0xd9, 0xf6, 0x00, 0x00, 0xf8, 0xf6,
  0x00, 0x00, 0xf8, 0xf6, 0x00, 0x00, 0xe3, 0xf7, 0x00, 0x00, 0xe3, 0xf7,
  0x00, 0x00, 0x39, 0xf9, 0x00, 0x00, 0x39, 0xf9, 0x00, 0x00, 0xc6, 0xf9,
  0x00, 0x00, 0xc6, 0xf9, 0x00, 0x00, 0x5a, 0xfa, 0x00, 0x00, 0x5a, 0xfa,
  0x00, 0x00, 0x63, 0xfa, 0x00, 0x00, 0x63, 0xfa, 0x00, 0x00, 0xc4, 0xfb,
  0x00, 0x00, 0xc4, 0xfb, 0x00, 0x00, 0xf7, 0xfc, 0x00, 0x00, 0xf7, 0xfc,
  0x00, 0x00, 0xad, 0xfd, 0x00, 0x00, 0xad, 0xfd, 0x00, 0x00, 0x91, 0xff,
  0x00, 0x00, 0x91, 0xff, 0x00, 0x00, 0x39, 0x00, 0x00, 0x00, 0x39, 0x00,
  0x00, 0x00, 0xbe, 0x01, 0x00, 0x00, 0xbe, 0x01, 0x00, 0x00, 0x27, 0x02,
  0x00, 0x00, 0x27, 0x02, 0x00, 0x00, 0x76, 0x03, 0x00, 0x00, 0x76, 0x03,
  0x00, 0x00, 0x54, 0x05, 0x00, 0x00, 0x54, 0x05, 0x00, 0x00, 0xac, 0x06,
  0x00, 0x00, 0xac, 0x06, 0x00, 0x00, 0xd0, 0x08, 0x00, 0x00, 0xd0, 0x08,
  0x00, 0x00, 0xd3, 0x08, 0x00, 0x00, 0xd3, 0x08, 0x00, 0x00, 0x6f, 0x0a,
  0x00, 0x00, 0x6f, 0x0a, 0x00, 0x00, 0x0b, 0x0b, 0x00, 0x00, 0x0b, 0x0b,
  0x00, 0x00, 0xb7, 0x0c, 0x00, 0x00, 0xb7, 0x0c, 0x00, 0x00, 0x75, 0x0e,
  0x00, 0x00, 0x75, 0x0e, 0x00, 0x00, 0xab, 0x0e, 0x00, 0x00, 0xab, 0x0e,
  0x00, 0x00, 0xde, 0x0f, 0x00, 0x00, 0xde, 0x0f, 0x00, 0x00, 0xce, 0x0f,
  0x00, 0x00, 0xce, 0x0f, 0x00, 0x00, 0x18, 0x11, 0x00, 0x00, 0x18, 0x11,
  0x00, 0x00, 0x04, 0x11, 0x00, 0x00, 0x04, 0x11, 0x00, 0x00, 0xea, 0x11,
  0x00, 0x00, 0xea, 0x11, 0x00, 0x00, 0xb9, 0x12, 0x00, 0x00, 0xb9, 0x12,
  0x00, 0x00, 0x2d, 0x12, 0x00, 0x00, 0x2d, 0x12, 0x00, 0x00, 0x42, 0x12,
  0x00, 0x00, 0x42, 0x12, 0x00, 0x00, 0x5c, 0x11, 0x00, 0x00, 0x5c, 0x11,
  0x00, 0x00, 0xd9, 0x11, 0x00, 0x00, 0xd9, 0x11, 0x00, 0x00, 0x5c, 0x11,
  0x00, 0x00, 0x5c, 0x11, 0x00, 0x00, 0xe9, 0x10, 0x00, 0x00, 0xe9, 0x10,
  0x00, 0x00, 0x43, 0x10, 0x00, 0x00, 0x43, 0x10, 0x00, 0x00, 0x2a, 0x0f,
  0x00, 0x00, 0x2a, 0x0f, 0x00, 0x00, 0xb1, 0x0e, 0x00, 0x00, 0xb1, 0x0e,
  0x00, 0x00, 0x80, 0x0d, 0x00, 0x00, 0x80, 0x0d, 0x00, 0x00, 0x86, 0x0c,
  0x00, 0x00, 0x86, 0x0c, 0x00, 0x00, 0x59, 0x0b, 0x00, 0x00, 0x59, 0x0b,
  0x00, 0x00, 0xc3, 0x0a, 0x00, 0x00, 0xc3, 0x0a, 0x00, 0x00, 0xa2, 0x09,
  0x00, 0x00, 0xa2, 0x09, 0x00, 0x00, 0xa0, 0x07, 0x00, 0x00, 0xa0, 0x07,
  0x00, 0x00, 0x62, 0x06, 0x00, 0x00, 0x62, 0x06, 0x00, 0x00, 0xcd, 0x05,
  0x00, 0x00, 0xcd, 0x05, 0x00, 0x00, 0x56, 0x04, 0x00, 0x00, 0x56, 0x04,
  0x00, 0x00, 0xcd, 0x02, 0x00, 0x00, 0xcd, 0x02, 0x00, 0x00, 0xda, 0x01,
  0x00, 0x00, 0xda, 0x01, 0x00, 0x00, 0xb1, 0x00, 0x00, 0x00, 0xb1, 0x00,
  0x00, 0x00, 0x55, 0xff, 0x00, 0x00, 0x55, 0xff, 0x00, 0x00, 0x9a, 0xfd,
  0x00, 0x00, 0x9a, 0xfd, 0x00, 0x00, 0x6c, 0xfd, 0x00, 0x00, 0x6c, 0xfd,
  0x00, 0x00, 0x42, 0xfc, 0x00, 0x00, 0x42, 0xfc, 0x00, 0x00, 0xe7, 0xfa,
  0x00, 0x00, 0xe7, 0xfa, 0x00, 0x00, 0xcb, 0xf9, 0x00, 0x00, 0xcb, 0xf9,
  0x00, 0x00, 0xf3, 0xf8, 0x00, 0x00, 0xf3, 0xf8, 0x00, 0x00, 0xda, 0xf8,
  0x00, 0x00, 0xda, 0xf8, 0x00, 0x00, 0xe1, 0xf6, 0x00, 0x00, 0xe1, 0xf6,
  0x00, 0x00, 0xc0, 0xf6, 0x00, 0x00, 0xc0, 0xf6, 0x00, 0x00, 0x37, 0xf6,
  0x00, 0x00, 0x37, 0xf6, 0x00, 0x00, 0xdb, 0xf5, 0x00, 0x00, 0xdb, 0xf5,
  0x00, 0x00, 0x08, 0xf5, 0x00, 0x00, 0x08, 0xf5, 0x00, 0x00, 0xe1, 0xf3,
  0x00, 0x00, 0xe1, 0xf3, 0x00, 0x00, 0xc2, 0xf4, 0x00, 0x00, 0xc2, 0xf4,
  0x00, 0x00, 0xa5, 0xf3, 0x00, 0x00, 0xa5, 0xf3, 0x00, 0x00, 0xcc, 0xf3,
  0x00, 0x00, 0xcc, 0xf3, 0x00, 0x00, 0x4f, 0xf3, 0x00, 0x00, 0x4f, 0xf3,
  0x00, 0x00, 0x6f, 0xf3, 0x00, 0x00, 0x6f, 0xf3, 0x00, 0x00, 0x95, 0xf3,
  0x00, 0x00, 0x95, 0xf3, 0x00, 0x00, 0xa6, 0xf2, 0x00, 0x00, 0xa6, 0xf2,
  0x00, 0x00, 0xbf, 0xf3, 0x00, 0x00, 0xbf, 0xf3, 0x00, 0x00, 0x35, 0xf3,
  0x00, 0x00, 0x35, 0xf3, 0x00, 0x00, 0xab, 0xf3, 0x00, 0x00, 0xab, 0xf3,
  0x00, 0x00, 0x5b, 0xf3, 0x00, 0x00, 0x5b, 0xf3, 0x00, 0x00, 0x96, 0xf3,
  0x00, 0x00, 0x96, 0xf3, 0x00, 0x00, 0x67, 0xf4, 0x00, 0x00, 0x67, 0xf4,
  0x00, 0x00, 0xb1, 0xf3, 0x00, 0x00, 0xb1, 0xf3, 0x00, 0x00, 0x94, 0xf4,
  0x00, 0x00, 0x94, 0xf4, 0x00, 0x00, 0x4b, 0xf4, 0x00, 0x00, 0x4b, 0xf4,
  0x00, 0x00, 0x10, 0xf5, 0x00, 0x00, 0x10, 0xf5, 0x00, 0x00, 0x01, 0xf5,
  0x00, 0x00, 0x01, 0xf5, 0x00, 0x00, 0xc4, 0xf4, 0x00, 0x00, 0xc4, 0xf4,
  0x00, 0x00, 0x9d, 0xf5, 0x00, 0x00, 0x9d, 0xf5, 0x00, 0x00, 0x45, 0xf5,
  0x00, 0x00, 0x45, 0xf5, 0x00, 0x00, 0xfe, 0xf5, 0x00, 0x00, 0xfe, 0xf5,
  0x00, 0x00, 0x5c, 0xf5, 0x00, 0x00, 0x5c, 0xf5, 0x00, 0x00, 0x73, 0xf5,
  0x00, 0x00, 0x73, 0xf5, 0x00, 0x00, 0x6e, 0xf5, 0x00, 0x00, 0x6e, 0xf5,
  0x00, 0x00, 0xad, 0xf5, 0x00, 0x00, 0xad, 0xf5, 0x00, 0x00, 0xc8, 0xf7,
  0x00, 0x00, 0xc8, 0xf7, 0x00, 0x00, 0xab, 0xf7, 0x00, 0x00, 0xab, 0xf7,
  0x00, 0x00, 0x1c, 0xf7, 0x00, 0x00, 0x1c, 0xf7, 0x00, 0x00, 0x66, 0xf6,
  0x00, 0x00, 0x66, 0xf6, 0x00, 0x00, 0x5e, 0xf8, 0x00, 0x00, 0x5e, 0xf8,
  0x00, 0x00, 0x07, 0xfb, 0x00, 0x00, 0x07, 0xfb, 0x00, 0x00, 0x93, 0xfa,
  0x00, 0x00, 0x93, 0xfa, 0x00, 0x00, 0x7c, 0xfa, 0x00, 0x00, 0x7c, 0xfa,
  0x00, 0x00, 0xde, 0xfa, 0x00, 0x00, 0xde, 0xfa, 0x00, 0x00, 0x3d, 0xfd,
  0x00, 0x00, 0x3d, 0xfd, 0x00, 0x00, 0x30, 0xfe, 0x00, 0x00, 0x30, 0xfe,
  0x00, 0x00, 0xa2, 0xfe, 0x00, 0x00, 0xa2, 0xfe, 0x00, 0x00, 0x88, 0x00,
  0x00, 0x00, 0x88, 0x00, 0x00, 0x00, 0xaf, 0x01, 0x00, 0x00, 0xaf, 0x01,
  0x00, 0x00, 0x79, 0x03, 0x00, 0x00, 0x79, 0x03, 0x00, 0x00, 0x5f, 0x03,
  0x00, 0x00, 0x5f, 0x03, 0x00, 0x00, 0x9c, 0x04, 0x00, 0x00, 0x9c, 0x04,
  0x00, 0x00, 0xda, 0x06, 0x00, 0x00, 0xda, 0x06, 0x00, 0x00, 0xe9, 0x08,
  0x00, 0x00, 0xe9, 0x08, 0x00, 0x00, 0x64, 0x0a, 0x00, 0x00, 0x64, 0x0a,
  0x00, 0x00, 0x08, 0x0a, 0x00, 0x00, 0x08, 0x0a, 0x00, 0x00, 0x57, 0x0b,
  0x00, 0x00, 0x57, 0x0b, 0x00, 0x00, 0xfe, 0x0c, 0x00, 0x00, 0xfe, 0x0c,
  0x00, 0x00, 0xe6, 0x0e, 0x00, 0x00, 0xe6, 0x0e, 0x00, 0x00, 0x80, 0x0f,
  0x00, 0x00, 0x80, 0x0f, 0x00, 0x00, 0xc6, 0x0f, 0x00, 0x00, 0xc6, 0x0f,
  0x00, 0x00, 0x48, 0x11, 0x00, 0x00, 0x48, 0x11, 0x00, 0x00, 0xaf, 0x11,
  0x00, 0x00, 0xaf, 0x11, 0x00, 0x00, 0xc6, 0x11, 0x00, 0x00, 0xc6, 0x11,
  0x00, 0x00, 0x23, 0x12, 0x00, 0x00, 0x23, 0x12, 0x00, 0x00, 0x6c, 0x13,
  0x00, 0x00, 0x6c, 0x13, 0x00, 0x00, 0x01, 0x14, 0x00, 0x00, 0x01, 0x14,
  0x00, 0x00, 0xec, 0x12, 0x00, 0x00, 0xec, 0x12, 0x00, 0x00, 0x7d, 0x12,
  0x00, 0x00, 0x7d, 0x12, 0x00, 0x00, 0x9f, 0x12, 0x00, 0x00, 0x9f, 0x12,
  0x00, 0x00, 0x97, 0x12, 0x00, 0x00, 0x97, 0x12, 0x00, 0x00, 0xd4, 0x11,
  0x00, 0x00, 0xd4, 0x11, 0x00, 0x00, 0x39, 0x11, 0x00, 0x00, 0x39, 0x11,
  0x00, 0x00, 0xd7, 0x10, 0x00, 0x00, 0xd7, 0x10, 0x00, 0x00, 0x49, 0x0f,
  0x00, 0x00, 0x49, 0x0f, 0x00, 0x00, 0xf2, 0x0d, 0x00, 0x00, 0xf2, 0x0d,
  0x00, 0x00, 0x42, 0x0d, 0x00, 0x00, 0x42, 0x0d, 0x00, 0x00, 0xb9, 0x0c,
  0x00, 0x00, 0xb9, 0x0c, 0x00, 0x00, 0x0d, 0x0b, 0x00, 0x00, 0x0d, 0x0b,
  0x00, 0x00, 0x40, 0x09, 0x00, 0x00, 0x40, 0x09, 0x00, 0x00, 0x41, 0x08,
  0x00, 0x00, 0x41, 0x08, 0x00, 0x00, 0xb5, 0x06, 0x00, 0x00, 0xb5, 0x06,
  0x00, 0x00, 0xee, 0x04, 0x00, 0x00, 0xee, 0x04, 0x00, 0x00, 0xb1, 0x03,
  0x00, 0x00, 0xb1, 0x03, 0x00, 0x00, 0xea, 0x02, 0x00, 0x00, 0xea, 0x02,
  0x00, 0x00, 0x12, 0x01, 0x00, 0x00, 0x12, 0x01, 0x00, 0x00, 0xfb, 0xfe,
  0x00, 0x00, 0xfb, 0xfe, 0x00, 0x00, 0xff, 0xfd, 0x00, 0x00, 0xff, 0xfd,
  0x00, 0x00, 0x54, 0xfd, 0x00, 0x00, 0x54, 0xfd, 0x00, 0x00, 0xa5, 0xfb,
  0x00, 0x00, 0xa5, 0xfb, 0x00, 0x00, 0xe5, 0xf9, 0x00, 0x00, 0xe5, 0xf9,
  0x00, 0x00, 0x8c, 0xf9, 0x00, 0x00, 0x8c, 0xf9, 0x00, 0x00, 0xde, 0xf8,
  0x00, 0x00, 0xde, 0xf8, 0x00, 0x00, 0x24, 0xf7, 0x00, 0x00, 0x24, 0xf7,
  0x00, 0x00, 0xe7, 0xf5, 0x00, 0x00, 0xe7, 0xf5, 0x00, 0x00, 0xe0, 0xf5,
  0x00, 0x00, 0xe0, 0xf5, 0x00, 0x00, 0xa2, 0xf5, 0x00, 0x00, 0xa2, 0xf5,
  0x00, 0x00, 0x6c, 0xf4, 0x00, 0x00, 0x6c, 0xf4, 0x00, 0x00, 0xb7, 0xf3,
  0x00, 0x00, 0xb7, 0xf3, 0x00, 0x00, 0xb7, 0xf3, 0x00, 0x00, 0xb7, 0xf3,
  0x00, 0x00, 0xa2, 0xf3, 0x00, 0x00, 0xa2, 0xf3, 0x00, 0x00, 0xe1, 0xf2,
  0x00, 0x00, 0xe1, 0xf2, 0x00, 0x00, 0xa6, 0xf2, 0x00, 0x00, 0xa6, 0xf2,
  0x00, 0x00, 0x18, 0xf3, 0x00, 0x00, 0x18, 0xf3, 0x00, 0x00, 0xda, 0xf2,
  0x00, 0x00, 0xda, 0xf2, 0x00, 0x00, 0x7c, 0xf2, 0x00, 0x00, 0x7c, 0xf2,
  0x00, 0x00, 0x3b, 0xf2, 0x00, 0x00, 0x3b, 0xf2, 0x00, 0x00, 0xfb, 0xf2,
  0x00, 0x00, 0xfb, 0xf2, 0x00, 0x00, 0x3a, 0xf3, 0x00, 0x00, 0x3a, 0xf3,
  0x00, 0x00, 0xd0, 0xf2, 0x00, 0x00, 0xd0, 0xf2, 0x00, 0x00, 0xf6, 0xf2,
  0x00, 0x00, 0xf6, 0xf2, 0x00, 0x00, 0x76, 0xf3, 0x00, 0x00, 0x76, 0xf3,
  0x00, 0x00, 0x13, 0xf4, 0x00, 0x00, 0x13, 0xf4, 0x00, 0x00, 0x80, 0xf3,
  0x00, 0x00, 0x80, 0xf3, 0x00, 0x00, 0x02, 0xf4, 0x00, 0x00, 0x02, 0xf4,
  0x00, 0x00, 0x6b, 0xf4, 0x00, 0x00, 0x6b, 0xf4, 0x00, 0x00, 0xb0, 0xf4,
  0x00, 0x00, 0xb0, 0xf4, 0x00, 0x00, 0x04, 0xf5, 0x00, 0x00, 0x04, 0xf5,
  0x00, 0x00, 0x90, 0xf4, 0x00, 0x00, 0x90, 0xf4, 0x00, 0x00, 0x4b, 0xf5,
  0x00, 0x00, 0x4b, 0xf5, 0x00, 0x00, 0x32, 0xf5, 0x00, 0x00, 0x32, 0xf5,
  0x00, 0x00, 0xae, 0xf5, 0x00, 0x00, 0xae, 0xf5, 0x00, 0x00, 0x9e, 0xf5,
  0x00, 0x00, 0x9e, 0xf5, 0x00, 0x00, 0x30, 0xf5, 0x00, 0x00, 0x30, 0xf5,
  0x00, 0x00, 0x07, 0xf5, 0x00, 0x00, 0x07, 0xf5, 0x00, 0x00, 0x0f, 0xf5,
  0x00, 0x00, 0x0f, 0xf5, 0x00, 0x00, 0x87, 0xf7, 0x00, 0x00, 0x87, 0xf7,
  0x00, 0x00, 0xb2, 0xf7, 0x00, 0x00, 0xb2, 0xf7, 0x00, 0x00, 0xf1, 0xf6,
  0x00, 0x00, 0xf1, 0xf6, 0x00, 0x00, 0x8c, 0xf6, 0x00, 0x00, 0x8c, 0xf6,
  0x00, 0x00, 0x95, 0xf7, 0x00, 0x00, 0x95, 0xf7, 0x00, 0x00, 0xc9, 0xf9,
  0x00, 0x00, 0xc9, 0xf9, 0x00, 0x00, 0x00, 0xfa, 0x00, 0x00, 0x00, 0xfa,
  0x00, 0x00, 0xf3, 0xfa, 0x00, 0x00, 0xf3, 0xfa, 0x00, 0x00, 0xea, 0xfa,
  0x00, 0x00, 0xea, 0xfa, 0x00, 0x00, 0xd8, 0xfb, 0x00, 0x00, 0xd8, 0xfb,
  0x00, 0x00, 0x32, 0xfd, 0x00, 0x00, 0x32, 0xfd, 0x00, 0x00, 0x32, 0xfe,
  0x00, 0x00, 0x32, 0xfe, 0x00, 0x00, 0x32, 0x00, 0x00, 0x00, 0x32, 0x00,
  0x00, 0x00, 0x30, 0x01, 0x00, 0x00, 0x30, 0x01, 0x00, 0x00, 0xc6, 0x02,
  0x00, 0x00, 0xc6, 0x02, 0x00, 0x00, 0x4e, 0x03, 0x00, 0x00, 0x4e, 0x03,
  0x00, 0x00, 0x2d, 0x04, 0x00, 0x00, 0x2d, 0x04, 0x00, 0x00, 0x74, 0x06,
  0x00, 0x00, 0x74, 0x06, 0x00, 0x00, 0x96, 0x08, 0x00, 0x00, 0x96, 0x08,
  0x00, 0x00, 0x6a, 0x0a, 0x00, 0x00, 0x6a, 0x0a, 0x00, 0x00, 0xec, 0x0a,
  0x00, 0x00, 0xec, 0x0a, 0x00, 0x00, 0x19, 0x0c, 0x00, 0x00, 0x19, 0x0c,
  0x00, 0x00, 0x09, 0x0e, 0x00, 0x00, 0x09, 0x0e, 0x00, 0x00, 0xc6, 0x0e,
  0x00, 0x00, 0xc6, 0x0e, 0x00, 0x00, 0x5d, 0x10, 0x00, 0x00, 0x5d, 0x10,
  0x00, 0x00, 0x56, 0x12, 0x00, 0x00, 0x56, 0x12, 0x00, 0x00, 0x88, 0x13,
  0x00, 0x00, 0x88, 0x13, 0x00, 0x00, 0x4e, 0x13, 0x00, 0x00, 0x4e, 0x13,
  0x00, 0x00, 0xf0, 0x12, 0x00, 0x00, 0xf0, 0x12, 0x00, 0x00, 0x6d, 0x15,
  0x00, 0x00, 0x6d, 0x15, 0x00, 0x00, 0x19, 0x16, 0x00, 0x00, 0x19, 0x16,
  0x00, 0x00, 0xeb, 0x15, 0x00, 0x00, 0xeb, 0x15, 0x00, 0x00, 0xcd, 0x15,
  0x00, 0x00, 0xcd, 0x15, 0x00, 0x00, 0x45, 0x16, 0x00, 0x00, 0x45, 0x16,
  0x00, 0x00, 0x25, 0x16, 0x00, 0x00, 0x25, 0x16, 0x00, 0x00, 0xea, 0x13,
  0x00, 0x00, 0xea, 0x13, 0x00, 0x00, 0xc1, 0x14, 0x00, 0x00, 0xc1, 0x14,
  0x00, 0x00, 0xc7, 0x14, 0x00, 0x00, 0xc7, 0x14, 0x00, 0x00, 0xaa, 0x13,
  0x00, 0x00, 0xaa, 0x13, 0x00, 0x00, 0x6c, 0x11, 0x00, 0x00, 0x6c, 0x11,
  0x00, 0x00, 0x6e, 0x10, 0x00, 0x00, 0x6e, 0x10, 0x00, 0x00, 0x5c, 0x10,
  0x00, 0x00, 0x5c, 0x10, 0x00, 0x00, 0x89, 0x0d, 0x00, 0x00, 0x89, 0x0d,
  0x00, 0x00, 0x97, 0x0c, 0x00, 0x00, 0x97, 0x0c, 0x00, 0x00, 0xb8, 0x0b,
  0x00, 0x00, 0xb8, 0x0b, 0x00, 0x00, 0x37, 0x0a, 0x00, 0x00, 0x37, 0x0a,
  0x00, 0x00, 0xe8, 0x06, 0x00, 0x00, 0xe8, 0x06, 0x00, 0x00, 0xb1, 0x05,
  0x00, 0x00, 0xb1, 0x05, 0x00, 0x00, 0xcb, 0x05, 0x00, 0x00, 0xcb, 0x05,
  0x00, 0x00, 0xbf, 0x02, 0x00, 0x00, 0xbf, 0x02, 0x00, 0x00, 0x3f, 0x01,
  0x00, 0x00, 0x3f, 0x01, 0x00, 0x00, 0x43, 0x00, 0x00, 0x00, 0x43, 0x00,
  0x00, 0x00, 0x25, 0xff, 0x00, 0x00, 0x25, 0xff, 0x00, 0x00, 0x95, 0xfc,
  0x00, 0x00, 0x95, 0xfc, 0x00, 0x00, 0x14, 0xfb, 0x00, 0x00, 0x14, 0xfb,
  0x00, 0x00, 0x2b, 0xfb, 0x00, 0x00, 0x2b, 0xfb, 0x00, 0x00, 0xd9, 0xf9,
  0x00, 0x00, 0xd9, 0xf9, 0x00, 0x00, 0x34, 0xf8, 0x00, 0x00, 0x34, 0xf8,
  0x00, 0x00, 0xa9, 0xf6, 0x00, 0x00, 0xa9, 0xf6, 0x00, 0x00, 0x09, 0xf7,
  0x00, 0x00, 0x09, 0xf7, 0x00, 0x00, 0x01, 0xf6, 0x00, 0x00, 0x01, 0xf6,
  0x00, 0x00, 0x50, 0xf4, 0x00, 0x00, 0x50, 0xf4, 0x00, 0x00, 0xae, 0xf4,
  0x00, 0x00, 0xae, 0xf4, 0x00, 0x00, 0x85, 0xf4, 0x00, 0x00, 0x85, 0xf4,
  0x00, 0x00, 0x95, 0xf3, 0x00, 0x00, 0x95, 0xf3, 0x00, 0x00, 0xb7, 0xf2,
  0x00, 0x00, 0xb7, 0xf2, 0x00, 0x00, 0x43, 0xf3, 0x00, 0x00, 0x43, 0xf3,
  0x00, 0x00, 0x11, 0xf3, 0x00, 0x00, 0x11, 0xf3, 0x00, 0x00, 0x83, 0xf2,
  0x00, 0x00, 0x83, 0xf2, 0x00, 0x00, 0xd5, 0xf2, 0x00, 0x00, 0xd5, 0xf2,
  0x00, 0x00, 0xf0, 0xf2, 0x00, 0x00, 0xf0, 0xf2, 0x00, 0x00, 0xf5, 0xf2,
  0x00, 0x00, 0xf5, 0xf2, 0x00, 0x00, 0x85, 0xf2, 0x00, 0x00, 0x85, 0xf2,
  0x00, 0x00, 0x1b, 0xf3, 0x00, 0x00, 0x1b, 0xf3, 0x00, 0x00, 0x46, 0xf3,
  0x00, 0x00, 0x46, 0xf3, 0x00, 0x00, 0x34, 0xf3, 0x00, 0x00, 0x34, 0xf3,
  0x00, 0x00, 0xa8, 0xf3, 0x00, 0x00, 0xa8, 0xf3, 0x00, 0x00, 0xb3, 0xf3,
  0x00, 0x00, 0xb3, 0xf3, 0x00, 0x00, 0x92, 0xf3, 0x00, 0x00, 0x92, 0xf3,
  0x00, 0x00, 0x9a, 0xf3, 0x00, 0x00, 0x9a, 0xf3, 0x00, 0x00, 0x88, 0xf4,
  0x00, 0x00, 0x88, 0xf4, 0x00, 0x00, 0x57, 0xf4, 0x00, 0x00, 0x57, 0xf4,
  0x00, 0x00, 0xb9, 0xf3, 0x00, 0x00, 0xb9, 0xf3, 0x00, 0x00, 0x4b, 0xf4,
  0x00, 0x00, 0x4b, 0xf4, 0x00, 0x00, 0xca, 0xf4, 0x00, 0x00, 0xca, 0xf4,
  0x00, 0x00, 0x78, 0xf4, 0x00, 0x00, 0x78, 0xf4, 0x00, 0x00, 0x9e, 0xf3,
  0x00, 0x00, 0x9e, 0xf3, 0x00, 0x00, 0x4b, 0xf4, 0x00, 0x00, 0x4b, 0xf4,
  0x00, 0x00, 0xc4, 0xf4, 0x00, 0x00, 0xc4, 0xf4, 0x00, 0x00, 0x86, 0xf3,
  0x00, 0x00, 0x86, 0xf3, 0x00, 0x00, 0x8a, 0xf2, 0x00, 0x00, 0x8a, 0xf2,
  0x00, 0x00, 0x92, 0xf3, 0x00, 0x00, 0x92, 0xf3, 0x00, 0x00, 0xcc, 0xf6,
  0x00, 0x00, 0xcc, 0xf6, 0x00, 0x00, 0x0b, 0xf6, 0x00, 0x00, 0x0b, 0xf6,
  0x00, 0x00, 0x8d, 0xf3, 0x00, 0x00, 0x8d, 0xf3, 0x00, 0x00, 0xc0, 0xf3,
  0x00, 0x00, 0xc0, 0xf3, 0x00, 0x00, 0xbe, 0xf6, 0x00, 0x00, 0xbe, 0xf6,
  0x00, 0x00, 0xf0, 0xf8, 0x00, 0x00, 0xf0, 0xf8, 0x00, 0x00, 0xe4, 0xf7,
  0x00, 0x00, 0xe4, 0xf7, 0x00, 0x00, 0x88, 0xf8, 0x00, 0x00, 0x88, 0xf8,
  0x00, 0x00, 0xdf, 0xf8, 0x00, 0x00, 0xdf, 0xf8, 0x00, 0x00, 0x23, 0xfb,
  0x00, 0x00, 0x23, 0xfb, 0x00, 0x00, 0x17, 0xfc, 0x00, 0x00, 0x17, 0xfc,
  0x00, 0x00, 0x57, 0xfd, 0x00, 0x00, 0x57, 0xfd, 0x00, 0x00, 0x50, 0x00,
  0x00, 0x00, 0x50, 0x00, 0x00, 0x00, 0x77, 0x00, 0x00, 0x00, 0x77, 0x00,
  0x00, 0x00, 0x98, 0x02, 0x00, 0x00, 0x98, 0x02, 0x00, 0x00, 0x4f, 0x03,
  0x00, 0x00, 0x4f, 0x03, 0x00, 0x00, 0x8f, 0x05, 0x00, 0x00, 0x8f, 0x05,
  0x00, 0x00, 0x6c, 0x07, 0x00, 0x00, 0x6c, 0x07, 0x00, 0x00, 0xd2, 0x09,
  0x00, 0x00, 0xd2, 0x09, 0x00, 0x00, 0x98, 0x0c, 0x00, 0x00, 0x98, 0x0c,
  0x00, 0x00, 0x17, 0x0c, 0x00, 0x00, 0x17, 0x0c, 0x00, 0x00, 0xcf, 0x0e,
  0x00, 0x00, 0xcf, 0x0e, 0x00, 0x00, 0x21, 0x0f, 0x00, 0x00, 0x21, 0x0f,
  0x00, 0x00, 0x3b, 0x11, 0x00, 0x00, 0x3b, 0x11, 0x00, 0x00, 0xa1, 0x13,
  0x00, 0x00, 0xa1, 0x13, 0x00, 0x00, 0xb6, 0x14, 0x00, 0x00, 0xb6, 0x14,
  0x00, 0x00, 0xbe, 0x15, 0x00, 0x00, 0xbe, 0x15, 0x00, 0x00, 0xea, 0x13,
  0x00, 0x00, 0xea, 0x13, 0x00, 0x00, 0x94, 0x16, 0x00, 0x00, 0x94, 0x16,
  0x00, 0x00, 0x00, 0x18, 0x00, 0x00, 0x00, 0x18, 0x00, 0x00, 0x84, 0x18,
  0x00, 0x00, 0x84, 0x18, 0x00, 0x00, 0x6c, 0x17, 0x00, 0x00, 0x6c, 0x17,
  0x00, 0x00, 0x6f, 0x17, 0x00, 0x00, 0x6f, 0x17, 0x00, 0x00, 0x24, 0x19,
  0x00, 0x00, 0x24, 0x19, 0x00, 0x00, 0x6f, 0x16, 0x00, 0x00, 0x6f, 0x16,
  0x00, 0x00, 0xba, 0x15, 0x00, 0x00, 0xba, 0x15, 0x00, 0x00, 0x79, 0x15,
  0x00, 0x00, 0x79, 0x15, 0x00, 0x00, 0x4a, 0x16, 0x00, 0x00, 0x4a, 0x16,
  0x00, 0x00, 0x8d, 0x14, 0x00, 0x00, 0x8d, 0x14, 0x00, 0x00, 0x46, 0x11,
  0x00, 0x00, 0x46, 0x11, 0x00, 0x00, 0x95, 0x10, 0x00, 0x00, 0x95, 0x10,
  0x00, 0x00, 0xd3, 0x0f, 0x00, 0x00, 0xd3, 0x0f, 0x00, 0x00, 0x1c, 0x0f,
  0x00, 0x00, 0x1c, 0x0f, 0x00, 0x00, 0x4c, 0x0c, 0x00, 0x00, 0x4c, 0x0c,
  0x00, 0x00, 0x7e, 0x0a, 0x00, 0x00, 0x7e, 0x0a, 0x00, 0x00, 0x79, 0x09,
  0x00, 0x00, 0x79, 0x09, 0x00, 0x00, 0xba, 0x07, 0x00, 0x00, 0xba, 0x07,
  0x00, 0x00, 0x85, 0x05, 0x00, 0x00, 0x85, 0x05, 0x00, 0x00, 0x4c, 0x03,
  0x00, 0x00, 0x4c, 0x03, 0x00, 0x00, 0xc2, 0x02, 0x00, 0x00, 0xc2, 0x02,
  0x00, 0x00, 0xad, 0x01, 0x00, 0x00, 0xad, 0x01, 0x00, 0x00, 0x1e, 0xff,
  0x00, 0x00, 0x1e, 0xff, 0x00, 0x00, 0x82, 0xfd, 0x00, 0x00, 0x82, 0xfd,
  0x00, 0x00, 0x56, 0xfc, 0x00, 0x00, 0x56, 0xfc, 0x00, 0x00, 0x2c, 0xfb,
  0x00, 0x00, 0x2c, 0xfb, 0x00, 0x00, 0xe6, 0xf9, 0x00, 0x00, 0xe6, 0xf9,
  0x00, 0x00, 0xe5, 0xf8, 0x00, 0x00, 0xe5, 0xf8, 0x00, 0x00, 0x5b, 0xf8,
  0x00, 0x00, 0x5b, 0xf8, 0x00, 0x00, 0x6f, 0xf6, 0x00, 0x00, 0x6f, 0xf6,
  0x00, 0x00, 0xec, 0xf5, 0x00, 0x00, 0xec, 0xf5, 0x00, 0x00, 0x1b, 0xf5,
  0x00, 0x00, 0x1b, 0xf5, 0x00, 0x00, 0xd2, 0xf4, 0x00, 0x00, 0xd2, 0xf4,
  0x00, 0x00, 0x88, 0xf4, 0x00, 0x00, 0x88, 0xf4, 0x00, 0x00, 0x26, 0xf3,
  0x00, 0x00, 0x26, 0xf3, 0x00, 0x00, 0x80, 0xf3, 0x00, 0x00, 0x80, 0xf3,
  0x00, 0x00, 0xc5, 0xf2, 0x00, 0x00, 0xc5, 0xf2, 0x00, 0x00, 0xd9, 0xf2,
  0x00, 0x00, 0xd9, 0xf2, 0x00, 0x00, 0x46, 0xf2, 0x00, 0x00, 0x46, 0xf2,
  0x00, 0x00, 0x8a, 0xf2, 0x00, 0x00, 0x8a, 0xf2, 0x00, 0x00, 0xf0, 0xf2,
  0x00, 0x00, 0xf0, 0xf2, 0x00, 0x00, 0x00, 0xf2, 0x00, 0x00, 0x00, 0xf2,
  0x00, 0x00, 0xae, 0xf2, 0x00, 0x00, 0xae, 0xf2, 0x00, 0x00, 0x74, 0xf2,
  0x00, 0x00, 0x74, 0xf2, 0x00, 0x00, 0xe8, 0xf2, 0x00, 0x00, 0xe8, 0xf2,
  0x00, 0x00, 0x85, 0xf2, 0x00, 0x00, 0x85, 0xf2, 0x00, 0x00, 0x5f, 0xf2,
  0x00, 0x00, 0x5f, 0xf2, 0x00, 0x00, 0xc7, 0xf3, 0x00, 0x00, 0xc7, 0xf3,
  0x00, 0x00, 0x87, 0xf3, 0x00, 0x00, 0x87, 0xf3, 0x00, 0x00, 0x36, 0xf2,
  0x00, 0x00, 0x36, 0xf2, 0x00, 0x00, 0x8c, 0xf2, 0x00, 0x00, 0x8c, 0xf2,
  0x00, 0x00, 0x4b, 0xf4, 0x00, 0x00, 0x4b, 0xf4, 0x00, 0x00, 0xd9, 0xf3,
  0x00, 0x00, 0xd9, 0xf3, 0x00, 0x00, 0x03, 0xf2, 0x00, 0x00, 0x03, 0xf2,
  0x00, 0x00, 0xb0, 0xf2, 0x00, 0x00, 0xb0, 0xf2, 0x00, 0x00, 0x06, 0xf4,
  0x00, 0x00, 0x06, 0xf4, 0x00, 0x00, 0xb8, 0xf2, 0x00, 0x00, 0xb8, 0xf2,
  0x00, 0x00, 0xc8, 0xf1, 0x00, 0x00, 0xc8, 0xf1, 0x00, 0x00, 0x09, 0xf2,
  0x00, 0x00, 0x09, 0xf2, 0x00, 0x00, 0xc4, 0xf2, 0x00, 0x00, 0xc4, 0xf2,
  0x00, 0x00, 0x77, 0xf0, 0x00, 0x00, 0x77, 0xf0, 0x00, 0x00, 0x39, 0xf0,
  0x00, 0x00, 0x39, 0xf0, 0x00, 0x00, 0xd1, 0xf4, 0x00, 0x00, 0xd1, 0xf4,
  0x00, 0x00, 0xdf, 0xf4, 0x00, 0x00, 0xdf, 0xf4, 0x00, 0x00, 0x27, 0xf1,
  0x00, 0x00, 0x27, 0xf1, 0x00, 0x00, 0x06, 0xf0, 0x00, 0x00, 0x06, 0xf0,
  0x00, 0x00, 0x10, 0xf5, 0x00, 0x00, 0x10, 0xf5, 0x00, 0x00, 0x49, 0xf7,
  0x00, 0x00, 0x49, 0xf7, 0x00, 0x00, 0xed, 0xf5, 0x00, 0x00, 0xed, 0xf5,
  0x00, 0x00, 0xd7, 0xf5, 0x00, 0x00, 0xd7, 0xf5, 0x00, 0x00, 0x01, 0xf7,
  0x00, 0x00, 0x01, 0xf7, 0x00, 0x00, 0x52, 0xf9, 0x00, 0x00, 0x52, 0xf9,
  0x00, 0x00, 0xba, 0xf9, 0x00, 0x00, 0xba, 0xf9, 0x00, 0x00, 0x28, 0xfc,
  0x00, 0x00, 0x28, 0xfc, 0x00, 0x00, 0xad, 0xfe, 0x00, 0x00, 0xad, 0xfe,
  0x00, 0x00, 0x21, 0x00, 0x00, 0x00, 0x21, 0x00, 0x00, 0x00, 0x40, 0x00,
  0x00, 0x00, 0x40, 0x00, 0x00, 0x00, 0xe9, 0x01, 0x00, 0x00, 0xe9, 0x01,
  0x00, 0x00, 0x85, 0x05, 0x00, 0x00, 0x85, 0x05, 0x00, 0x00, 0x9c, 0x07,
  0x00, 0x00, 0x9c, 0x07, 0x00, 0x00, 0x0c, 0x09, 0x00, 0x00, 0x0c, 0x09,
  0x00, 0x00, 0x7e, 0x0a, 0x00, 0x00, 0x7e, 0x0a, 0x00, 0x00, 0x58, 0x0e,
  0x00, 0x00, 0x58, 0x0e, 0x00, 0x00, 0xd1, 0x0f, 0x00, 0x00, 0xd1, 0x0f,
  0x00, 0x00, 0x38, 0x0f, 0x00, 0x00, 0x38, 0x0f, 0x00, 0x00, 0x14, 0x10,
  0x00, 0x00, 0x14, 0x10, 0x00, 0x00, 0x8d, 0x14, 0x00, 0x00, 0x8d, 0x14,
  0x00, 0x00, 0x17, 0x18, 0x00, 0x00, 0x17, 0x18, 0x00, 0x00, 0x64, 0x16,
  0x00, 0x00, 0x64, 0x16, 0x00, 0x00, 0x03, 0x15, 0x00, 0x00, 0x03, 0x15,
  0x00, 0x00, 0xb9, 0x16, 0x00, 0x00, 0xb9, 0x16, 0x00, 0x00, 0x3d, 0x1a,
  0x00, 0x00, 0x3d, 0x1a, 0x00, 0x00, 0x50, 0x1a, 0x00, 0x00, 0x50, 0x1a,
  0x00, 0x00, 0x8b, 0x18, 0x00, 0x00, 0x8b, 0x18, 0x00, 0x00, 0x3d, 0x19,
  0x00, 0x00, 0x3d, 0x19, 0x00, 0x00, 0x0c, 0x1a, 0x00, 0x00, 0x0c, 0x1a,
  0x00, 0x00, 0xb3, 0x18, 0x00, 0x00, 0xb3, 0x18, 0x00, 0x00, 0xbb, 0x16,
  0x00, 0x00, 0xbb, 0x16, 0x00, 0x00, 0xf0, 0x16, 0x00, 0x00, 0xf0, 0x16,
  0x00, 0x00, 0x94, 0x17, 0x00, 0x00, 0x94, 0x17, 0x00, 0x00, 0x5d, 0x15,
  0x00, 0x00, 0x5d, 0x15, 0x00, 0x00, 0x6f, 0x13, 0x00, 0x00, 0x6f, 0x13,
  0x00, 0x00, 0xe3, 0x11, 0x00, 0x00, 0xe3, 0x11, 0x00, 0x00, 0xa1, 0x10,
  0x00, 0x00, 0xa1, 0x10, 0x00, 0x00, 0x37, 0x0f, 0x00, 0x00, 0x37, 0x0f,
  0x00, 0x00, 0xbe, 0x0c, 0x00, 0x00, 0xbe, 0x0c, 0x00, 0x00, 0xcb, 0x0b,
  0x00, 0x00, 0xcb, 0x0b, 0x00, 0x00, 0x17, 0x0a, 0x00, 0x00, 0x17, 0x0a,
  0x00, 0x00, 0x60, 0x08, 0x00, 0x00, 0x60, 0x08, 0x00, 0x00, 0x89, 0x04,
  0x00, 0x00, 0x89, 0x04, 0x00, 0x00, 0x88, 0x02, 0x00, 0x00, 0x88, 0x02,
  0x00, 0x00, 0x41, 0x03, 0x00, 0x00, 0x41, 0x03, 0x00, 0x00, 0x67, 0x01,
  0x00, 0x00, 0x67, 0x01, 0x00, 0x00, 0x7e, 0xfe, 0x00, 0x00, 0x7e, 0xfe,
  0x00, 0x00, 0x7b, 0xfb, 0x00, 0x00, 0x7b, 0xfb, 0x00, 0x00, 0xf5, 0xfb,
  0x00, 0x00, 0xf5, 0xfb, 0x00, 0x00, 0x6d, 0xfa, 0x00, 0x00, 0x6d, 0xfa,
  0x00, 0x00, 0xed, 0xf7, 0x00, 0x00, 0xed, 0xf7, 0x00, 0x00, 0x77, 0xf7,
  0x00, 0x00, 0x77, 0xf7, 0x00, 0x00, 0xef, 0xf6, 0x00, 0x00, 0xef, 0xf6,
  0x00, 0x00, 0xf2, 0xf5, 0x00, 0x00, 0xf2, 0xf5, 0x00, 0x00, 0x50, 0xf3,
  0x00, 0x00, 0x50, 0xf3, 0x00, 0x00, 0x05, 0xf4, 0x00, 0x00, 0x05, 0xf4,
  0x00, 0x00, 0xfe, 0xf3, 0x00, 0x00, 0xfe, 0xf3, 0x00, 0x00, 0x82, 0xf2,
  0x00, 0x00, 0x82, 0xf2, 0x00, 0x00, 0xbd, 0xf1, 0x00, 0x00, 0xbd, 0xf1,
  0x00, 0x00, 0x20, 0xf2, 0x00, 0x00, 0x20, 0xf2, 0x00, 0x00, 0x20, 0xf3,
  0x00, 0x00, 0x20, 0xf3, 0x00, 0x00, 0x67, 0xf1, 0x00, 0x00, 0x67, 0xf1,
  0x00, 0x00, 0xe6, 0xf0, 0x00, 0x00, 0xe6, 0xf0, 0x00, 0x00, 0x8d, 0xf1,
  0x00, 0x00, 0x8d, 0xf1, 0x00, 0x00, 0xc8, 0xf2, 0x00, 0x00, 0xc8, 0xf2,
  0x00, 0x00, 0x82, 0xf2, 0x00, 0x00, 0x82, 0xf2, 0x00, 0x00, 0xba, 0xf1,
  0x00, 0x00, 0xba, 0xf1, 0x00, 0x00, 0x2b, 0xf2, 0x00, 0x00, 0x2b, 0xf2,
  0x00, 0x00, 0x82, 0xf2, 0x00, 0x00, 0x82, 0xf2, 0x00, 0x00, 0x1b, 0xf3,
  0x00, 0x00, 0x1b, 0xf3, 0x00, 0x00, 0xe0, 0xf2, 0x00, 0x00, 0xe0, 0xf2,
  0x00, 0x00, 0x10, 0xf3, 0x00, 0x00, 0x10, 0xf3, 0x00, 0x00, 0xfe, 0xf2,
  0x00, 0x00, 0xfe, 0xf2, 0x00, 0x00, 0xb8, 0xf3, 0x00, 0x00, 0xb8, 0xf3,
  0x00, 0x00, 0xff, 0xf2, 0x00, 0x00, 0xff, 0xf2, 0x00, 0x00, 0x22, 0xf2,
  0x00, 0x00, 0x22, 0xf2, 0x00, 0x00, 0x2d, 0xf3, 0x00, 0x00, 0x2d, 0xf3,
  0x00, 0x00, 0x6f, 0xf3, 0x00, 0x00, 0x6f, 0xf3, 0x00, 0x00, 0xa7, 0xf2,
  0x00, 0x00, 0xa7, 0xf2, 0x00, 0x00, 0xf4, 0xf0, 0x00, 0x00, 0xf4, 0xf0,
  0x00, 0x00, 0x19, 0xf2, 0x00, 0x00, 0x19, 0xf2, 0x00, 0x00, 0x50, 0xf2,
  0x00, 0x00, 0x50, 0xf2, 0x00, 0x00, 0xb6, 0xf0, 0x00, 0x00, 0xb6, 0xf0,
  0x00, 0x00, 0xea, 0xee, 0x00, 0x00, 0xea, 0xee, 0x00, 0x00, 0x69, 0xef,
  0x00, 0x00, 0x69, 0xef, 0x00, 0x00, 0x54, 0xf3, 0x00, 0x00, 0x54, 0xf3,
  0x00, 0x00, 0x4a, 0xf3, 0x00, 0x00, 0x4a, 0xf3, 0x00, 0x00, 0xdc, 0xf0,
  0x00, 0x00, 0xdc, 0xf0, 0x00, 0x00, 0x97, 0xef, 0x00, 0x00, 0x97, 0xef,
  0x00, 0x00, 0x21, 0xf2, 0x00, 0x00, 0x21, 0xf2, 0x00, 0x00, 0x7e, 0xf4,
  0x00, 0x00, 0x7e, 0xf4, 0x00, 0x00, 0xbf, 0xf4, 0x00, 0x00, 0xbf, 0xf4,
  0x00, 0x00, 0x25, 0xf6, 0x00, 0x00, 0x25, 0xf6, 0x00, 0x00, 0xa9, 0xf6,
  0x00, 0x00, 0xa9, 0xf6, 0x00, 0x00, 0x05, 0xf7, 0x00, 0x00, 0x05, 0xf7,
  0x00, 0x00, 0xb2, 0xf7, 0x00, 0x00, 0xb2, 0xf7, 0x00, 0x00, 0xd2, 0xfa,
  0x00, 0x00, 0xd2, 0xfa, 0x00, 0x00, 0x1c, 0xfe, 0x00, 0x00, 0x1c, 0xfe,
  0x00, 0x00, 0x0c, 0xff, 0x00, 0x00, 0x0c, 0xff, 0x00, 0x00, 0x02, 0x00,
  0x00, 0x00, 0x02, 0x00, 0x00, 0x00, 0xdb, 0x01, 0x00, 0x00, 0xdb, 0x01,
  0x00, 0x00, 0x0a, 0x04, 0x00, 0x00, 0x0a, 0x04, 0x00, 0x00, 0xee, 0x05,
  0x00, 0x00, 0xee, 0x05, 0x00, 0x00, 0xdc, 0x08, 0x00, 0x00, 0xdc, 0x08,
  0x00, 0x00, 0xeb, 0x0b, 0x00, 0x00, 0xeb, 0x0b, 0x00, 0x00, 0x77, 0x0d,
  0x00, 0x00, 0x77, 0x0d, 0x00, 0x00, 0xb8, 0x0e, 0x00, 0x00, 0xb8, 0x0e,
  0x00, 0x00, 0x14, 0x11, 0x00, 0x00, 0x14, 0x11, 0x00, 0x00, 0x45, 0x13,
  0x00, 0x00, 0x45, 0x13, 0x00, 0x00, 0x67, 0x14, 0x00, 0x00, 0x67, 0x14,
  0x00, 0x00, 0x92, 0x15, 0x00, 0x00, 0x92, 0x15, 0x00, 0x00, 0x0b, 0x18,
  0x00, 0x00, 0x0b, 0x18, 0x00, 0x00, 0x9a, 0x1a, 0x00, 0x00, 0x9a, 0x1a,
  0x00, 0x00, 0xea, 0x1a, 0x00, 0x00, 0xea, 0x1a, 0x00, 0x00, 0x01, 0x1a,
  0x00, 0x00, 0x01, 0x1a, 0x00, 0x00, 0x0b, 0x1a, 0x00, 0x00, 0x0b, 0x1a,
  0x00, 0x00, 0x3e, 0x1c, 0x00, 0x00, 0x3e, 0x1c, 0x00, 0x00, 0xd7, 0x1d,
  0x00, 0x00, 0xd7, 0x1d, 0x00, 0x00, 0xed, 0x1c, 0x00, 0x00, 0xed, 0x1c,
  0x00, 0x00, 0x93, 0x1b, 0x00, 0x00, 0x93, 0x1b, 0x00, 0x00, 0xcd, 0x1a,
  0x00, 0x00, 0xcd, 0x1a, 0x00, 0x00, 0xfa, 0x19, 0x00, 0x00, 0xfa, 0x19,
  0x00, 0x00, 0x59, 0x18, 0x00, 0x00, 0x59, 0x18, 0x00, 0x00, 0xfe, 0x17,
  0x00, 0x00, 0xfe, 0x17, 0x00, 0x00, 0x86, 0x17, 0x00, 0x00, 0x86, 0x17,
  0x00, 0x00, 0x26, 0x15, 0x00, 0x00, 0x26, 0x15, 0x00, 0x00, 0x16, 0x12,
  0x00, 0x00, 0x16, 0x12, 0x00, 0x00, 0xbd, 0x0f, 0x00, 0x00, 0xbd, 0x0f,
  0x00, 0x00, 0xd0, 0x0e, 0x00, 0x00, 0xd0, 0x0e, 0x00, 0x00, 0xa1, 0x0c,
  0x00, 0x00, 0xa1, 0x0c, 0x00, 0x00, 0xd6, 0x09, 0x00, 0x00, 0xd6, 0x09,
  0x00, 0x00, 0x60, 0x07, 0x00, 0x00, 0x60, 0x07, 0x00, 0x00, 0x79, 0x06,
  0x00, 0x00, 0x79, 0x06, 0x00, 0x00, 0xc4, 0x03, 0x00, 0x00, 0xc4, 0x03,
  0x00, 0x00, 0x17, 0xff, 0x00, 0x00, 0x17, 0xff, 0x00, 0x00, 0xb6, 0xfd,
  0x00, 0x00, 0xb6, 0xfd, 0x00, 0x00, 0xc4, 0xfd, 0x00, 0x00, 0xc4, 0xfd,
  0x00, 0x00, 0x90, 0xfc, 0x00, 0x00, 0x90, 0xfc, 0x00, 0x00, 0xc4, 0xf7,
  0x00, 0x00, 0xc4, 0xf7, 0x00, 0x00, 0x4e, 0xf6, 0x00, 0x00, 0x4e, 0xf6,
  0x00, 0x00, 0xf7, 0xf6, 0x00, 0x00, 0xf7, 0xf6, 0x00, 0x00, 0xfa, 0xf4,
  0x00, 0x00, 0xfa, 0xf4, 0x00, 0x00, 0x9f, 0xf2, 0x00, 0x00, 0x9f, 0xf2,
  0x00, 0x00, 0xab, 0xf1, 0x00, 0x00, 0xab, 0xf1, 0x00, 0x00, 0xf6, 0xf3,
  0x00, 0x00, 0xf6, 0xf3, 0x00, 0x00, 0x61, 0xf1, 0x00, 0x00, 0x61, 0xf1,
  0x00, 0x00, 0x16, 0xef, 0x00, 0x00, 0x16, 0xef, 0x00, 0x00, 0xe4, 0xef,
  0x00, 0x00, 0xe4, 0xef, 0x00, 0x00, 0x9b, 0xf0, 0x00, 0x00, 0x9b, 0xf0,
  0x00, 0x00, 0xa6, 0xf0, 0x00, 0x00, 0xa6, 0xf0, 0x00, 0x00, 0xab, 0xee,
  0x00, 0x00, 0xab, 0xee, 0x00, 0x00, 0x7d, 0xf0, 0x00, 0x00, 0x7d, 0xf0,
  0x00, 0x00, 0x8f, 0xf0, 0x00, 0x00, 0x8f, 0xf0, 0x00, 0x00, 0x32, 0xf0,
  0x00, 0x00, 0x32, 0xf0, 0x00, 0x00, 0x2d, 0xf0, 0x00, 0x00, 0x2d, 0xf0,
  0x00, 0x00, 0xab, 0xf0, 0x00, 0x00, 0xab, 0xf0, 0x00, 0x00, 0x08, 0xf3,
  0x00, 0x00, 0x08, 0xf3, 0x00, 0x00, 0x94, 0xf1, 0x00, 0x00, 0x94, 0xf1,
  0x00, 0x00, 0xbf, 0xf1, 0x00, 0x00, 0xbf, 0xf1, 0x00, 0x00, 0x82, 0xf2,
  0x00, 0x00, 0x82, 0xf2, 0x00, 0x00, 0xa8, 0xf3, 0x00, 0x00, 0xa8, 0xf3,
  0x00, 0x00, 0xb4, 0xf3, 0x00, 0x00, 0xb4, 0xf3, 0x00, 0x00, 0xb1, 0xf2,
  0x00, 0x00, 0xb1, 0xf2, 0x00, 0x00, 0x45, 0xf4, 0x00, 0x00, 0x45, 0xf4,
  0x00, 0x00, 0x40, 0xf4, 0x00, 0x00, 0x40, 0xf4, 0x00, 0x00, 0x5e, 0xf4,
  0x00, 0x00, 0x5e, 0xf4, 0x00, 0x00, 0xbc, 0xf3, 0x00, 0x00, 0xbc, 0xf3,
  0x00, 0x00, 0xd3, 0xf3, 0x00, 0x00, 0xd3, 0xf3, 0x00, 0x00, 0x80, 0xf4,
  0x00, 0x00, 0x80, 0xf4, 0x00, 0x00, 0x6b, 0xf3, 0x00, 0x00, 0x6b, 0xf3,
  0x00, 0x00, 0x3b, 0xf3, 0x00, 0x00, 0x3b, 0xf3, 0x00, 0x00, 0x5a, 0xf3,
  0x00, 0x00, 0x5a, 0xf3, 0x00, 0x00, 0xe2, 0xf2, 0x00, 0x00, 0xe2, 0xf2,
  0x00, 0x00, 0x9c, 0xf0, 0x00, 0x00, 0x9c, 0xf0, 0x00, 0x00, 0xcc, 0xef,
  0x00, 0x00, 0xcc, 0xef, 0x00, 0x00, 0x23, 0xf3, 0x00, 0x00, 0x23, 0xf3,
  0x00, 0x00, 0xc8, 0xf5, 0x00, 0x00, 0xc8, 0xf5, 0x00, 0x00, 0xa5, 0xf4,
  0x00, 0x00, 0xa5, 0xf4, 0x00, 0x00, 0x3a, 0xf1, 0x00, 0x00, 0x3a, 0xf1,
  0x00, 0x00, 0xcc, 0xf0, 0x00, 0x00, 0xcc, 0xf0, 0x00, 0x00, 0x05, 0xf5,
  0x00, 0x00, 0x05, 0xf5, 0x00, 0x00, 0xa1, 0xf8, 0x00, 0x00, 0xa1, 0xf8,
  0x00, 0x00, 0x9e, 0xf9, 0x00, 0x00, 0x9e, 0xf9, 0x00, 0x00, 0x8a, 0xf8,
  0x00, 0x00, 0x8a, 0xf8, 0x00, 0x00, 0xd8, 0xf8, 0x00, 0x00, 0xd8, 0xf8,
  0x00, 0x00, 0x89, 0xfa, 0x00, 0x00, 0x89, 0xfa, 0x00, 0x00, 0x07, 0xfd,
  0x00, 0x00, 0x07, 0xfd, 0x00, 0x00, 0x30, 0x01, 0x00, 0x00, 0x30, 0x01,
  0x00, 0x00, 0x84, 0x04, 0x00, 0x00, 0x84, 0x04, 0x00, 0x00, 0x3d, 0x06,
  0x00, 0x00, 0x3d, 0x06, 0x00, 0x00, 0x0b, 0x05, 0x00, 0x00, 0x0b, 0x05,
  0x00, 0x00, 0x79, 0x06, 0x00, 0x00, 0x79, 0x06, 0x00, 0x00, 0xa9, 0x0b,
  0x00, 0x00, 0xa9, 0x0b, 0x00, 0x00, 0x93, 0x10, 0x00, 0x00, 0x93, 0x10,
  0x00, 0x00, 0x27, 0x12, 0x00, 0x00, 0x27, 0x12, 0x00, 0x00, 0x85, 0x12,
  0x00, 0x00, 0x85, 0x12, 0x00, 0x00, 0xde, 0x15, 0x00, 0x00, 0xde, 0x15,
  0x00, 0x00, 0xa1, 0x17, 0x00, 0x00, 0xa1, 0x17, 0x00, 0x00, 0x6f, 0x18,
  0x00, 0x00, 0x6f, 0x18, 0x00, 0x00, 0x3b, 0x19, 0x00, 0x00, 0x3b, 0x19,
  0x00, 0x00, 0x0d, 0x1d, 0x00, 0x00, 0x0d, 0x1d, 0x00, 0x00, 0x1e, 0x20,
  0x00, 0x00, 0x1e, 0x20, 0x00, 0x00, 0x25, 0x1f, 0x00, 0x00, 0x25, 0x1f,
  0x00, 0x00, 0x5b, 0x1d, 0x00, 0x00, 0x5b, 0x1d, 0x00, 0x00, 0xb5, 0x1c,
  0x00, 0x00, 0xb5, 0x1c, 0x00, 0x00, 0x8c, 0x1f, 0x00, 0x00, 0x8c, 0x1f,
  0x00, 0x00, 0x60, 0x1f, 0x00, 0x00, 0x60, 0x1f, 0x00, 0x00, 0xd9, 0x1e,
  0x00, 0x00, 0xd9, 0x1e, 0x00, 0x00, 0x87, 0x1d, 0x00, 0x00, 0x87, 0x1d,
  0x00, 0x00, 0x48, 0x1b, 0x00, 0x00, 0x48, 0x1b, 0x00, 0x00, 0xa4, 0x18,
  0x00, 0x00, 0xa4, 0x18, 0x00, 0x00, 0xfe, 0x15, 0x00, 0x00, 0xfe, 0x15,
  0x00, 0x00, 0xea, 0x16, 0x00, 0x00, 0xea, 0x16, 0x00, 0x00, 0xd7, 0x14,
  0x00, 0x00, 0xd7, 0x14, 0x00, 0x00, 0x37, 0x12, 0x00, 0x00, 0x37, 0x12,
  0x00, 0x00, 0x0a, 0x0e, 0x00, 0x00, 0x0a, 0x0e, 0x00, 0x00, 0x7d, 0x0b,
  0x00, 0x00, 0x7d, 0x0b, 0x00, 0x00, 0x22, 0x0a, 0x00, 0x00, 0x22, 0x0a,
  0x00, 0x00, 0xd1, 0x06, 0x00, 0x00, 0xd1, 0x06, 0x00, 0x00, 0x65, 0x05,
  0x00, 0x00, 0x65, 0x05, 0x00, 0x00, 0xa8, 0x02, 0x00, 0x00, 0xa8, 0x02,
  0x00, 0x00, 0xa0, 0x00, 0x00, 0x00, 0xa0, 0x00, 0x00, 0x00, 0xc0, 0xfc,
  0x00, 0x00, 0xc0, 0xfc, 0x00, 0x00, 0x30, 0xfa, 0x00, 0x00, 0x30, 0xfa,
  0x00, 0x00, 0x71, 0xf9, 0x00, 0x00, 0x71, 0xf9, 0x00, 0x00, 0x66, 0xf7,
  0x00, 0x00, 0x66, 0xf7, 0x00, 0x00, 0x66, 0xf6, 0x00, 0x00, 0x66, 0xf6,
  0x00, 0x00, 0x27, 0xf4, 0x00, 0x00, 0x27, 0xf4, 0x00, 0x00, 0xc5, 0xf2,
  0x00, 0x00, 0xc5, 0xf2, 0x00, 0x00, 0x40, 0xf1, 0x00, 0x00, 0x40, 0xf1,
  0x00, 0x00, 0x8b, 0xf0, 0x00, 0x00, 0x8b, 0xf0, 0x00, 0x00, 0x66, 0xf0,
  0x00, 0x00, 0x66, 0xf0, 0x00, 0x00, 0xa5, 0xef, 0x00, 0x00, 0xa5, 0xef,
  0x00, 0x00, 0xc4, 0xef, 0x00, 0x00, 0xc4, 0xef, 0x00, 0x00, 0x49, 0xef,
  0x00, 0x00, 0x49, 0xef, 0x00, 0x00, 0xf4, 0xee, 0x00, 0x00, 0xf4, 0xee,
  0x00, 0x00, 0xae, 0xee, 0x00, 0x00, 0xae, 0xee, 0x00, 0x00, 0x6a, 0xef,
  0x00, 0x00, 0x6a, 0xef, 0x00, 0x00, 0xc8, 0xef, 0x00, 0x00, 0xc8, 0xef,
  0x00, 0x00, 0x44, 0xf0, 0x00, 0x00, 0x44, 0xf0, 0x00, 0x00, 0xbf, 0xf0,
  0x00, 0x00, 0xbf, 0xf0, 0x00, 0x00, 0x0e, 0xf1, 0x00, 0x00, 0x0e, 0xf1,
  0x00, 0x00, 0x2c, 0xf1, 0x00, 0x00, 0x2c, 0xf1, 0x00, 0x00, 0x4f, 0xf1,
  0x00, 0x00, 0x4f, 0xf1, 0x00, 0x00, 0x4a, 0xf3, 0x00, 0x00, 0x4a, 0xf3,
  0x00, 0x00, 0x71, 0xf3, 0x00, 0x00, 0x71, 0xf3, 0x00, 0x00, 0x88, 0xf3,
  0x00, 0x00, 0x88, 0xf3, 0x00, 0x00, 0x77, 0xf3, 0x00, 0x00, 0x77, 0xf3,
  0x00, 0x00, 0x75, 0xf4, 0x00, 0x00, 0x75, 0xf4, 0x00, 0x00, 0x3e, 0xf5,
  0x00, 0x00, 0x3e, 0xf5, 0x00, 0x00, 0x84, 0xf4, 0x00, 0x00, 0x84, 0xf4,
  0x00, 0x00, 0x16, 0xf5, 0x00, 0x00, 0x16, 0xf5, 0x00, 0x00, 0xd3, 0xf4,
  0x00, 0x00, 0xd3, 0xf4, 0x00, 0x00, 0xc7, 0xf5, 0x00, 0x00, 0xc7, 0xf5,
  0x00, 0x00, 0x6d, 0xf5, 0x00, 0x00, 0x6d, 0xf5, 0x00, 0x00, 0x52, 0xf4,
  0x00, 0x00, 0x52, 0xf4, 0x00, 0x00, 0x4a, 0xf4, 0x00, 0x00, 0x4a, 0xf4,
  0x00, 0x00, 0x46, 0xf4, 0x00, 0x00, 0x46, 0xf4, 0x00, 0x00, 0x8c, 0xf4,
  0x00, 0x00, 0x8c, 0xf4, 0x00, 0x00, 0x12, 0xf3, 0x00, 0x00, 0x12, 0xf3,
  0x00, 0x00, 0x0b, 0xf2, 0x00, 0x00, 0x0b, 0xf2, 0x00, 0x00, 0xd2, 0xf0,
  0x00, 0x00, 0xd2, 0xf0, 0x00, 0x00, 0x83, 0xf0, 0x00, 0x00, 0x83, 0xf0,
  0x00, 0x00, 0x51, 0xf4, 0x00, 0x00, 0x51, 0xf4, 0x00, 0x00, 0x0a, 0xf7,
  0x00, 0x00, 0x0a, 0xf7, 0x00, 0x00, 0xd9, 0xf4, 0x00, 0x00, 0xd9, 0xf4,
  0x00, 0x00, 0xb3, 0xf0, 0x00, 0x00, 0xb3, 0xf0, 0x00, 0x00, 0x18, 0xf2,
  0x00, 0x00, 0x18, 0xf2, 0x00, 0x00, 0x14, 0xf8, 0x00, 0x00, 0x14, 0xf8,
  0x00, 0x00, 0x1e, 0xfb, 0x00, 0x00, 0x1e, 0xfb, 0x00, 0x00, 0x26, 0xfc,
  0x00, 0x00, 0x26, 0xfc, 0x00, 0x00, 0xe5, 0xfb, 0x00, 0x00, 0xe5, 0xfb,
  0x00, 0x00, 0xbe, 0xfb, 0x00, 0x00, 0xbe, 0xfb, 0x00, 0x00, 0xbe, 0xfc,
  0x00, 0x00, 0xbe, 0xfc, 0x00, 0x00, 0x64, 0x01, 0x00, 0x00, 0x64, 0x01,
  0x00, 0x00, 0xd5, 0x08, 0x00, 0x00, 0xd5, 0x08, 0x00, 0x00, 0xce, 0x0a,
  0x00, 0x00, 0xce, 0x0a, 0x00, 0x00, 0x0e, 0x09, 0x00, 0x00, 0x0e, 0x09,
  0x00, 0x00, 0x23, 0x09, 0x00, 0x00, 0x23, 0x09, 0x00, 0x00, 0x02, 0x0e,
  0x00, 0x00, 0x02, 0x0e, 0x00, 0x00, 0x98, 0x12, 0x00, 0x00, 0x98, 0x12,
  0x00, 0x00, 0xa9, 0x14, 0x00, 0x00, 0xa9, 0x14, 0x00, 0x00, 0x6c, 0x18,
  0x00, 0x00, 0x6c, 0x18, 0x00, 0x00, 0x21, 0x1a, 0x00, 0x00, 0x21, 0x1a,
  0x00, 0x00, 0x6c, 0x19, 0x00, 0x00, 0x6c, 0x19, 0x00, 0x00, 0x5a, 0x19,
  0x00, 0x00, 0x5a, 0x19, 0x00, 0x00, 0xe8, 0x1c, 0x00, 0x00, 0xe8, 0x1c,
  0x00, 0x00, 0x04, 0x20, 0x00, 0x00, 0x04, 0x20, 0x00, 0x00, 0xc3, 0x1f,
  0x00, 0x00, 0xc3, 0x1f, 0x00, 0x00, 0xd8, 0x20, 0x00, 0x00, 0xd8, 0x20,
  0x00, 0x00, 0xb9, 0x20, 0x00, 0x00, 0xb9, 0x20, 0x00, 0x00, 0x02, 0x1f,
  0x00, 0x00, 0x02, 0x1f, 0x00, 0x00, 0xbf, 0x1c, 0x00, 0x00, 0xbf, 0x1c,
  0x00, 0x00, 0x99, 0x1d, 0x00, 0x00, 0x99, 0x1d, 0x00, 0x00, 0xbd, 0x1f,
  0x00, 0x00, 0xbd, 0x1f, 0x00, 0x00, 0x37, 0x1d, 0x00, 0x00, 0x37, 0x1d,
  0x00, 0x00, 0xba, 0x19, 0x00, 0x00, 0xba, 0x19, 0x00, 0x00, 0x7f, 0x16,
  0x00, 0x00, 0x7f, 0x16, 0x00, 0x00, 0x4c, 0x15, 0x00, 0x00, 0x4c, 0x15,
  0x00, 0x00, 0xe5, 0x12, 0x00, 0x00, 0xe5, 0x12, 0x00, 0x00, 0x74, 0x10,
  0x00, 0x00, 0x74, 0x10, 0x00, 0x00, 0xa4, 0x0f, 0x00, 0x00, 0xa4, 0x0f,
  0x00, 0x00, 0x1a, 0x0c, 0x00, 0x00, 0x1a, 0x0c, 0x00, 0x00, 0x75, 0x08,
  0x00, 0x00, 0x75, 0x08, 0x00, 0x00, 0xe4, 0x04, 0x00, 0x00, 0xe4, 0x04,
  0x00, 0x00, 0x55, 0x03, 0x00, 0x00, 0x55, 0x03, 0x00, 0x00, 0x13, 0x01,
  0x00, 0x00, 0x13, 0x01, 0x00, 0x00, 0x70, 0xfe, 0x00, 0x00, 0x70, 0xfe,
  0x00, 0x00, 0x19, 0xfd, 0x00, 0x00, 0x19, 0xfd, 0x00, 0x00, 0xbd, 0xf9,
  0x00, 0x00, 0xbd, 0xf9, 0x00, 0x00, 0x7a, 0xf7, 0x00, 0x00, 0x7a, 0xf7,
  0x00, 0x00, 0x9d, 0xf5, 0x00, 0x00, 0x9d, 0xf5, 0x00, 0x00, 0x90, 0xf4,
  0x00, 0x00, 0x90, 0xf4, 0x00, 0x00, 0xf7, 0xf2, 0x00, 0x00, 0xf7, 0xf2,
  0x00, 0x00, 0x94, 0xf1, 0x00, 0x00, 0x94, 0xf1, 0x00, 0x00, 0xcd, 0xf1,
  0x00, 0x00, 0xcd, 0xf1, 0x00, 0x00, 0x10, 0xf0, 0x00, 0x00, 0x10, 0xf0,
  0x00, 0x00, 0xd9, 0xee, 0x00, 0x00, 0xd9, 0xee, 0x00, 0x00, 0x90, 0xee,
  0x00, 0x00, 0x90, 0xee, 0x00, 0x00, 0x55, 0xef, 0x00, 0x00, 0x55, 0xef,
  0x00, 0x00, 0x39, 0xef, 0x00, 0x00, 0x39, 0xef, 0x00, 0x00, 0x6a, 0xee,
  0x00, 0x00, 0x6a, 0xee, 0x00, 0x00, 0x66, 0xef, 0x00, 0x00, 0x66, 0xef,
  0x00, 0x00, 0xd3, 0xef, 0x00, 0x00, 0xd3, 0xef, 0x00, 0x00, 0xbd, 0xef,
  0x00, 0x00, 0xbd, 0xef, 0x00, 0x00, 0xbb, 0xef, 0x00, 0x00, 0xbb, 0xef,
  0x00, 0x00, 0xfc, 0xf0, 0x00, 0x00, 0xfc, 0xf0, 0x00, 0x00, 0xf0, 0xf1,
  0x00, 0x00, 0xf0, 0xf1, 0x00, 0x00, 0xce, 0xf1, 0x00, 0x00, 0xce, 0xf1,
  0x00, 0x00, 0x70, 0xf2, 0x00, 0x00, 0x70, 0xf2, 0x00, 0x00, 0x58, 0xf3,
  0x00, 0x00, 0x58, 0xf3, 0x00, 0x00, 0xd1, 0xf3, 0x00, 0x00, 0xd1, 0xf3,
  0x00, 0x00, 0xb8, 0xf3, 0x00, 0x00, 0xb8, 0xf3, 0x00, 0x00, 0x55, 0xf4,
  0x00, 0x00, 0x55, 0xf4, 0x00, 0x00, 0x8c, 0xf5, 0x00, 0x00, 0x8c, 0xf5,
  0x00, 0x00, 0xde, 0xf5, 0x00, 0x00, 0xde, 0xf5, 0x00, 0x00, 0x59, 0xf5,
  0x00, 0x00, 0x59, 0xf5, 0x00, 0x00, 0x5b, 0xf5, 0x00, 0x00, 0x5b, 0xf5,
  0x00, 0x00, 0x54, 0xf6, 0x00, 0x00, 0x54, 0xf6, 0x00, 0x00, 0xb3, 0xf6,
  0x00, 0x00, 0xb3, 0xf6, 0x00, 0x00, 0x87, 0xf5, 0x00, 0x00, 0x87, 0xf5,
  0x00, 0x00, 0xa4, 0xf5, 0x00, 0x00, 0xa4, 0xf5, 0x00, 0x00, 0x96, 0xf6,
  0x00, 0x00, 0x96, 0xf6, 0x00, 0x00, 0x06, 0xf6, 0x00, 0x00, 0x06, 0xf6,
  0x00, 0x00, 0xa9, 0xf4, 0x00, 0x00, 0xa9, 0xf4, 0x00, 0x00, 0x5c, 0xf4,
  0x00, 0x00, 0x5c, 0xf4, 0x00, 0x00, 0x64, 0xf5, 0x00, 0x00, 0x64, 0xf5,
  0x00, 0x00, 0x27, 0xf4, 0x00, 0x00, 0x27, 0xf4, 0x00, 0x00, 0x9b, 0xf2,
  0x00, 0x00, 0x9b, 0xf2, 0x00, 0x00, 0x51, 0xf1, 0x00, 0x00, 0x51, 0xf1,
  0x00, 0x00, 0x76, 0xf2, 0x00, 0x00, 0x76, 0xf2, 0x00, 0x00, 0xd1, 0xf6,
  0x00, 0x00, 0xd1, 0xf6, 0x00, 0x00, 0xe6, 0xf8, 0x00, 0x00, 0xe6, 0xf8,
  0x00, 0x00, 0x06, 0xf7, 0x00, 0x00, 0x06, 0xf7, 0x00, 0x00, 0xe1, 0xf2,
  0x00, 0x00, 0xe1, 0xf2, 0x00, 0x00, 0x59, 0xf5, 0x00, 0x00, 0x59, 0xf5,
  0x00, 0x00, 0x0a, 0xfb, 0x00, 0x00, 0x0a, 0xfb, 0x00, 0x00, 0x92, 0xff,
  0x00, 0x00, 0x92, 0xff, 0x00, 0x00, 0xa7, 0x01, 0x00, 0x00, 0xa7, 0x01,
  0x00, 0x00, 0x64, 0x00, 0x00, 0x00, 0x64, 0x00, 0x00, 0x00, 0xbb, 0xff,
  0x00, 0x00, 0xbb, 0xff, 0x00, 0x00, 0x8d, 0x00, 0x00, 0x00, 0x8d, 0x00,
  0x00, 0x00, 0xba, 0x07, 0x00, 0x00, 0xba, 0x07, 0x00, 0x00, 0x26, 0x0e,
  0x00, 0x00, 0x26, 0x0e, 0x00, 0x00, 0x40, 0x10, 0x00, 0x00, 0x40, 0x10,
  0x00, 0x00, 0xd9, 0x0e, 0x00, 0x00, 0xd9, 0x0e, 0x00, 0x00, 0xeb, 0x0d,
  0x00, 0x00, 0xeb, 0x0d, 0x00, 0x00, 0xa5, 0x11, 0x00, 0x00, 0xa5, 0x11,
  0x00, 0x00, 0x66, 0x16, 0x00, 0x00, 0x66, 0x16, 0x00, 0x00, 0xd5, 0x1b,
  0x00, 0x00, 0xd5, 0x1b, 0x00, 0x00, 0xb2, 0x1c, 0x00, 0x00, 0xb2, 0x1c,
  0x00, 0x00, 0xb1, 0x1b, 0x00, 0x00, 0xb1, 0x1b, 0x00, 0x00, 0x04, 0x1b,
  0x00, 0x00, 0x04, 0x1b, 0x00, 0x00, 0xc5, 0x1c, 0x00, 0x00, 0xc5, 0x1c,
  0x00, 0x00, 0x82, 0x1f, 0x00, 0x00, 0x82, 0x1f, 0x00, 0x00, 0x47, 0x20,
  0x00, 0x00, 0x47, 0x20, 0x00, 0x00, 0x36, 0x21, 0x00, 0x00, 0x36, 0x21,
  0x00, 0x00, 0xdf, 0x1f, 0x00, 0x00, 0xdf, 0x1f, 0x00, 0x00, 0xdf, 0x1d,
  0x00, 0x00, 0xdf, 0x1d, 0x00, 0x00, 0x78, 0x1b, 0x00, 0x00, 0x78, 0x1b,
  0x00, 0x00, 0xdf, 0x1b, 0x00, 0x00, 0xdf, 0x1b, 0x00, 0x00, 0x71, 0x1c,
  0x00, 0x00, 0x71, 0x1c, 0x00, 0x00, 0x3d, 0x1a, 0x00, 0x00, 0x3d, 0x1a,
  0x00, 0x00, 0x22, 0x17, 0x00, 0x00, 0x22, 0x17, 0x00, 0x00, 0xcd, 0x13,
  0x00, 0x00, 0xcd, 0x13, 0x00, 0x00, 0xd6, 0x11, 0x00, 0x00, 0xd6, 0x11,
  0x00, 0x00, 0xa8, 0x0e, 0x00, 0x00, 0xa8, 0x0e, 0x00, 0x00, 0xa0, 0x0c,
  0x00, 0x00, 0xa0, 0x0c, 0x00, 0x00, 0x2a, 0x0b, 0x00, 0x00, 0x2a, 0x0b,
  0x00, 0x00, 0x7e, 0x08, 0x00, 0x00, 0x7e, 0x08, 0x00, 0x00, 0x26, 0x04,
  0x00, 0x00, 0x26, 0x04, 0x00, 0x00, 0x99, 0xff, 0x00, 0x00, 0x99, 0xff,
  0x00, 0x00, 0x61, 0xfe, 0x00, 0x00, 0x61, 0xfe, 0x00, 0x00, 0x30, 0xfd,
  0x00, 0x00, 0x30, 0xfd, 0x00, 0x00, 0xd8, 0xfa, 0x00, 0x00, 0xd8, 0xfa,
  0x00, 0x00, 0xd0, 0xf7, 0x00, 0x00, 0xd0, 0xf7, 0x00, 0x00, 0x8e, 0xf5,
  0x00, 0x00, 0x8e, 0xf5, 0x00, 0x00, 0x75, 0xf3, 0x00, 0x00, 0x75, 0xf3,
  0x00, 0x00, 0x0d, 0xf1, 0x00, 0x00, 0x0d, 0xf1, 0x00, 0x00, 0xbb, 0xf0,
  0x00, 0x00, 0xbb, 0xf0, 0x00, 0x00, 0xa0, 0xf0, 0x00, 0x00, 0xa0, 0xf0,
  0x00, 0x00, 0x67, 0xef, 0x00, 0x00, 0x67, 0xef, 0x00, 0x00, 0x85, 0xed,
  0x00, 0x00, 0x85, 0xed, 0x00, 0x00, 0xfc, 0xec, 0x00, 0x00, 0xfc, 0xec,
  0x00, 0x00, 0xfb, 0xec, 0x00, 0x00, 0xfb, 0xec, 0x00, 0x00, 0xed, 0xec,
  0x00, 0x00, 0xed, 0xec, 0x00, 0x00, 0xae, 0xed, 0x00, 0x00, 0xae, 0xed,
  0x00, 0x00, 0x56, 0xee, 0x00, 0x00, 0x56, 0xee, 0x00, 0x00, 0x46, 0xee,
  0x00, 0x00, 0x46, 0xee, 0x00, 0x00, 0xe2, 0xed, 0x00, 0x00, 0xe2, 0xed,
  0x00, 0x00, 0x0d, 0xef, 0x00, 0x00, 0x0d, 0xef, 0x00, 0x00, 0x21, 0xf0,
  0x00, 0x00, 0x21, 0xf0, 0x00, 0x00, 0xf2, 0xf0, 0x00, 0x00, 0xf2, 0xf0,
  0x00, 0x00, 0x97, 0xf1, 0x00, 0x00, 0x97, 0xf1, 0x00, 0x00, 0x9a, 0xf2,
  0x00, 0x00, 0x9a, 0xf2, 0x00, 0x00, 0x6e, 0xf3, 0x00, 0x00, 0x6e, 0xf3,
  0x00, 0x00, 0x46, 0xf3, 0x00, 0x00, 0x46, 0xf3, 0x00, 0x00, 0x23, 0xf4,
  0x00, 0x00, 0x23, 0xf4, 0x00, 0x00, 0x5b, 0xf5, 0x00, 0x00, 0x5b, 0xf5,
  0x00, 0x00, 0x5f, 0xf6, 0x00, 0x00, 0x5f, 0xf6, 0x00, 0x00, 0xf6, 0xf5,
  0x00, 0x00, 0xf6, 0xf5, 0x00, 0x00, 0x30, 0xf6, 0x00, 0x00, 0x30, 0xf6,
  0x00, 0x00, 0x2c, 0xf7, 0x00, 0x00, 0x2c, 0xf7, 0x00, 0x00, 0x3c, 0xf7,
  0x00, 0x00, 0x3c, 0xf7, 0x00, 0x00, 0x30, 0xf7, 0x00, 0x00, 0x30, 0xf7,
  0x00, 0x00, 0x50, 0xf7, 0x00, 0x00, 0x50, 0xf7, 0x00, 0x00, 0x00, 0xf8,
  0x00, 0x00, 0x00, 0xf8, 0x00, 0x00, 0xcb, 0xf7, 0x00, 0x00, 0xcb, 0xf7,
  0x00, 0x00, 0x77, 0xf7, 0x00, 0x00, 0x77, 0xf7, 0x00, 0x00, 0x2a, 0xf7,
  0x00, 0x00, 0x2a, 0xf7, 0x00, 0x00, 0x35, 0xf7, 0x00, 0x00, 0x35, 0xf7,
  0x00, 0x00, 0x9f, 0xf7, 0x00, 0x00, 0x9f, 0xf7, 0x00, 0x00, 0x07, 0xf7,
  0x00, 0x00, 0x07, 0xf7, 0x00, 0x00, 0x45, 0xf6, 0x00, 0x00, 0x45, 0xf6,
  0x00, 0x00, 0x06, 0xf6, 0x00, 0x00, 0x06, 0xf6, 0x00, 0x00, 0x5f, 0xf6,
  0x00, 0x00, 0x5f, 0xf6, 0x00, 0x00, 0x76, 0xf5, 0x00, 0x00, 0x76, 0xf5,
  0x00, 0x00, 0x32, 0xf4, 0x00, 0x00, 0x32, 0xf4, 0x00, 0x00, 0x2a, 0xf3,
  0x00, 0x00, 0x2a, 0xf3, 0x00, 0x00, 0x59, 0xf3, 0x00, 0x00, 0x59, 0xf3,
  0x00, 0x00, 0xde, 0xf6, 0x00, 0x00, 0xde, 0xf6, 0x00, 0x00, 0x52, 0xfb,
  0x00, 0x00, 0x52, 0xfb, 0x00, 0x00, 0x21, 0xfc, 0x00, 0x00, 0x21, 0xfc,
  0x00, 0x00, 0x2f, 0xf8, 0x00, 0x00, 0x2f, 0xf8, 0x00, 0x00, 0x20, 0xf7,
  0x00, 0x00, 0x20, 0xf7, 0x00, 0x00, 0xef, 0xfb, 0x00, 0x00, 0xef, 0xfb,
  0x00, 0x00, 0x47, 0x03, 0x00, 0x00, 0x47, 0x03, 0x00, 0x00, 0x6c, 0x08,
  0x00, 0x00, 0x6c, 0x08, 0x00, 0x00, 0xe5, 0x08, 0x00, 0x00, 0xe5, 0x08,
  0x00, 0x00, 0x1b, 0x07, 0x00, 0x00, 0x1b, 0x07, 0x00, 0x00, 0xc8, 0x06,
  0x00, 0x00, 0xc8, 0x06, 0x00, 0x00, 0x5b, 0x0b, 0x00, 0x00, 0x5b, 0x0b,
  0x00, 0x00, 0x42, 0x12, 0x00, 0x00, 0x42, 0x12, 0x00, 0x00, 0xf5, 0x17,
  0x00, 0x00, 0xf5, 0x17, 0x00, 0x00, 0xf3, 0x19, 0x00, 0x00, 0xf3, 0x19,
  0x00, 0x00, 0x91, 0x17, 0x00, 0x00, 0x91, 0x17, 0x00, 0x00, 0x79, 0x15,
  0x00, 0x00, 0x79, 0x15, 0x00, 0x00, 0x25, 0x18, 0x00, 0x00, 0x25, 0x18,
  0x00, 0x00, 0x2d, 0x1e, 0x00, 0x00, 0x2d, 0x1e, 0x00, 0x00, 0xb4, 0x21,
  0x00, 0x00, 0xb4, 0x21, 0x00, 0x00, 0xf2, 0x20, 0x00, 0x00, 0xf2, 0x20,
  0x00, 0x00, 0x08, 0x1f, 0x00, 0x00, 0x08, 0x1f, 0x00, 0x00, 0xe0, 0x1c,
  0x00, 0x00, 0xe0, 0x1c, 0x00, 0x00, 0xbd, 0x1b, 0x00, 0x00, 0xbd, 0x1b,
  0x00, 0x00, 0x13, 0x1c, 0x00, 0x00, 0x13, 0x1c, 0x00, 0x00, 0xdc, 0x1c,
  0x00, 0x00, 0xdc, 0x1c, 0x00, 0x00, 0x48, 0x1c, 0x00, 0x00, 0x48, 0x1c,
  0x00, 0x00, 0x00, 0x19, 0x00, 0x00, 0x00, 0x19, 0x00, 0x00, 0x37, 0x15,
  0x00, 0x00, 0x37, 0x15, 0x00, 0x00, 0x4a, 0x11, 0x00, 0x00, 0x4a, 0x11,
  0x00, 0x00, 0x99, 0x0e, 0x00, 0x00, 0x99, 0x0e, 0x00, 0x00, 0x13, 0x0d,
  0x00, 0x00, 0x13, 0x0d, 0x00, 0x00, 0xda, 0x0b, 0x00, 0x00, 0xda, 0x0b,
  0x00, 0x00, 0x1f, 0x09, 0x00, 0x00, 0x1f, 0x09, 0x00, 0x00, 0x29, 0x04,
  0x00, 0x00, 0x29, 0x04, 0x00, 0x00, 0x42, 0x00, 0x00, 0x00, 0x42, 0x00,
  0x00, 0x00, 0x68, 0xfd, 0x00, 0x00, 0x68, 0xfd, 0x00, 0x00, 0x1a, 0xfb,
  0x00, 0x00, 0x1a, 0xfb, 0x00, 0x00, 0x48, 0xf9, 0x00, 0x00, 0x48, 0xf9,
  0x00, 0x00, 0x9a, 0xf8, 0x00, 0x00, 0x9a, 0xf8, 0x00, 0x00, 0xcc, 0xf6,
  0x00, 0x00, 0xcc, 0xf6, 0x00, 0x00, 0x41, 0xf3, 0x00, 0x00, 0x41, 0xf3,
  0x00, 0x00, 0xdd, 0xf0, 0x00, 0x00, 0xdd, 0xf0, 0x00, 0x00, 0x6b, 0xf0,
  0x00, 0x00, 0x6b, 0xf0, 0x00, 0x00, 0x67, 0xf0, 0x00, 0x00, 0x67, 0xf0,
  0x00, 0x00, 0x42, 0xf0, 0x00, 0x00, 0x42, 0xf0, 0x00, 0x00, 0x4a, 0xf0,
  0x00, 0x00, 0x4a, 0xf0, 0x00, 0x00, 0x26, 0xef, 0x00, 0x00, 0x26, 0xef,
  0x00, 0x00, 0x72, 0xee, 0x00, 0x00, 0x72, 0xee, 0x00, 0x00, 0xb8, 0xee,
  0x00, 0x00, 0xb8, 0xee, 0x00, 0x00, 0x9f, 0xef, 0x00, 0x00, 0x9f, 0xef,
  0x00, 0x00, 0x07, 0xf0, 0x00, 0x00, 0x07, 0xf0, 0x00, 0x00, 0xfa, 0xf0,
  0x00, 0x00, 0xfa, 0xf0, 0x00, 0x00, 0x2c, 0xf2, 0x00, 0x00, 0x2c, 0xf2,
  0x00, 0x00, 0xb9, 0xf1, 0x00, 0x00, 0xb9, 0xf1, 0x00, 0x00, 0xd2, 0xf1,
  0x00, 0x00, 0xd2, 0xf1, 0x00, 0x00, 0xe3, 0xf2, 0x00, 0x00, 0xe3, 0xf2,
  0x00, 0x00, 0x75, 0xf4, 0x00, 0x00, 0x75, 0xf4, 0x00, 0x00, 0x79, 0xf4,
  0x00, 0x00, 0x79, 0xf4, 0x00, 0x00, 0xe8, 0xf4, 0x00, 0x00, 0xe8, 0xf4,
  0x00, 0x00, 0xd8, 0xf5, 0x00, 0x00, 0xd8, 0xf5, 0x00, 0x00, 0xac, 0xf5,
  0x00, 0x00, 0xac, 0xf5, 0x00, 0x00, 0x7b, 0xf5, 0x00, 0x00, 0x7b, 0xf5,
  0x00, 0x00, 0xc4, 0xf5, 0x00, 0x00, 0xc4, 0xf5, 0x00, 0x00, 0xdc, 0xf6,
  0x00, 0x00, 0xdc, 0xf6, 0x00, 0x00, 0xa0, 0xf6, 0x00, 0x00, 0xa0, 0xf6,
  0x00, 0x00, 0x5d, 0xf6, 0x00, 0x00, 0x5d, 0xf6, 0x00, 0x00, 0x74, 0xf6,
  0x00, 0x00, 0x74, 0xf6, 0x00, 0x00, 0x96, 0xf6, 0x00, 0x00, 0x96, 0xf6,
  0x00, 0x00, 0x3f, 0xf6, 0x00, 0x00, 0x3f, 0xf6, 0x00, 0x00, 0xb1, 0xf5,
  0x00, 0x00, 0xb1, 0xf5, 0x00, 0x00, 0x35, 0xf6, 0x00, 0x00, 0x35, 0xf6,
  0x00, 0x00, 0x80, 0xf6, 0x00, 0x00, 0x80, 0xf6, 0x00, 0x00, 0xea, 0xf5,
  0x00, 0x00, 0xea, 0xf5, 0x00, 0x00, 0xe9, 0xf4, 0x00, 0x00, 0xe9, 0xf4,
  0x00, 0x00, 0x4b, 0xf5, 0x00, 0x00, 0x4b, 0xf5, 0x00, 0x00, 0xd2, 0xf5,
  0x00, 0x00, 0xd2, 0xf5, 0x00, 0x00, 0x0d, 0xf5, 0x00, 0x00, 0x0d, 0xf5,
  0x00, 0x00, 0x23, 0xf4, 0x00, 0x00, 0x23, 0xf4, 0x00, 0x00, 0x64, 0xf4,
  0x00, 0x00, 0x64, 0xf4, 0x00, 0x00, 0xff, 0xf4, 0x00, 0x00, 0xff, 0xf4,
  0x00, 0x00, 0xc3, 0xf3, 0x00, 0x00, 0xc3, 0xf3, 0x00, 0x00, 0xca, 0xf1,
  0x00, 0x00, 0xca, 0xf1, 0x00, 0x00, 0x6a, 0xf1, 0x00, 0x00, 0x6a, 0xf1,
  0x00, 0x00, 0xf1, 0xf4, 0x00, 0x00, 0xf1, 0xf4, 0x00, 0x00, 0xaa, 0xfa,
  0x00, 0x00, 0xaa, 0xfa, 0x00, 0x00, 0x4d, 0xfd, 0x00, 0x00, 0x4d, 0xfd,
  0x00, 0x00, 0x59, 0xfb, 0x00, 0x00, 0x59, 0xfb, 0x00, 0x00, 0x0d, 0xf9,
  0x00, 0x00, 0x0d, 0xf9, 0x00, 0x00, 0xba, 0xfb, 0x00, 0x00, 0xba, 0xfb,
  0x00, 0x00, 0x4e, 0x02, 0x00, 0x00, 0x4e, 0x02, 0x00, 0x00, 0x6a, 0x09,
  0x00, 0x00, 0x6a, 0x09, 0x00, 0x00, 0xf2, 0x0d, 0x00, 0x00, 0xf2, 0x0d,
  0x00, 0x00, 0xe7, 0x0d, 0x00, 0x00, 0xe7, 0x0d, 0x00, 0x00, 0xc6, 0x0b,
  0x00, 0x00, 0xc6, 0x0b, 0x00, 0x00, 0xa8, 0x0c, 0x00, 0x00, 0xa8, 0x0c,
  0x00, 0x00, 0x35, 0x13, 0x00, 0x00, 0x35, 0x13, 0x00, 0x00, 0x9e, 0x1a,
  0x00, 0x00, 0x9e, 0x1a, 0x00, 0x00, 0x20, 0x1e, 0x00, 0x00, 0x20, 0x1e,
  0x00, 0x00, 0x64, 0x1d, 0x00, 0x00, 0x64, 0x1d, 0x00, 0x00, 0xc3, 0x1a,
  0x00, 0x00, 0xc3, 0x1a, 0x00, 0x00, 0x25, 0x1a, 0x00, 0x00, 0x25, 0x1a,
  0x00, 0x00, 0x79, 0x1c, 0x00, 0x00, 0x79, 0x1c, 0x00, 0x00, 0x46, 0x20,
  0x00, 0x00, 0x46, 0x20, 0x00, 0x00, 0x24, 0x22, 0x00, 0x00, 0x24, 0x22,
  0x00, 0x00, 0xd0, 0x20, 0x00, 0x00, 0xd0, 0x20, 0x00, 0x00, 0x8b, 0x1d,
  0x00, 0x00, 0x8b, 0x1d, 0x00, 0x00, 0xfa, 0x19, 0x00, 0x00, 0xfa, 0x19,
  0x00, 0x00, 0x11, 0x18, 0x00, 0x00, 0x11, 0x18, 0x00, 0x00, 0xa6, 0x17,
  0x00, 0x00, 0xa6, 0x17, 0x00, 0x00, 0x8b, 0x17, 0x00, 0x00, 0x8b, 0x17,
  0x00, 0x00, 0x78, 0x15, 0x00, 0x00, 0x78, 0x15, 0x00, 0x00, 0x89, 0x11,
  0x00, 0x00, 0x89, 0x11, 0x00, 0x00, 0x23, 0x0d, 0x00, 0x00, 0x23, 0x0d,
  0x00, 0x00, 0x00, 0x09, 0x00, 0x00, 0x00, 0x09, 0x00, 0x00, 0xaf, 0x05,
  0x00, 0x00, 0xaf, 0x05, 0x00, 0x00, 0x3e, 0x04, 0x00, 0x00, 0x3e, 0x04,
  0x00, 0x00, 0xba, 0x03, 0x00, 0x00, 0xba, 0x03, 0x00, 0x00, 0x88, 0x00,
  0x00, 0x00, 0x88, 0x00, 0x00, 0x00, 0x86, 0xfb, 0x00, 0x00, 0x86, 0xfb,
  0x00, 0x00, 0x1d, 0xf8, 0x00, 0x00, 0x1d, 0xf8, 0x00, 0x00, 0xea, 0xf6,
  0x00, 0x00, 0xea, 0xf6, 0x00, 0x00, 0x1d, 0xf5, 0x00, 0x00, 0x1d, 0xf5,
  0x00, 0x00, 0x01, 0xf4, 0x00, 0x00, 0x01, 0xf4, 0x00, 0x00, 0x3e, 0xf4,
  0x00, 0x00, 0x3e, 0xf4, 0x00, 0x00, 0x34, 0xf3, 0x00, 0x00, 0x34, 0xf3,
  0x00, 0x00, 0x95, 0xf0, 0x00, 0x00, 0x95, 0xf0, 0x00, 0x00, 0xd0, 0xee,
  0x00, 0x00, 0xd0, 0xee, 0x00, 0x00, 0x19, 0xf0, 0x00, 0x00, 0x19, 0xf0,
  0x00, 0x00, 0x14, 0xf1, 0x00, 0x00, 0x14, 0xf1, 0x00, 0x00, 0x22, 0xf1,
  0x00, 0x00, 0x22, 0xf1, 0x00, 0x00, 0xcc, 0xf0, 0x00, 0x00, 0xcc, 0xf0,
  0x00, 0x00, 0xfe, 0xf0, 0x00, 0x00, 0xfe, 0xf0, 0x00, 0x00, 0x7e, 0xf1,
  0x00, 0x00, 0x7e, 0xf1, 0x00, 0x00, 0x30, 0xf1, 0x00, 0x00, 0x30, 0xf1,
  0x00, 0x00, 0x26, 0xf2, 0x00, 0x00, 0x26, 0xf2, 0x00, 0x00, 0x39, 0xf3,
  0x00, 0x00, 0x39, 0xf3, 0x00, 0x00, 0x83, 0xf4, 0x00, 0x00, 0x83, 0xf4,
  0x00, 0x00, 0xb0, 0xf4, 0x00, 0x00, 0xb0, 0xf4, 0x00, 0x00, 0x6e, 0xf4,
  0x00, 0x00, 0x6e, 0xf4, 0x00, 0x00, 0xed, 0xf4, 0x00, 0x00, 0xed, 0xf4,
  0x00, 0x00, 0xb9, 0xf5, 0x00, 0x00, 0xb9, 0xf5, 0x00, 0x00, 0xc8, 0xf6,
  0x00, 0x00, 0xc8, 0xf6, 0x00, 0x00, 0x56, 0xf6, 0x00, 0x00, 0x56, 0xf6,
  0x00, 0x00, 0xe5, 0xf6, 0x00, 0x00, 0xe5, 0xf6, 0x00, 0x00, 0x8b, 0xf7,
  0x00, 0x00, 0x8b, 0xf7, 0x00, 0x00, 0x2b, 0xf7, 0x00, 0x00, 0x2b, 0xf7,
  0x00, 0x00, 0x93, 0xf6, 0x00, 0x00, 0x93, 0xf6, 0x00, 0x00, 0x03, 0xf7,
  0x00, 0x00, 0x03, 0xf7, 0x00, 0x00, 0xba, 0xf7, 0x00, 0x00, 0xba, 0xf7,
  0x00, 0x00, 0xe2, 0xf6, 0x00, 0x00, 0xe2, 0xf6, 0x00, 0x00, 0xe0, 0xf6,
  0x00, 0x00, 0xe0, 0xf6, 0x00, 0x00, 0x17, 0xf7, 0x00, 0x00, 0x17, 0xf7,
  0x00, 0x00, 0x95, 0xf6, 0x00, 0x00, 0x95, 0xf6, 0x00, 0x00, 0x27, 0xf6,
  0x00, 0x00, 0x27, 0xf6, 0x00, 0x00, 0x81, 0xf6, 0x00, 0x00, 0x81, 0xf6,
  0x00, 0x00, 0x74, 0xf6, 0x00, 0x00, 0x74, 0xf6, 0x00, 0x00, 0xfd, 0xf5,
  0x00, 0x00, 0xfd, 0xf5, 0x00, 0x00, 0x33, 0xf6, 0x00, 0x00, 0x33, 0xf6,
  0x00, 0x00, 0xfc, 0xf5, 0x00, 0x00, 0xfc, 0xf5, 0x00, 0x00, 0x90, 0xf5,
  0x00, 0x00, 0x90, 0xf5, 0x00, 0x00, 0xd7, 0xf5, 0x00, 0x00, 0xd7, 0xf5,
  0x00, 0x00, 0xac, 0xf5, 0x00, 0x00, 0xac, 0xf5, 0x00, 0x00, 0xe7, 0xf4,
  0x00, 0x00, 0xe7, 0xf4, 0x00, 0x00, 0x74, 0xf5, 0x00, 0x00, 0x74, 0xf5,
  0x00, 0x00, 0x5f, 0xf5, 0x00, 0x00, 0x5f, 0xf5, 0x00, 0x00, 0x7c, 0xf2,
  0x00, 0x00, 0x7c, 0xf2, 0x00, 0x00, 0x26, 0xf2, 0x00, 0x00, 0x26, 0xf2,
  0x00, 0x00, 0xa5, 0xf8, 0x00, 0x00, 0xa5, 0xf8, 0x00, 0x00, 0xb3, 0xff,
  0x00, 0x00, 0xb3, 0xff, 0x00, 0x00, 0x60, 0x00, 0x00, 0x00, 0x60, 0x00,
  0x00, 0x00, 0xc3, 0xfd, 0x00, 0x00, 0xc3, 0xfd, 0x00, 0x00, 0x4b, 0xfd,
  0x00, 0x00, 0x4b, 0xfd, 0x00, 0x00, 0xfd, 0x00, 0x00, 0x00, 0xfd, 0x00,
  0x00, 0x00, 0x83, 0x08, 0x00, 0x00, 0x83, 0x08, 0x00, 0x00, 0x9d, 0x10,
  0x00, 0x00, 0x9d, 0x10, 0x00, 0x00, 0x93, 0x14, 0x00, 0x00, 0x93, 0x14,
  0x00, 0x00, 0x9e, 0x13, 0x00, 0x00, 0x9e, 0x13, 0x00, 0x00, 0xfb, 0x11,
  0x00, 0x00, 0xfb, 0x11, 0x00, 0x00, 0x32, 0x13, 0x00, 0x00, 0x32, 0x13,
  0x00, 0x00, 0x01, 0x19, 0x00, 0x00, 0x01, 0x19, 0x00, 0x00, 0x5f, 0x20,
  0x00, 0x00, 0x5f, 0x20, 0x00, 0x00, 0x9a, 0x23, 0x00, 0x00, 0x9a, 0x23,
  0x00, 0x00, 0xc5, 0x20, 0x00, 0x00, 0xc5, 0x20, 0x00, 0x00, 0x0e, 0x1d,
  0x00, 0x00, 0x0e, 0x1d, 0x00, 0x00, 0x54, 0x1c, 0x00, 0x00, 0x54, 0x1c,
  0x00, 0x00, 0x9c, 0x1d, 0x00, 0x00, 0x9c, 0x1d, 0x00, 0x00, 0x6d, 0x1f,
  0x00, 0x00, 0x6d, 0x1f, 0x00, 0x00, 0x1c, 0x20, 0x00, 0x00, 0x1c, 0x20,
  0x00, 0x00, 0x78, 0x1e, 0x00, 0x00, 0x78, 0x1e, 0x00, 0x00, 0x29, 0x1a,
  0x00, 0x00, 0x29, 0x1a, 0x00, 0x00, 0xbb, 0x15, 0x00, 0x00, 0xbb, 0x15,
  0x00, 0x00, 0x18, 0x12, 0x00, 0x00, 0x18, 0x12, 0x00, 0x00, 0x91, 0x10,
  0x00, 0x00, 0x91, 0x10, 0x00, 0x00, 0x5c, 0x10, 0x00, 0x00, 0x5c, 0x10,
  0x00, 0x00, 0xc7, 0x0e, 0x00, 0x00, 0xc7, 0x0e, 0x00, 0x00, 0x70, 0x0a,
  0x00, 0x00, 0x70, 0x0a, 0x00, 0x00, 0x0c, 0x05, 0x00, 0x00, 0x0c, 0x05,
  0x00, 0x00, 0x3d, 0x01, 0x00, 0x00, 0x3d, 0x01, 0x00, 0x00, 0xab, 0xfe,
  0x00, 0x00, 0xab, 0xfe, 0x00, 0x00, 0x7a, 0xfd, 0x00, 0x00, 0x7a, 0xfd,
  0x00, 0x00, 0x34, 0xfc, 0x00, 0x00, 0x34, 0xfc, 0x00, 0x00, 0x70, 0xfa,
  0x00, 0x00, 0x70, 0xfa, 0x00, 0x00, 0xc5, 0xf7, 0x00, 0x00, 0xc5, 0xf7,
  0x00, 0x00, 0x9f, 0xf4, 0x00, 0x00, 0x9f, 0xf4, 0x00, 0x00, 0xb8, 0xf1,
  0x00, 0x00, 0xb8, 0xf1, 0x00, 0x00, 0x69, 0xf1, 0x00, 0x00, 0x69, 0xf1,
  0x00, 0x00, 0x7c, 0xf3, 0x00, 0x00, 0x7c, 0xf3, 0x00, 0x00, 0x54, 0xf3,
  0x00, 0x00, 0x54, 0xf3, 0x00, 0x00, 0x2d, 0xf1, 0x00, 0x00, 0x2d, 0xf1,
  0x00, 0x00, 0xa1, 0xf0, 0x00, 0x00, 0xa1, 0xf0, 0x00, 0x00, 0xe3, 0xf1,
  0x00, 0x00, 0xe3, 0xf1, 0x00, 0x00, 0x63, 0xf1, 0x00, 0x00, 0x63, 0xf1,
  0x00, 0x00, 0x10, 0xf1, 0x00, 0x00, 0x10, 0xf1, 0x00, 0x00, 0x4e, 0xf3,
  0x00, 0x00, 0x4e, 0xf3, 0x00, 0x00, 0x26, 0xf5, 0x00, 0x00, 0x26, 0xf5,
  0x00, 0x00, 0x4b, 0xf4, 0x00, 0x00, 0x4b, 0xf4, 0x00, 0x00, 0x70, 0xf3,
  0x00, 0x00, 0x70, 0xf3, 0x00, 0x00, 0x20, 0xf5, 0x00, 0x00, 0x20, 0xf5,
  0x00, 0x00, 0x70, 0xf6, 0x00, 0x00, 0x70, 0xf6, 0x00, 0x00, 0x0d, 0xf6,
  0x00, 0x00, 0x0d, 0xf6, 0x00, 0x00, 0x62, 0xf6, 0x00, 0x00, 0x62, 0xf6,
  0x00, 0x00, 0xda, 0xf7, 0x00, 0x00, 0xda, 0xf7, 0x00, 0x00, 0xff, 0xf7,
  0x00, 0x00, 0xff, 0xf7, 0x00, 0x00, 0xda, 0xf6, 0x00, 0x00, 0xda, 0xf6,
  0x00, 0x00, 0x2e, 0xf7, 0x00, 0x00, 0x2e, 0xf7, 0x00, 0x00, 0x00, 0xf8,
  0x00, 0x00, 0x00, 0xf8, 0x00, 0x00, 0xbf, 0xf7, 0x00, 0x00, 0xbf, 0xf7,
  0x00, 0x00, 0x61, 0xf7, 0x00, 0x00, 0x61, 0xf7, 0x00, 0x00, 0x9d, 0xf7,
  0x00, 0x00, 0x9d, 0xf7, 0x00, 0x00, 0x94, 0xf7, 0x00, 0x00, 0x94, 0xf7,
  0x00, 0x00, 0xf7, 0xf6, 0x00, 0x00, 0xf7, 0xf6, 0x00, 0x00, 0xc5, 0xf6,
  0x00, 0x00, 0xc5, 0xf6, 0x00, 0x00, 0xac, 0xf6, 0x00, 0x00, 0xac, 0xf6,
  0x00, 0x00, 0xa1, 0xf6, 0x00, 0x00, 0xa1, 0xf6, 0x00, 0x00, 0xda, 0xf6,
  0x00, 0x00, 0xda, 0xf6, 0x00, 0x00, 0xc5, 0xf6, 0x00, 0x00, 0xc5, 0xf6,
  0x00, 0x00, 0x5b, 0xf6, 0x00, 0x00, 0x5b, 0xf6, 0x00, 0x00, 0x57, 0xf6,
  0x00, 0x00, 0x57, 0xf6, 0x00, 0x00, 0xd5, 0xf6, 0x00, 0x00, 0xd5, 0xf6,
  0x00, 0x00, 0xae, 0xf6, 0x00, 0x00, 0xae, 0xf6, 0x00, 0x00, 0x27, 0xf6,
  0x00, 0x00, 0x27, 0xf6, 0x00, 0x00, 0xd6, 0xf6, 0x00, 0x00, 0xd6, 0xf6,
  0x00, 0x00, 0x79, 0xf7, 0x00, 0x00, 0x79, 0xf7, 0x00, 0x00, 0xb7, 0xf6,
  0x00, 0x00, 0xb7, 0xf6, 0x00, 0x00, 0xb3, 0xf5, 0x00, 0x00, 0xb3, 0xf5,
  0x00, 0x00, 0x96, 0xf6, 0x00, 0x00, 0x96, 0xf6, 0x00, 0x00, 0x41, 0xf7,
  0x00, 0x00, 0x41, 0xf7, 0x00, 0x00, 0x8a, 0xf5, 0x00, 0x00, 0x8a, 0xf5,
  0x00, 0x00, 0x2d, 0xf3, 0x00, 0x00, 0x2d, 0xf3, 0x00, 0x00, 0xca, 0xf3,
  0x00, 0x00, 0xca, 0xf3, 0x00, 0x00, 0x4c, 0xf9, 0x00, 0x00, 0x4c, 0xf9,
  0x00, 0x00, 0x80, 0x00, 0x00, 0x00, 0x80, 0x00, 0x00, 0x00, 0x36, 0x04,
  0x00, 0x00, 0x36, 0x04, 0x00, 0x00, 0x5a, 0x02, 0x00, 0x00, 0x5a, 0x02,
  0x00, 0x00, 0x24, 0x00, 0x00, 0x00, 0x24, 0x00, 0x00, 0x00, 0x0a, 0x03,
  0x00, 0x00, 0x0a, 0x03, 0x00, 0x00, 0x52, 0x0b, 0x00, 0x00, 0x52, 0x0b,
  0x00, 0x00, 0x56, 0x14, 0x00, 0x00, 0x56, 0x14, 0x00, 0x00, 0x98, 0x19,
  0x00, 0x00, 0x98, 0x19, 0x00, 0x00, 0x36, 0x1a, 0x00, 0x00, 0x36, 0x1a,
  0x00, 0x00, 0x3b, 0x18, 0x00, 0x00, 0x3b, 0x18, 0x00, 0x00, 0x68, 0x17,
  0x00, 0x00, 0x68, 0x17, 0x00, 0x00, 0x00, 0x1b, 0x00, 0x00, 0x00, 0x1b,
  0x00, 0x00, 0xe8, 0x21, 0x00, 0x00, 0xe8, 0x21, 0x00, 0x00, 0x09, 0x26,
  0x00, 0x00, 0x09, 0x26, 0x00, 0x00, 0xee, 0x23, 0x00, 0x00, 0xee, 0x23,
  0x00, 0x00, 0x84, 0x1f, 0x00, 0x00, 0x84, 0x1f, 0x00, 0x00, 0xb8, 0x1c,
  0x00, 0x00, 0xb8, 0x1c, 0x00, 0x00, 0x4a, 0x1b, 0x00, 0x00, 0x4a, 0x1b,
  0x00, 0x00, 0xab, 0x1a, 0x00, 0x00, 0xab, 0x1a, 0x00, 0x00, 0x1a, 0x1b,
  0x00, 0x00, 0x1a, 0x1b, 0x00, 0x00, 0xe3, 0x1a, 0x00, 0x00, 0xe3, 0x1a,
  0x00, 0x00, 0x4d, 0x17, 0x00, 0x00, 0x4d, 0x17, 0x00, 0x00, 0x31, 0x11,
  0x00, 0x00, 0x31, 0x11, 0x00, 0x00, 0xcd, 0x0b, 0x00, 0x00, 0xcd, 0x0b,
  0x00, 0x00, 0x1b, 0x09, 0x00, 0x00, 0x1b, 0x09, 0x00, 0x00, 0x08, 0x08,
  0x00, 0x00, 0x08, 0x08, 0x00, 0x00, 0xfb, 0x06, 0x00, 0x00, 0xfb, 0x06,
  0x00, 0x00, 0xcf, 0x04, 0x00, 0x00, 0xcf, 0x04, 0x00, 0x00, 0x2d, 0x01,
  0x00, 0x00, 0x2d, 0x01, 0x00, 0x00, 0x1f, 0xfc, 0x00, 0x00, 0x1f, 0xfc,
  0x00, 0x00, 0xe7, 0xf7, 0x00, 0x00, 0xe7, 0xf7, 0x00, 0x00, 0xb0, 0xf6,
  0x00, 0x00, 0xb0, 0xf6, 0x00, 0x00, 0x80, 0xf7, 0x00, 0x00, 0x80, 0xf7,
  0x00, 0x00, 0x73, 0xf7, 0x00, 0x00, 0x73, 0xf7, 0x00, 0x00, 0xcb, 0xf5,
  0x00, 0x00, 0xcb, 0xf5, 0x00, 0x00, 0x12, 0xf4, 0x00, 0x00, 0x12, 0xf4,
  0x00, 0x00, 0x7a, 0xf2, 0x00, 0x00, 0x7a, 0xf2, 0x00, 0x00, 0xa3, 0xf1,
  0x00, 0x00, 0xa3, 0xf1, 0x00, 0x00, 0x77, 0xf2, 0x00, 0x00, 0x77, 0xf2,
  0x00, 0x00, 0x87, 0xf4, 0x00, 0x00, 0x87, 0xf4, 0x00, 0x00, 0x78, 0xf5,
  0x00, 0x00, 0x78, 0xf5, 0x00, 0x00, 0x5d, 0xf5, 0x00, 0x00, 0x5d, 0xf5,
  0x00, 0x00, 0x37, 0xf5, 0x00, 0x00, 0x37, 0xf5, 0x00, 0x00, 0x65, 0xf5,
  0x00, 0x00, 0x65, 0xf5, 0x00, 0x00, 0xfb, 0xf5, 0x00, 0x00, 0xfb, 0xf5,
  0x00, 0x00, 0xf3, 0xf6, 0x00, 0x00, 0xf3, 0xf6, 0x00, 0x00, 0xf6, 0xf7,
  0x00, 0x00, 0xf6, 0xf7, 0x00, 0x00, 0xb4, 0xf8, 0x00, 0x00, 0xb4, 0xf8,
  0x00, 0x00, 0x1f, 0xf9, 0x00, 0x00, 0x1f, 0xf9, 0x00, 0x00, 0x4e, 0xf8,
  0x00, 0x00, 0x4e, 0xf8, 0x00, 0x00, 0x91, 0xf7, 0x00, 0x00, 0x91, 0xf7,
  0x00, 0x00, 0x27, 0xf8, 0x00, 0x00, 0x27, 0xf8, 0x00, 0x00, 0x9e, 0xf8,
  0x00, 0x00, 0x9e, 0xf8, 0x00, 0x00, 0xce, 0xf7, 0x00, 0x00, 0xce, 0xf7,
  0x00, 0x00, 0xb8, 0xf7, 0x00, 0x00, 0xb8, 0xf7, 0x00, 0x00, 0x11, 0xf8,
  0x00, 0x00, 0x11, 0xf8, 0x00, 0x00, 0xfd, 0xf6, 0x00, 0x00, 0xfd, 0xf6,
  0x00, 0x00, 0xdc, 0xf5, 0x00, 0x00, 0xdc, 0xf5, 0x00, 0x00, 0x01, 0xf6,
  0x00, 0x00, 0x01, 0xf6, 0x00, 0x00, 0x4f, 0xf6, 0x00, 0x00, 0x4f, 0xf6,
  0x00, 0x00, 0x14, 0xf6, 0x00, 0x00, 0x14, 0xf6, 0x00, 0x00, 0xda, 0xf5,
  0x00, 0x00, 0xda, 0xf5, 0x00, 0x00, 0x60, 0xf5, 0x00, 0x00, 0x60, 0xf5,
  0x00, 0x00, 0x57, 0xf5, 0x00, 0x00, 0x57, 0xf5, 0x00, 0x00, 0xdd, 0xf5,
  0x00, 0x00, 0xdd, 0xf5, 0x00, 0x00, 0xa5, 0xf5, 0x00, 0x00, 0xa5, 0xf5,
  0x00, 0x00, 0x41, 0xf5, 0x00, 0x00, 0x41, 0xf5, 0x00, 0x00, 0x36, 0xf6,
  0x00, 0x00, 0x36, 0xf6, 0x00, 0x00, 0x2f, 0xf7, 0x00, 0x00, 0x2f, 0xf7,
  0x00, 0x00, 0xab, 0xf6, 0x00, 0x00, 0xab, 0xf6, 0x00, 0x00, 0x5c, 0xf6,
  0x00, 0x00, 0x5c, 0xf6, 0x00, 0x00, 0x20, 0xf7, 0x00, 0x00, 0x20, 0xf7,
  0x00, 0x00, 0xcf, 0xf7, 0x00, 0x00, 0xcf, 0xf7, 0x00, 0x00, 0xbe, 0xf7,
  0x00, 0x00, 0xbe, 0xf7, 0x00, 0x00, 0x7d, 0xf7, 0x00, 0x00, 0x7d, 0xf7,
  0x00, 0x00, 0xbb, 0xf7, 0x00, 0x00, 0xbb, 0xf7, 0x00, 0x00, 0x03, 0xf8,
  0x00, 0x00, 0x03, 0xf8, 0x00, 0x00, 0xc6, 0xf7, 0x00, 0x00, 0xc6, 0xf7,
  0x00, 0x00, 0xe1, 0xf6, 0x00, 0x00, 0xe1, 0xf6, 0x00, 0x00, 0x79, 0xf5,
  0x00, 0x00, 0x79, 0xf5, 0x00, 0x00, 0xa0, 0xf3, 0x00, 0x00, 0xa0, 0xf3,
  0x00, 0x00, 0x87, 0xf4, 0x00, 0x00, 0x87, 0xf4, 0x00, 0x00, 0x5e, 0xfb,
  0x00, 0x00, 0x5e, 0xfb, 0x00, 0x00, 0x5e, 0x04, 0x00, 0x00, 0x5e, 0x04,
  0x00, 0x00, 0x3d, 0x08, 0x00, 0x00, 0x3d, 0x08, 0x00, 0x00, 0xd5, 0x05,
  0x00, 0x00, 0xd5, 0x05, 0x00, 0x00, 0x42, 0x03, 0x00, 0x00, 0x42, 0x03,
  0x00, 0x00, 0xbe, 0x06, 0x00, 0x00, 0xbe, 0x06, 0x00, 0x00, 0x78, 0x10,
  0x00, 0x00, 0x78, 0x10, 0x00, 0x00, 0xf6, 0x19, 0x00, 0x00, 0xf6, 0x19,
  0x00, 0x00, 0xb2, 0x1e, 0x00, 0x00, 0xb2, 0x1e, 0x00, 0x00, 0x8c, 0x1f,
  0x00, 0x00, 0x8c, 0x1f, 0x00, 0x00, 0x3a, 0x1e, 0x00, 0x00, 0x3a, 0x1e,
  0x00, 0x00, 0x35, 0x1c, 0x00, 0x00, 0x35, 0x1c, 0x00, 0x00, 0xa3, 0x1d,
  0x00, 0x00, 0xa3, 0x1d, 0x00, 0x00, 0xed, 0x22, 0x00, 0x00, 0xed, 0x22,
  0x00, 0x00, 0x23, 0x26, 0x00, 0x00, 0x23, 0x26, 0x00, 0x00, 0x27, 0x24,
  0x00, 0x00, 0x27, 0x24, 0x00, 0x00, 0xbe, 0x1f, 0x00, 0x00, 0xbe, 0x1f,
  0x00, 0x00, 0x2a, 0x1b, 0x00, 0x00, 0x2a, 0x1b, 0x00, 0x00, 0xf9, 0x16,
  0x00, 0x00, 0xf9, 0x16, 0x00, 0x00, 0x93, 0x14, 0x00, 0x00, 0x93, 0x14,
  0x00, 0x00, 0x85, 0x13, 0x00, 0x00, 0x85, 0x13, 0x00, 0x00, 0x44, 0x12,
  0x00, 0x00, 0x44, 0x12, 0x00, 0x00, 0x87, 0x0f, 0x00, 0x00, 0x87, 0x0f,
  0x00, 0x00, 0x75, 0x0a, 0x00, 0x00, 0x75, 0x0a, 0x00, 0x00, 0xed, 0x03,
  0x00, 0x00, 0xed, 0x03, 0x00, 0x00, 0x64, 0xff, 0x00, 0x00, 0x64, 0xff,
  0x00, 0x00, 0x83, 0xfe, 0x00, 0x00, 0x83, 0xfe, 0x00, 0x00, 0xfa, 0xfe,
  0x00, 0x00, 0xfa, 0xfe, 0x00, 0x00, 0x17, 0xfe, 0x00, 0x00, 0x17, 0xfe,
  0x00, 0x00, 0x64, 0xfb, 0x00, 0x00, 0x64, 0xfb, 0x00, 0x00, 0x90, 0xf8,
  0x00, 0x00, 0x90, 0xf8, 0x00, 0x00, 0x92, 0xf6, 0x00, 0x00, 0x92, 0xf6,
  0x00, 0x00, 0x5c, 0xf5, 0x00, 0x00, 0x5c, 0xf5, 0x00, 0x00, 0x9f, 0xf5,
  0x00, 0x00, 0x9f, 0xf5, 0x00, 0x00, 0x0e, 0xf8, 0x00, 0x00, 0x0e, 0xf8,
  0x00, 0x00, 0x94, 0xf9, 0x00, 0x00, 0x94, 0xf9, 0x00, 0x00, 0xb3, 0xf7,
  0x00, 0x00, 0xb3, 0xf7, 0x00, 0x00, 0xe4, 0xf5, 0x00, 0x00, 0xe4, 0xf5,
  0x00, 0x00, 0x42, 0xf7, 0x00, 0x00, 0x42, 0xf7, 0x00, 0x00, 0x07, 0xf9,
  0x00, 0x00, 0x07, 0xf9, 0x00, 0x00, 0xbf, 0xf8, 0x00, 0x00, 0xbf, 0xf8,
  0x00, 0x00, 0x0c, 0xf9, 0x00, 0x00, 0x0c, 0xf9, 0x00, 0x00, 0xe3, 0xfa,
  0x00, 0x00, 0xe3, 0xfa, 0x00, 0x00, 0x20, 0xfb, 0x00, 0x00, 0x20, 0xfb,
  0x00, 0x00, 0x08, 0xf9, 0x00, 0x00, 0x08, 0xf9, 0x00, 0x00, 0x31, 0xf8,
  0x00, 0x00, 0x31, 0xf8, 0x00, 0x00, 0x8a, 0xf9, 0x00, 0x00, 0x8a, 0xf9,
  0x00, 0x00, 0xf1, 0xf9, 0x00, 0x00, 0xf1, 0xf9, 0x00, 0x00, 0xce, 0xf8,
  0x00, 0x00, 0xce, 0xf8, 0x00, 0x00, 0x37, 0xf8, 0x00, 0x00, 0x37, 0xf8,
  0x00, 0x00, 0xf5, 0xf7, 0x00, 0x00, 0xf5, 0xf7, 0x00, 0x00, 0xce, 0xf6,
  0x00, 0x00, 0xce, 0xf6, 0x00, 0x00, 0x0a, 0xf6, 0x00, 0x00, 0x0a, 0xf6,
  0x00, 0x00, 0xec, 0xf5, 0x00, 0x00, 0xec, 0xf5, 0x00, 0x00, 0x97, 0xf5,
  0x00, 0x00, 0x97, 0xf5, 0x00, 0x00, 0x6f, 0xf5, 0x00, 0x00, 0x6f, 0xf5,
  0x00, 0x00, 0x4e, 0xf5, 0x00, 0x00, 0x4e, 0xf5, 0x00, 0x00, 0x64, 0xf4,
  0x00, 0x00, 0x64, 0xf4, 0x00, 0x00, 0x17, 0xf4, 0x00, 0x00, 0x17, 0xf4,
  0x00, 0x00, 0xdf, 0xf4, 0x00, 0x00, 0xdf, 0xf4, 0x00, 0x00, 0xc2, 0xf4,
  0x00, 0x00, 0xc2, 0xf4, 0x00, 0x00, 0x95, 0xf4, 0x00, 0x00, 0x95, 0xf4,
  0x00, 0x00, 0xce, 0xf5, 0x00, 0x00, 0xce, 0xf5, 0x00, 0x00, 0x39, 0xf6,
  0x00, 0x00, 0x39, 0xf6, 0x00, 0x00, 0x22, 0xf5, 0x00, 0x00, 0x22, 0xf5,
  0x00, 0x00, 0xdf, 0xf5, 0x00, 0x00, 0xdf, 0xf5, 0x00, 0x00, 0x0b, 0xf8,
  0x00, 0x00, 0x0b, 0xf8, 0x00, 0x00, 0xf3, 0xf7, 0x00, 0x00, 0xf3, 0xf7,
  0x00, 0x00, 0x9d, 0xf6, 0x00, 0x00, 0x9d, 0xf6, 0x00, 0x00, 0x03, 0xf8,
  0x00, 0x00, 0x03, 0xf8, 0x00, 0x00, 0x2d, 0xfa, 0x00, 0x00, 0x2d, 0xfa,
  0x00, 0x00, 0x3a, 0xf9, 0x00, 0x00, 0x3a, 0xf9, 0x00, 0x00, 0x7c, 0xf7,
  0x00, 0x00, 0x7c, 0xf7, 0x00, 0x00, 0x06, 0xf9, 0x00, 0x00, 0x06, 0xf9,
  0x00, 0x00, 0x04, 0xfb, 0x00, 0x00, 0x04, 0xfb, 0x00, 0x00, 0x72, 0xf9,
  0x00, 0x00, 0x72, 0xf9, 0x00, 0x00, 0x76, 0xf7, 0x00, 0x00, 0x76, 0xf7,
  0x00, 0x00, 0x64, 0xf8, 0x00, 0x00, 0x64, 0xf8, 0x00, 0x00, 0x6a, 0xf9,
  0x00, 0x00, 0x6a, 0xf9, 0x00, 0x00, 0x8e, 0xf7, 0x00, 0x00, 0x8e, 0xf7,
  0x00, 0x00, 0xa3, 0xf4, 0x00, 0x00, 0xa3, 0xf4, 0x00, 0x00, 0xe9, 0xf2,
  0x00, 0x00, 0xe9, 0xf2, 0x00, 0x00, 0x81, 0xf5, 0x00, 0x00, 0x81, 0xf5,
  0x00, 0x00, 0x52, 0xfe, 0x00, 0x00, 0x52, 0xfe, 0x00, 0x00, 0xc3, 0x07,
  0x00, 0x00, 0xc3, 0x07, 0x00, 0x00, 0xd4, 0x09, 0x00, 0x00, 0xd4, 0x09,
  0x00, 0x00, 0x1d, 0x07, 0x00, 0x00, 0x1d, 0x07, 0x00, 0x00, 0x63, 0x07,
  0x00, 0x00, 0x63, 0x07, 0x00, 0x00, 0xe7, 0x0b, 0x00, 0x00, 0xe7, 0x0b,
  0x00, 0x00, 0x6c, 0x13, 0x00, 0x00, 0x6c, 0x13, 0x00, 0x00, 0x3e, 0x1d,
  0x00, 0x00, 0x3e, 0x1d, 0x00, 0x00, 0x06, 0x24, 0x00, 0x00, 0x06, 0x24,
  0x00, 0x00, 0xf2, 0x22, 0x00, 0x00, 0xf2, 0x22, 0x00, 0x00, 0x4b, 0x1f,
  0x00, 0x00, 0x4b, 0x1f, 0x00, 0x00, 0x0f, 0x1f, 0x00, 0x00, 0x0f, 0x1f,
  0x00, 0x00, 0xca, 0x20, 0x00, 0x00, 0xca, 0x20, 0x00, 0x00, 0xd9, 0x21,
  0x00, 0x00, 0xd9, 0x21, 0x00, 0x00, 0x55, 0x22, 0x00, 0x00, 0x55, 0x22,
  0x00, 0x00, 0xaf, 0x20, 0x00, 0x00, 0xaf, 0x20, 0x00, 0x00, 0xe2, 0x1b,
  0x00, 0x00, 0xe2, 0x1b, 0x00, 0x00, 0x3c, 0x16, 0x00, 0x00, 0x3c, 0x16,
  0x00, 0x00, 0x9a, 0x11, 0x00, 0x00, 0x9a, 0x11, 0x00, 0x00, 0x0d, 0x0e,
  0x00, 0x00, 0x0d, 0x0e, 0x00, 0x00, 0x78, 0x0b, 0x00, 0x00, 0x78, 0x0b,
  0x00, 0x00, 0x77, 0x09, 0x00, 0x00, 0x77, 0x09, 0x00, 0x00, 0xad, 0x06,
  0x00, 0x00, 0xad, 0x06, 0x00, 0x00, 0x49, 0x02, 0x00, 0x00, 0x49, 0x02,
  0x00, 0x00, 0x70, 0xfd, 0x00, 0x00, 0x70, 0xfd, 0x00, 0x00, 0x26, 0xfa,
  0x00, 0x00, 0x26, 0xfa, 0x00, 0x00, 0xde, 0xf8, 0x00, 0x00, 0xde, 0xf8,
  0x00, 0x00, 0x11, 0xf9, 0x00, 0x00, 0x11, 0xf9, 0x00, 0x00, 0xf3, 0xf9,
  0x00, 0x00, 0xf3, 0xf9, 0x00, 0x00, 0x0f, 0xfa, 0x00, 0x00, 0x0f, 0xfa,
  0x00, 0x00, 0x8b, 0xf8, 0x00, 0x00, 0x8b, 0xf8, 0x00, 0x00, 0x2f, 0xf7,
  0x00, 0x00, 0x2f, 0xf7, 0x00, 0x00, 0xac, 0xf7, 0x00, 0x00, 0xac, 0xf7,
  0x00, 0x00, 0x62, 0xf9, 0x00, 0x00, 0x62, 0xf9, 0x00, 0x00, 0x36, 0xfb,
  0x00, 0x00, 0x36, 0xfb, 0x00, 0x00, 0x5c, 0xfc, 0x00, 0x00, 0x5c, 0xfc,
  0x00, 0x00, 0x5f, 0xfc, 0x00, 0x00, 0x5f, 0xfc, 0x00, 0x00, 0xbf, 0xfb,
  0x00, 0x00, 0xbf, 0xfb, 0x00, 0x00, 0x83, 0xfb, 0x00, 0x00, 0x83, 0xfb,
  0x00, 0x00, 0x5d, 0xfb, 0x00, 0x00, 0x5d, 0xfb, 0x00, 0x00, 0x26, 0xfb,
  0x00, 0x00, 0x26, 0xfb, 0x00, 0x00, 0x77, 0xfb, 0x00, 0x00, 0x77, 0xfb,
  0x00, 0x00, 0xa8, 0xfb, 0x00, 0x00, 0xa8, 0xfb, 0x00, 0x00, 0x86, 0xfa,
  0x00, 0x00, 0x86, 0xfa, 0x00, 0x00, 0x9e, 0xf8, 0x00, 0x00, 0x9e, 0xf8,
  0x00, 0x00, 0x4f, 0xf7, 0x00, 0x00, 0x4f, 0xf7, 0x00, 0x00, 0x8f, 0xf6,
  0x00, 0x00, 0x8f, 0xf6, 0x00, 0x00, 0xf3, 0xf5, 0x00, 0x00, 0xf3, 0xf5,
  0x00, 0x00, 0x94, 0xf5, 0x00, 0x00, 0x94, 0xf5, 0x00, 0x00, 0x60, 0xf5,
  0x00, 0x00, 0x60, 0xf5, 0x00, 0x00, 0x86, 0xf4, 0x00, 0x00, 0x86, 0xf4,
  0x00, 0x00, 0x6c, 0xf3, 0x00, 0x00, 0x6c, 0xf3, 0x00, 0x00, 0x15, 0xf3,
  0x00, 0x00, 0x15, 0xf3, 0x00, 0x00, 0x2d, 0xf3, 0x00, 0x00, 0x2d, 0xf3,
  0x00, 0x00, 0x4f, 0xf3, 0x00, 0x00, 0x4f, 0xf3, 0x00, 0x00, 0x2a, 0xf4,
  0x00, 0x00, 0x2a, 0xf4, 0x00, 0x00, 0x0f, 0xf5, 0x00, 0x00, 0x0f, 0xf5,
  0x00, 0x00, 0x7c, 0xf4, 0x00, 0x00, 0x7c, 0xf4, 0x00, 0x00, 0x49, 0xf4,
  0x00, 0x00, 0x49, 0xf4, 0x00, 0x00, 0xd8, 0xf5, 0x00, 0x00, 0xd8, 0xf5,
  0x00, 0x00, 0xe5, 0xf6, 0x00, 0x00, 0xe5, 0xf6, 0x00, 0x00, 0xa0, 0xf6,
  0x00, 0x00, 0xa0, 0xf6, 0x00, 0x00, 0x5e, 0xf7, 0x00, 0x00, 0x5e, 0xf7,
  0x00, 0x00, 0xe0, 0xf8, 0x00, 0x00, 0xe0, 0xf8, 0x00, 0x00, 0xfc, 0xf8,
  0x00, 0x00, 0xfc, 0xf8, 0x00, 0x00, 0x86, 0xf8, 0x00, 0x00, 0x86, 0xf8,
  0x00, 0x00, 0x5a, 0xf9, 0x00, 0x00, 0x5a, 0xf9, 0x00, 0x00, 0xb0, 0xfa,
  0x00, 0x00, 0xb0, 0xfa, 0x00, 0x00, 0xa5, 0xfa, 0x00, 0x00, 0xa5, 0xfa,
  0x00, 0x00, 0xe3, 0xf9, 0x00, 0x00, 0xe3, 0xf9, 0x00, 0x00, 0xa0, 0xfa,
  0x00, 0x00, 0xa0, 0xfa, 0x00, 0x00, 0xb3, 0xfb, 0x00, 0x00, 0xb3, 0xfb,
  0x00, 0x00, 0xc6, 0xfa, 0x00, 0x00, 0xc6, 0xfa, 0x00, 0x00, 0xb6, 0xf9,
  0x00, 0x00, 0xb6, 0xf9, 0x00, 0x00, 0xcc, 0xfa, 0x00, 0x00, 0xcc, 0xfa,
  0x00, 0x00, 0x44, 0xfb, 0x00, 0x00, 0x44, 0xfb, 0x00, 0x00, 0x98, 0xf9,
  0x00, 0x00, 0x98, 0xf9, 0x00, 0x00, 0xe4, 0xf8, 0x00, 0x00, 0xe4, 0xf8,
  0x00, 0x00, 0x70, 0xf9, 0x00, 0x00, 0x70, 0xf9, 0x00, 0x00, 0xa4, 0xf8,
  0x00, 0x00, 0xa4, 0xf8, 0x00, 0x00, 0x3c, 0xf7, 0x00, 0x00, 0x3c, 0xf7,
  0x00, 0x00, 0xfd, 0xf5, 0x00, 0x00, 0xfd, 0xf5, 0x00, 0x00, 0x9d, 0xf3,
  0x00, 0x00, 0x9d, 0xf3, 0x00, 0x00, 0xdb, 0xf4, 0x00, 0x00, 0xdb, 0xf4,
  0x00, 0x00, 0x22, 0xff, 0x00, 0x00, 0x22, 0xff, 0x00, 0x00, 0x9f, 0x0b,
  0x00, 0x00, 0x9f, 0x0b, 0x00, 0x00, 0xb1, 0x0e, 0x00, 0x00, 0xb1, 0x0e,
  0x00, 0x00, 0xe8, 0x0a, 0x00, 0x00, 0xe8, 0x0a, 0x00, 0x00, 0x8e, 0x0a,
  0x00, 0x00, 0x8e, 0x0a, 0x00, 0x00, 0x6e, 0x10, 0x00, 0x00, 0x6e, 0x10,
  0x00, 0x00, 0x27, 0x19, 0x00, 0x00, 0x27, 0x19, 0x00, 0x00, 0xc3, 0x21,
  0x00, 0x00, 0xc3, 0x21, 0x00, 0x00, 0xf0, 0x26, 0x00, 0x00, 0xf0, 0x26,
  0x00, 0x00, 0xb2, 0x25, 0x00, 0x00, 0xb2, 0x25, 0x00, 0x00, 0xbc, 0x20,
  0x00, 0x00, 0xbc, 0x20, 0x00, 0x00, 0x69, 0x1d, 0x00, 0x00, 0x69, 0x1d,
  0x00, 0x00, 0xc0, 0x1d, 0x00, 0x00, 0xc0, 0x1d, 0x00, 0x00, 0x1a, 0x1e,
  0x00, 0x00, 0x1a, 0x1e, 0x00, 0x00, 0x33, 0x1c, 0x00, 0x00, 0x33, 0x1c,
  0x00, 0x00, 0x83, 0x18, 0x00, 0x00, 0x83, 0x18, 0x00, 0x00, 0xc7, 0x13,
  0x00, 0x00, 0xc7, 0x13, 0x00, 0x00, 0x84, 0x0d, 0x00, 0x00, 0x84, 0x0d,
  0x00, 0x00, 0x9a, 0x06, 0x00, 0x00, 0x9a, 0x06, 0x00, 0x00, 0xc4, 0x01,
  0x00, 0x00, 0xc4, 0x01, 0x00, 0x00, 0x71, 0x00, 0x00, 0x00, 0x71, 0x00,
  0x00, 0x00, 0x40, 0x01, 0x00, 0x00, 0x40, 0x01, 0x00, 0x00, 0xa2, 0xff,
  0x00, 0x00, 0xa2, 0xff, 0x00, 0x00, 0x29, 0xfb, 0x00, 0x00, 0x29, 0xfb,
  0x00, 0x00, 0x12, 0xf7, 0x00, 0x00, 0x12, 0xf7, 0x00, 0x00, 0x03, 0xf6,
  0x00, 0x00, 0x03, 0xf6, 0x00, 0x00, 0xde, 0xf7, 0x00, 0x00, 0xde, 0xf7,
  0x00, 0x00, 0x76, 0xfb, 0x00, 0x00, 0x76, 0xfb, 0x00, 0x00, 0x87, 0xfe,
  0x00, 0x00, 0x87, 0xfe, 0x00, 0x00, 0x8d, 0xfe, 0x00, 0x00, 0x8d, 0xfe,
  0x00, 0x00, 0xc9, 0xfd, 0x00, 0x00, 0xc9, 0xfd, 0x00, 0x00, 0x29, 0xfe,
  0x00, 0x00, 0x29, 0xfe, 0x00, 0x00, 0x4b, 0xff, 0x00, 0x00, 0x4b, 0xff,
  0x00, 0x00, 0xcf, 0x00, 0x00, 0x00, 0xcf, 0x00, 0x00, 0x00, 0x66, 0x02,
  0x00, 0x00, 0x66, 0x02, 0x00, 0x00, 0x6e, 0x02, 0x00, 0x00, 0x6e, 0x02,
  0x00, 0x00, 0x2a, 0x00, 0x00, 0x00, 0x2a, 0x00, 0x00, 0x00, 0x23, 0xfe,
  0x00, 0x00, 0x23, 0xfe, 0x00, 0x00, 0x82, 0xfc, 0x00, 0x00, 0x82, 0xfc,
  0x00, 0x00, 0xb2, 0xfa, 0x00, 0x00, 0xb2, 0xfa, 0x00, 0x00, 0x27, 0xf9,
  0x00, 0x00, 0x27, 0xf9, 0x00, 0x00, 0x16, 0xf8, 0x00, 0x00, 0x16, 0xf8,
  0x00, 0x00, 0x2f, 0xf7, 0x00, 0x00, 0x2f, 0xf7, 0x00, 0x00, 0x4d, 0xf5,
  0x00, 0x00, 0x4d, 0xf5, 0x00, 0x00, 0xc1, 0xf2, 0x00, 0x00, 0xc1, 0xf2,
  0x00, 0x00, 0xed, 0xf0, 0x00, 0x00, 0xed, 0xf0, 0x00, 0x00, 0xee, 0xf0,
  0x00, 0x00, 0xee, 0xf0, 0x00, 0x00, 0x90, 0xf1, 0x00, 0x00, 0x90, 0xf1,
  0x00, 0x00, 0x06, 0xf2, 0x00, 0x00, 0x06, 0xf2, 0x00, 0x00, 0xbb, 0xf2,
  0x00, 0x00, 0xbb, 0xf2, 0x00, 0x00, 0x85, 0xf2, 0x00, 0x00, 0x85, 0xf2,
  0x00, 0x00, 0x46, 0xf2, 0x00, 0x00, 0x46, 0xf2, 0x00, 0x00, 0xa7, 0xf3,
  0x00, 0x00, 0xa7, 0xf3, 0x00, 0x00, 0x71, 0xf5, 0x00, 0x00, 0x71, 0xf5,
  0x00, 0x00, 0x86, 0xf6, 0x00, 0x00, 0x86, 0xf6, 0x00, 0x00, 0x5d, 0xf7,
  0x00, 0x00, 0x5d, 0xf7, 0x00, 0x00, 0x70, 0xf8, 0x00, 0x00, 0x70, 0xf8,
  0x00, 0x00, 0xd4, 0xf8, 0x00, 0x00, 0xd4, 0xf8, 0x00, 0x00, 0xec, 0xf8,
  0x00, 0x00, 0xec, 0xf8, 0x00, 0x00, 0x4f, 0xf9, 0x00, 0x00, 0x4f, 0xf9,
  0x00, 0x00, 0xa7, 0xf9, 0x00, 0x00, 0xa7, 0xf9, 0x00, 0x00, 0x19, 0xfa,
  0x00, 0x00, 0x19, 0xfa, 0x00, 0x00, 0x24, 0xfa, 0x00, 0x00, 0x24, 0xfa,
  0x00, 0x00, 0xf3, 0xf9, 0x00, 0x00, 0xf3, 0xf9, 0x00, 0x00, 0x1d, 0xf9,
  0x00, 0x00, 0x1d, 0xf9, 0x00, 0x00, 0x42, 0xf9, 0x00, 0x00, 0x42, 0xf9,
  0x00, 0x00, 0x12, 0xfa, 0x00, 0x00, 0x12, 0xfa, 0x00, 0x00, 0x68, 0xf9,
  0x00, 0x00, 0x68, 0xf9, 0x00, 0x00, 0xbb, 0xf8, 0x00, 0x00, 0xbb, 0xf8,
  0x00, 0x00, 0xe0, 0xf9, 0x00, 0x00, 0xe0, 0xf9, 0x00, 0x00, 0xea, 0xfa,
  0x00, 0x00, 0xea, 0xfa, 0x00, 0x00, 0x98, 0xf9, 0x00, 0x00, 0x98, 0xf9,
  0x00, 0x00, 0x2c, 0xf9, 0x00, 0x00, 0x2c, 0xf9, 0x00, 0x00, 0xa0, 0xfa,
  0x00, 0x00, 0xa0, 0xfa, 0x00, 0x00, 0x62, 0xfb, 0x00, 0x00, 0x62, 0xfb,
  0x00, 0x00, 0x4b, 0xfa, 0x00, 0x00, 0x4b, 0xfa, 0x00, 0x00, 0x54, 0xf9,
  0x00, 0x00, 0x54, 0xf9, 0x00, 0x00, 0x22, 0xfa, 0x00, 0x00, 0x22, 0xfa,
  0x00, 0x00, 0xae, 0xfa, 0x00, 0x00, 0xae, 0xfa, 0x00, 0x00, 0xe4, 0xf8,
  0x00, 0x00, 0xe4, 0xf8, 0x00, 0x00, 0x31, 0xf6, 0x00, 0x00, 0x31, 0xf6,
  0x00, 0x00, 0x94, 0xf4, 0x00, 0x00, 0x94, 0xf4, 0x00, 0x00, 0xc5, 0xf6,
  0x00, 0x00, 0xc5, 0xf6, 0x00, 0x00, 0x25, 0x00, 0x00, 0x00, 0x25, 0x00,
  0x00, 0x00, 0x03, 0x0d, 0x00, 0x00, 0x03, 0x0d, 0x00, 0x00, 0xec, 0x12,
  0x00, 0x00, 0xec, 0x12, 0x00, 0x00, 0xe2, 0x0f, 0x00, 0x00, 0xe2, 0x0f,
  0x00, 0x00, 0xad, 0x0d, 0x00, 0x00, 0xad, 0x0d, 0x00, 0x00, 0xda, 0x11,
  0x00, 0x00, 0xda, 0x11, 0x00, 0x00, 0xb0, 0x1a, 0x00, 0x00, 0xb0, 0x1a,
  0x00, 0x00, 0x95, 0x23, 0x00, 0x00, 0x95, 0x23, 0x00, 0x00, 0x4c, 0x28,
  0x00, 0x00, 0x4c, 0x28, 0x00, 0x00, 0x3d, 0x26, 0x00, 0x00, 0x3d, 0x26,
  0x00, 0x00, 0xe2, 0x20, 0x00, 0x00, 0xe2, 0x20, 0x00, 0x00, 0xe6, 0x1c,
  0x00, 0x00, 0xe6, 0x1c, 0x00, 0x00, 0x5b, 0x19, 0x00, 0x00, 0x5b, 0x19,
  0x00, 0x00, 0x4c, 0x16, 0x00, 0x00, 0x4c, 0x16, 0x00, 0x00, 0x0c, 0x14,
  0x00, 0x00, 0x0c, 0x14, 0x00, 0x00, 0x67, 0x11, 0x00, 0x00, 0x67, 0x11,
  0x00, 0x00, 0x88, 0x0d, 0x00, 0x00, 0x88, 0x0d, 0x00, 0x00, 0x69, 0x08,
  0x00, 0x00, 0x69, 0x08, 0x00, 0x00, 0x48, 0x00, 0x00, 0x00, 0x48, 0x00,
  0x00, 0x00, 0x60, 0xf8, 0x00, 0x00, 0x60, 0xf8, 0x00, 0x00, 0xa4, 0xf7,
  0x00, 0x00, 0xa4, 0xf7, 0x00, 0x00, 0x80, 0xfa, 0x00, 0x00, 0x80, 0xfa,
  0x00, 0x00, 0x5b, 0xfb, 0x00, 0x00, 0x5b, 0xfb, 0x00, 0x00, 0x9d, 0xfa,
  0x00, 0x00, 0x9d, 0xfa, 0x00, 0x00, 0x15, 0xf9, 0x00, 0x00, 0x15, 0xf9,
  0x00, 0x00, 0xae, 0xf7, 0x00, 0x00, 0xae, 0xf7, 0x00, 0x00, 0x97, 0xf9,
  0x00, 0x00, 0x97, 0xf9, 0x00, 0x00, 0x09, 0xff, 0x00, 0x00, 0x09, 0xff,
  0x00, 0x00, 0xa1, 0x03, 0x00, 0x00, 0xa1, 0x03, 0x00, 0x00, 0xa6, 0x05,
  0x00, 0x00, 0xa6, 0x05, 0x00, 0x00, 0xab, 0x05, 0x00, 0x00, 0xab, 0x05,
  0x00, 0x00, 0x00, 0x06, 0x00, 0x00, 0x00, 0x06, 0x00, 0x00, 0xf5, 0x06,
  0x00, 0x00, 0xf5, 0x06, 0x00, 0x00, 0x90, 0x06, 0x00, 0x00, 0x90, 0x06,
  0x00, 0x00, 0x62, 0x05, 0x00, 0x00, 0x62, 0x05, 0x00, 0x00, 0x44, 0x04,
  0x00, 0x00, 0x44, 0x04, 0x00, 0x00, 0xb1, 0x01, 0x00, 0x00, 0xb1, 0x01,
  0x00, 0x00, 0x75, 0xfe, 0x00, 0x00, 0x75, 0xfe, 0x00, 0x00, 0xe9, 0xfb,
  0x00, 0x00, 0xe9, 0xfb, 0x00, 0x00, 0x93, 0xf8, 0x00, 0x00, 0x93, 0xf8,
  0x00, 0x00, 0xdd, 0xf4, 0x00, 0x00, 0xdd, 0xf4, 0x00, 0x00, 0x07, 0xf3,
  0x00, 0x00, 0x07, 0xf3, 0x00, 0x00, 0xf3, 0xf2, 0x00, 0x00, 0xf3, 0xf2,
  0x00, 0x00, 0x47, 0xf1, 0x00, 0x00, 0x47, 0xf1, 0x00, 0x00, 0x03, 0xef,
  0x00, 0x00, 0x03, 0xef, 0x00, 0x00, 0x43, 0xee, 0x00, 0x00, 0x43, 0xee,
  0x00, 0x00, 0x27, 0xef, 0x00, 0x00, 0x27, 0xef, 0x00, 0x00, 0xc1, 0xef,
  0x00, 0x00, 0xc1, 0xef, 0x00, 0x00, 0xf4, 0xf0, 0x00, 0x00, 0xf4, 0xf0,
  0x00, 0x00, 0xbf, 0xf3, 0x00, 0x00, 0xbf, 0xf3, 0x00, 0x00, 0xc5, 0xf4,
  0x00, 0x00, 0xc5, 0xf4, 0x00, 0x00, 0x3b, 0xf5, 0x00, 0x00, 0x3b, 0xf5,
  0x00, 0x00, 0x1a, 0xf7, 0x00, 0x00, 0x1a, 0xf7, 0x00, 0x00, 0xf5, 0xf9,
  0x00, 0x00, 0xf5, 0xf9, 0x00, 0x00, 0xea, 0xfa, 0x00, 0x00, 0xea, 0xfa,
  0x00, 0x00, 0x45, 0xfb, 0x00, 0x00, 0x45, 0xfb, 0x00, 0x00, 0x8e, 0xfc,
  0x00, 0x00, 0x8e, 0xfc, 0x00, 0x00, 0x04, 0xfd, 0x00, 0x00, 0x04, 0xfd,
  0x00, 0x00, 0x73, 0xfc, 0x00, 0x00, 0x73, 0xfc, 0x00, 0x00, 0x4e, 0xfb,
  0x00, 0x00, 0x4e, 0xfb, 0x00, 0x00, 0x40, 0xfb, 0x00, 0x00, 0x40, 0xfb,
  0x00, 0x00, 0x05, 0xfb, 0x00, 0x00, 0x05, 0xfb, 0x00, 0x00, 0xa4, 0xf9,
  0x00, 0x00, 0xa4, 0xf9, 0x00, 0x00, 0x62, 0xf8, 0x00, 0x00, 0x62, 0xf8,
  0x00, 0x00, 0x5e, 0xf8, 0x00, 0x00, 0x5e, 0xf8, 0x00, 0x00, 0x5b, 0xf8,
  0x00, 0x00, 0x5b, 0xf8, 0x00, 0x00, 0xf1, 0xf6, 0x00, 0x00, 0xf1, 0xf6,
  0x00, 0x00, 0xe7, 0xf6, 0x00, 0x00, 0xe7, 0xf6, 0x00, 0x00, 0x34, 0xf8,
  0x00, 0x00, 0x34, 0xf8, 0x00, 0x00, 0xaa, 0xf8, 0x00, 0x00, 0xaa, 0xf8,
  0x00, 0x00, 0x9f, 0xf8, 0x00, 0x00, 0x9f, 0xf8, 0x00, 0x00, 0x95, 0xf9,
  0x00, 0x00, 0x95, 0xf9, 0x00, 0x00, 0xf5, 0xfa, 0x00, 0x00, 0xf5, 0xfa,
  0x00, 0x00, 0x0e, 0xfb, 0x00, 0x00, 0x0e, 0xfb, 0x00, 0x00, 0xba, 0xfb,
  0x00, 0x00, 0xba, 0xfb, 0x00, 0x00, 0xe5, 0xfc, 0x00, 0x00, 0xe5, 0xfc,
  0x00, 0x00, 0xd8, 0xfc, 0x00, 0x00, 0xd8, 0xfc, 0x00, 0x00, 0xe0, 0xfb,
  0x00, 0x00, 0xe0, 0xfb, 0x00, 0x00, 0x20, 0xfc, 0x00, 0x00, 0x20, 0xfc,
  0x00, 0x00, 0x64, 0xfc, 0x00, 0x00, 0x64, 0xfc, 0x00, 0x00, 0xed, 0xf9,
  0x00, 0x00, 0xed, 0xf9, 0x00, 0x00, 0x53, 0xf6, 0x00, 0x00, 0x53, 0xf6,
  0x00, 0x00, 0x08, 0xf5, 0x00, 0x00, 0x08, 0xf5, 0x00, 0x00, 0x6d, 0xfa,
  0x00, 0x00, 0x6d, 0xfa, 0x00, 0x00, 0xd5, 0x06, 0x00, 0x00, 0xd5, 0x06,
  0x00, 0x00, 0xb3, 0x12, 0x00, 0x00, 0xb3, 0x12, 0x00, 0x00, 0xd7, 0x15,
  0x00, 0x00, 0xd7, 0x15, 0x00, 0x00, 0x8d, 0x12, 0x00, 0x00, 0x8d, 0x12,
  0x00, 0x00, 0x39, 0x11, 0x00, 0x00, 0x39, 0x11, 0x00, 0x00, 0x2e, 0x16,
  0x00, 0x00, 0x2e, 0x16, 0x00, 0x00, 0xb5, 0x1e, 0x00, 0x00, 0xb5, 0x1e,
  0x00, 0x00, 0x28, 0x25, 0x00, 0x00, 0x28, 0x25, 0x00, 0x00, 0xdf, 0x26,
  0x00, 0x00, 0xdf, 0x26, 0x00, 0x00, 0x9f, 0x24, 0x00, 0x00, 0x9f, 0x24,
  0x00, 0x00, 0x11, 0x1f, 0x00, 0x00, 0x11, 0x1f, 0x00, 0x00, 0x88, 0x17,
  0x00, 0x00, 0x88, 0x17, 0x00, 0x00, 0xf9, 0x10, 0x00, 0x00, 0xf9, 0x10,
  0x00, 0x00, 0xa7, 0x0b, 0x00, 0x00, 0xa7, 0x0b, 0x00, 0x00, 0x32, 0x07,
  0x00, 0x00, 0x32, 0x07, 0x00, 0x00, 0x8f, 0x05, 0x00, 0x00, 0x8f, 0x05,
  0x00, 0x00, 0x10, 0x05, 0x00, 0x00, 0x10, 0x05, 0x00, 0x00, 0x51, 0x00,
  0x00, 0x00, 0x51, 0x00, 0x00, 0x00, 0xad, 0xf7, 0x00, 0x00, 0xad, 0xf7,
  0x00, 0x00, 0x83, 0xf1, 0x00, 0x00, 0x83, 0xf1, 0x00, 0x00, 0xfe, 0xf0,
  0x00, 0x00, 0xfe, 0xf0, 0x00, 0x00, 0x84, 0xf4, 0x00, 0x00, 0x84, 0xf4,
  0x00, 0x00, 0x1b, 0xfa, 0x00, 0x00, 0x1b, 0xfa, 0x00, 0x00, 0x18, 0xfe,
  0x00, 0x00, 0x18, 0xfe, 0x00, 0x00, 0x4e, 0xff, 0x00, 0x00, 0x4e, 0xff,
  0x00, 0x00, 0x6a, 0x00, 0x00, 0x00, 0x6a, 0x00, 0x00, 0x00, 0x9f, 0x03,
  0x00, 0x00, 0x9f, 0x03, 0x00, 0x00, 0x72, 0x07, 0x00, 0x00, 0x72, 0x07,
  0x00, 0x00, 0xb5, 0x09, 0x00, 0x00, 0xb5, 0x09, 0x00, 0x00, 0x40, 0x0b,
  0x00, 0x00, 0x40, 0x0b, 0x00, 0x00, 0x85, 0x0c, 0x00, 0x00, 0x85, 0x0c,
  0x00, 0x00, 0x7d, 0x0d, 0x00, 0x00, 0x7d, 0x0d, 0x00, 0x00, 0x8b, 0x0c,
  0x00, 0x00, 0x8b, 0x0c, 0x00, 0x00, 0x5c, 0x09, 0x00, 0x00, 0x5c, 0x09,
  0x00, 0x00, 0x2f, 0x04, 0x00, 0x00, 0x2f, 0x04, 0x00, 0x00, 0x0d, 0xff,
  0x00, 0x00, 0x0d, 0xff, 0x00, 0x00, 0xfa, 0xfb, 0x00, 0x00, 0xfa, 0xfb,
  0x00, 0x00, 0x1e, 0xf9, 0x00, 0x00, 0x1e, 0xf9, 0x00, 0x00, 0x19, 0xf6,
  0x00, 0x00, 0x19, 0xf6, 0x00, 0x00, 0x57, 0xf3, 0x00, 0x00, 0x57, 0xf3,
  0x00, 0x00, 0x2f, 0xf1, 0x00, 0x00, 0x2f, 0xf1, 0x00, 0x00, 0xb7, 0xee,
  0x00, 0x00, 0xb7, 0xee, 0x00, 0x00, 0x72, 0xed, 0x00, 0x00, 0x72, 0xed,
  0x00, 0x00, 0x2b, 0xee, 0x00, 0x00, 0x2b, 0xee, 0x00, 0x00, 0xfb, 0xee,
  0x00, 0x00, 0xfb, 0xee, 0x00, 0x00, 0x79, 0xef, 0x00, 0x00, 0x79, 0xef,
  0x00, 0x00, 0x6e, 0xf1, 0x00, 0x00, 0x6e, 0xf1, 0x00, 0x00, 0x63, 0xf5,
  0x00, 0x00, 0x63, 0xf5, 0x00, 0x00, 0xf3, 0xf7, 0x00, 0x00, 0xf3, 0xf7,
  0x00, 0x00, 0x0c, 0xf9, 0x00, 0x00, 0x0c, 0xf9, 0x00, 0x00, 0x6c, 0xfa,
  0x00, 0x00, 0x6c, 0xfa, 0x00, 0x00, 0x89, 0xfc, 0x00, 0x00, 0x89, 0xfc,
  0x00, 0x00, 0xf3, 0xfd, 0x00, 0x00, 0xf3, 0xfd, 0x00, 0x00, 0xff, 0xfe,
  0x00, 0x00, 0xff, 0xfe, 0x00, 0x00, 0xf8, 0xff, 0x00, 0x00, 0xf8, 0xff,
  0x00, 0x00, 0xa5, 0xff, 0x00, 0x00, 0xa5, 0xff, 0x00, 0x00, 0x86, 0xfe,
  0x00, 0x00, 0x86, 0xfe, 0x00, 0x00, 0x50, 0xfd, 0x00, 0x00, 0x50, 0xfd,
  0x00, 0x00, 0x23, 0xfc, 0x00, 0x00, 0x23, 0xfc, 0x00, 0x00, 0xac, 0xf9,
  0x00, 0x00, 0xac, 0xf9, 0x00, 0x00, 0xc6, 0xf7, 0x00, 0x00, 0xc6, 0xf7,
  0x00, 0x00, 0x61, 0xf7, 0x00, 0x00, 0x61, 0xf7, 0x00, 0x00, 0xc8, 0xf6,
  0x00, 0x00, 0xc8, 0xf6, 0x00, 0x00, 0x7e, 0xf5, 0x00, 0x00, 0x7e, 0xf5,
  0x00, 0x00, 0xec, 0xf4, 0x00, 0x00, 0xec, 0xf4, 0x00, 0x00, 0xbc, 0xf5,
  0x00, 0x00, 0xbc, 0xf5, 0x00, 0x00, 0xf2, 0xf5, 0x00, 0x00, 0xf2, 0xf5,
  0x00, 0x00, 0x41, 0xf6, 0x00, 0x00, 0x41, 0xf6, 0x00, 0x00, 0xbf, 0xf7,
  0x00, 0x00, 0xbf, 0xf7, 0x00, 0x00, 0x02, 0xfa, 0x00, 0x00, 0x02, 0xfa,
  0x00, 0x00, 0xd5, 0xfb, 0x00, 0x00, 0xd5, 0xfb, 0x00, 0x00, 0xc5, 0xfc,
  0x00, 0x00, 0xc5, 0xfc, 0x00, 0x00, 0xd3, 0xfd, 0x00, 0x00, 0xd3, 0xfd,
  0x00, 0x00, 0xbf, 0xfe, 0x00, 0x00, 0xbf, 0xfe, 0x00, 0x00, 0x74, 0xff,
  0x00, 0x00, 0x74, 0xff, 0x00, 0x00, 0x50, 0xff, 0x00, 0x00, 0x50, 0xff,
  0x00, 0x00, 0xfc, 0xfe, 0x00, 0x00, 0xfc, 0xfe, 0x00, 0x00, 0x65, 0xfe,
  0x00, 0x00, 0x65, 0xfe, 0x00, 0x00, 0x15, 0xfd, 0x00, 0x00, 0x15, 0xfd,
  0x00, 0x00, 0x2e, 0xfc, 0x00, 0x00, 0x2e, 0xfc, 0x00, 0x00, 0x4d, 0xfa,
  0x00, 0x00, 0x4d, 0xfa, 0x00, 0x00, 0xdd, 0xf6, 0x00, 0x00, 0xdd, 0xf6,
  0x00, 0x00, 0x8f, 0xf2, 0x00, 0x00, 0x8f, 0xf2, 0x00, 0x00, 0x63, 0xf2,
  0x00, 0x00, 0x63, 0xf2, 0x00, 0x00, 0x50, 0xfb, 0x00, 0x00, 0x50, 0xfb,
  0x00, 0x00, 0x2a, 0x0a, 0x00, 0x00, 0x2a, 0x0a, 0x00, 0x00, 0xd0, 0x14,
  0x00, 0x00, 0xd0, 0x14, 0x00, 0x00, 0x46, 0x17, 0x00, 0x00, 0x46, 0x17,
  0x00, 0x00, 0x7d, 0x16, 0x00, 0x00, 0x7d, 0x16, 0x00, 0x00, 0xe9, 0x15,
  0x00, 0x00, 0xe9, 0x15, 0x00, 0x00, 0x79, 0x19, 0x00, 0x00, 0x79, 0x19,
  0x00, 0x00, 0xe6, 0x1f, 0x00, 0x00, 0xe6, 0x1f, 0x00, 0x00, 0x8a, 0x24,
  0x00, 0x00, 0x8a, 0x24, 0x00, 0x00, 0x2c, 0x25, 0x00, 0x00, 0x2c, 0x25,
  0x00, 0x00, 0x96, 0x21, 0x00, 0x00, 0x96, 0x21, 0x00, 0x00, 0xbf, 0x1a,
  0x00, 0x00, 0xbf, 0x1a, 0x00, 0x00, 0x5c, 0x12, 0x00, 0x00, 0x5c, 0x12,
  0x00, 0x00, 0x10, 0x09, 0x00, 0x00, 0x10, 0x09, 0x00, 0x00, 0xaf, 0xff,
  0x00, 0x00, 0xaf, 0xff, 0x00, 0x00, 0x33, 0xfb, 0x00, 0x00, 0x33, 0xfb,
  0x00, 0x00, 0xc4, 0xfb, 0x00, 0x00, 0xc4, 0xfb, 0x00, 0x00, 0x37, 0xfd,
  0x00, 0x00, 0x37, 0xfd, 0x00, 0x00, 0xdd, 0xfb, 0x00, 0x00, 0xdd, 0xfb,
  0x00, 0x00, 0x9f, 0xf6, 0x00, 0x00, 0x9f, 0xf6, 0x00, 0x00, 0xa0, 0xf1,
  0x00, 0x00, 0xa0, 0xf1, 0x00, 0x00, 0x20, 0xf2, 0x00, 0x00, 0x20, 0xf2,
  0x00, 0x00, 0xbb, 0xf7, 0x00, 0x00, 0xbb, 0xf7, 0x00, 0x00, 0x19, 0xfe,
  0x00, 0x00, 0x19, 0xfe, 0x00, 0x00, 0x17, 0x04, 0x00, 0x00, 0x17, 0x04,
  0x00, 0x00, 0x65, 0x09, 0x00, 0x00, 0x65, 0x09, 0x00, 0x00, 0x69, 0x0d,
  0x00, 0x00, 0x69, 0x0d, 0x00, 0x00, 0xcd, 0x0e, 0x00, 0x00, 0xcd, 0x0e,
  0x00, 0x00, 0x23, 0x0e, 0x00, 0x00, 0x23, 0x0e, 0x00, 0x00, 0x5b, 0x0d,
  0x00, 0x00, 0x5b, 0x0d, 0x00, 0x00, 0x7b, 0x0c, 0x00, 0x00, 0x7b, 0x0c,
  0x00, 0x00, 0x78, 0x0b, 0x00, 0x00, 0x78, 0x0b, 0x00, 0x00, 0x9b, 0x0a,
  0x00, 0x00, 0x9b, 0x0a, 0x00, 0x00, 0x86, 0x09, 0x00, 0x00, 0x86, 0x09,
  0x00, 0x00, 0xd0, 0x04, 0x00, 0x00, 0xd0, 0x04, 0x00, 0x00, 0x56, 0xfc,
  0x00, 0x00, 0x56, 0xfc, 0x00, 0x00, 0x0a, 0xf5, 0x00, 0x00, 0x0a, 0xf5,
  0x00, 0x00, 0x46, 0xf2, 0x00, 0x00, 0x46, 0xf2, 0x00, 0x00, 0xc5, 0xf0,
  0x00, 0x00, 0xc5, 0xf0, 0x00, 0x00, 0x79, 0xee, 0x00, 0x00, 0x79, 0xee,
  0x00, 0x00, 0xb6, 0xee, 0x00, 0x00, 0xb6, 0xee, 0x00, 0x00, 0x93, 0xf0,
  0x00, 0x00, 0x93, 0xf0, 0x00, 0x00, 0xa6, 0xf0, 0x00, 0x00, 0xa6, 0xf0,
  0x00, 0x00, 0xae, 0xef, 0x00, 0x00, 0xae, 0xef, 0x00, 0x00, 0xfd, 0xf0,
  0x00, 0x00, 0xfd, 0xf0, 0x00, 0x00, 0x9b, 0xf3, 0x00, 0x00, 0x9b, 0xf3,
  0x00, 0x00, 0x07, 0xf6, 0x00, 0x00, 0x07, 0xf6, 0x00, 0x00, 0xd3, 0xf8,
  0x00, 0x00, 0xd3, 0xf8, 0x00, 0x00, 0x72, 0xfc, 0x00, 0x00, 0x72, 0xfc,
  0x00, 0x00, 0xce, 0xff, 0x00, 0x00, 0xce, 0xff, 0x00, 0x00, 0x94, 0x00,
  0x00, 0x00, 0x94, 0x00, 0x00, 0x00, 0x47, 0xff, 0x00, 0x00, 0x47, 0xff,
  0x00, 0x00, 0xf3, 0xfe, 0x00, 0x00, 0xf3, 0xfe, 0x00, 0x00, 0x57, 0x00,
  0x00, 0x00, 0x57, 0x00, 0x00, 0x00, 0xe4, 0xff, 0x00, 0x00, 0xe4, 0xff,
  0x00, 0x00, 0x2e, 0xfe, 0x00, 0x00, 0x2e, 0xfe, 0x00, 0x00, 0xc6, 0xfd,
  0x00, 0x00, 0xc6, 0xfd, 0x00, 0x00, 0x07, 0xfd, 0x00, 0x00, 0x07, 0xfd,
  0x00, 0x00, 0x7a, 0xfa, 0x00, 0x00, 0x7a, 0xfa, 0x00, 0x00, 0x0b, 0xf8,
  0x00, 0x00, 0x0b, 0xf8, 0x00, 0x00, 0x48, 0xf6, 0x00, 0x00, 0x48, 0xf6,
  0x00, 0x00, 0xe3, 0xf4, 0x00, 0x00, 0xe3, 0xf4, 0x00, 0x00, 0xe2, 0xf4,
  0x00, 0x00, 0xe2, 0xf4, 0x00, 0x00, 0xc6, 0xf4, 0x00, 0x00, 0xc6, 0xf4,
  0x00, 0x00, 0x31, 0xf5, 0x00, 0x00, 0x31, 0xf5, 0x00, 0x00, 0x9a, 0xf6,
  0x00, 0x00, 0x9a, 0xf6, 0x00, 0x00, 0x30, 0xf7, 0x00, 0x00, 0x30, 0xf7,
  0x00, 0x00, 0x83, 0xf7, 0x00, 0x00, 0x83, 0xf7, 0x00, 0x00, 0x5d, 0xf9,
  0x00, 0x00, 0x5d, 0xf9, 0x00, 0x00, 0x5c, 0xfb, 0x00, 0x00, 0x5c, 0xfb,
  0x00, 0x00, 0x8f, 0xfc, 0x00, 0x00, 0x8f, 0xfc, 0x00, 0x00, 0x3d, 0xfe,
  0x00, 0x00, 0x3d, 0xfe, 0x00, 0x00, 0xe3, 0xff, 0x00, 0x00, 0xe3, 0xff,
  0x00, 0x00, 0xe6, 0x00, 0x00, 0x00, 0xe6, 0x00, 0x00, 0x00, 0xd1, 0x00,
  0x00, 0x00, 0xd1, 0x00, 0x00, 0x00, 0x17, 0x00, 0x00, 0x00, 0x17, 0x00,
  0x00, 0x00, 0xc8, 0xff, 0x00, 0x00, 0xc8, 0xff, 0x00, 0x00, 0x62, 0xff,
  0x00, 0x00, 0x62, 0xff, 0x00, 0x00, 0xb8, 0xfd, 0x00, 0x00, 0xb8, 0xfd,
  0x00, 0x00, 0x89, 0xfc, 0x00, 0x00, 0x89, 0xfc, 0x00, 0x00, 0x1f, 0xfb,
  0x00, 0x00, 0x1f, 0xfb, 0x00, 0x00, 0x21, 0xf9, 0x00, 0x00, 0x21, 0xf9,
  0x00, 0x00, 0xd1, 0xf7, 0x00, 0x00, 0xd1, 0xf7, 0x00, 0x00, 0xcc, 0xf5,
  0x00, 0x00, 0xcc, 0xf5, 0x00, 0x00, 0x0e, 0xf2, 0x00, 0x00, 0x0e, 0xf2,
  0x00, 0x00, 0x17, 0xf0, 0x00, 0x00, 0x17, 0xf0, 0x00, 0x00, 0xcb, 0xf6,
  0x00, 0x00, 0xcb, 0xf6, 0x00, 0x00, 0x4f, 0x05, 0x00, 0x00, 0x4f, 0x05,
  0x00, 0x00, 0x64, 0x13, 0x00, 0x00, 0x64, 0x13, 0x00, 0x00, 0x03, 0x19,
  0x00, 0x00, 0x03, 0x19, 0x00, 0x00, 0x4d, 0x19, 0x00, 0x00, 0x4d, 0x19,
  0x00, 0x00, 0xea, 0x18, 0x00, 0x00, 0xea, 0x18, 0x00, 0x00, 0x86, 0x19,
  0x00, 0x00, 0x86, 0x19, 0x00, 0x00, 0xc8, 0x1d, 0x00, 0x00, 0xc8, 0x1d,
  0x00, 0x00, 0x8a, 0x22, 0x00, 0x00, 0x8a, 0x22, 0x00, 0x00, 0x05, 0x23,
  0x00, 0x00, 0x05, 0x23, 0x00, 0x00, 0x49, 0x1f, 0x00, 0x00, 0x49, 0x1f,
  0x00, 0x00, 0xbd, 0x19, 0x00, 0x00, 0xbd, 0x19, 0x00, 0x00, 0x6b, 0x11,
  0x00, 0x00, 0x6b, 0x11, 0x00, 0x00, 0xa4, 0x07, 0x00, 0x00, 0xa4, 0x07,
  0x00, 0x00, 0xe7, 0xfd, 0x00, 0x00, 0xe7, 0xfd, 0x00, 0x00, 0x16, 0xf7,
  0x00, 0x00, 0x16, 0xf7, 0x00, 0x00, 0x35, 0xf6, 0x00, 0x00, 0x35, 0xf6,
  0x00, 0x00, 0xfa, 0xf8, 0x00, 0x00, 0xfa, 0xf8, 0x00, 0x00, 0xc5, 0xfa,
  0x00, 0x00, 0xc5, 0xfa, 0x00, 0x00, 0x3b, 0xf9, 0x00, 0x00, 0x3b, 0xf9,
  0x00, 0x00, 0xf7, 0xf5, 0x00, 0x00, 0xf7, 0xf5, 0x00, 0x00, 0x05, 0xf5,
  0x00, 0x00, 0x05, 0xf5, 0x00, 0x00, 0x25, 0xf9, 0x00, 0x00, 0x25, 0xf9,
  0x00, 0x00, 0x89, 0xff, 0x00, 0x00, 0x89, 0xff, 0x00, 0x00, 0x69, 0x06,
  0x00, 0x00, 0x69, 0x06, 0x00, 0x00, 0x27, 0x0c, 0x00, 0x00, 0x27, 0x0c,
  0x00, 0x00, 0x11, 0x10, 0x00, 0x00, 0x11, 0x10, 0x00, 0x00, 0x36, 0x12,
  0x00, 0x00, 0x36, 0x12, 0x00, 0x00, 0xd0, 0x11, 0x00, 0x00, 0xd0, 0x11,
  0x00, 0x00, 0xf2, 0x0e, 0x00, 0x00, 0xf2, 0x0e, 0x00, 0x00, 0xbb, 0x0a,
  0x00, 0x00, 0xbb, 0x0a, 0x00, 0x00, 0x03, 0x08, 0x00, 0x00, 0x03, 0x08,
  0x00, 0x00, 0x6a, 0x07, 0x00, 0x00, 0x6a, 0x07, 0x00, 0x00, 0x82, 0x06,
  0x00, 0x00, 0x82, 0x06, 0x00, 0x00, 0x7f, 0x01, 0x00, 0x00, 0x7f, 0x01,
  0x00, 0x00, 0xf4, 0xfa, 0x00, 0x00, 0xf4, 0xfa, 0x00, 0x00, 0xc8, 0xf5,
  0x00, 0x00, 0xc8, 0xf5, 0x00, 0x00, 0x9b, 0xf0, 0x00, 0x00, 0x9b, 0xf0,
  0x00, 0x00, 0x2d, 0xed, 0x00, 0x00, 0x2d, 0xed, 0x00, 0x00, 0x3a, 0xed,
  0x00, 0x00, 0x3a, 0xed, 0x00, 0x00, 0x33, 0xef, 0x00, 0x00, 0x33, 0xef,
  0x00, 0x00, 0x06, 0xf1, 0x00, 0x00, 0x06, 0xf1, 0x00, 0x00, 0x84, 0xf2,
  0x00, 0x00, 0x84, 0xf2, 0x00, 0x00, 0xcf, 0xf3, 0x00, 0x00, 0xcf, 0xf3,
  0x00, 0x00, 0xba, 0xf5, 0x00, 0x00, 0xba, 0xf5, 0x00, 0x00, 0x15, 0xf7,
  0x00, 0x00, 0x15, 0xf7, 0x00, 0x00, 0xbf, 0xf7, 0x00, 0x00, 0xbf, 0xf7,
  0x00, 0x00, 0xb5, 0xfa, 0x00, 0x00, 0xb5, 0xfa, 0x00, 0x00, 0x23, 0xff,
  0x00, 0x00, 0x23, 0xff, 0x00, 0x00, 0x97, 0x01, 0x00, 0x00, 0x97, 0x01,
  0x00, 0x00, 0xed, 0x01, 0x00, 0x00, 0xed, 0x01, 0x00, 0x00, 0x60, 0x01,
  0x00, 0x00, 0x60, 0x01, 0x00, 0x00, 0x84, 0x00, 0x00, 0x00, 0x84, 0x00,
  0x00, 0x00, 0xfa, 0xff, 0x00, 0x00, 0xfa, 0xff, 0x00, 0x00, 0x09, 0xfe,
  0x00, 0x00, 0x09, 0xfe, 0x00, 0x00, 0x09, 0xfc, 0x00, 0x00, 0x09, 0xfc,
  0x00, 0x00, 0x4e, 0xfc, 0x00, 0x00, 0x4e, 0xfc, 0x00, 0x00, 0x6e, 0xfc,
  0x00, 0x00, 0x6e, 0xfc, 0x00, 0x00, 0xf0, 0xf9, 0x00, 0x00, 0xf0, 0xf9,
  0x00, 0x00, 0x07, 0xf7, 0x00, 0x00, 0x07, 0xf7, 0x00, 0x00, 0x10, 0xf6,
  0x00, 0x00, 0x10, 0xf6, 0x00, 0x00, 0x6c, 0xf5, 0x00, 0x00, 0x6c, 0xf5,
  0x00, 0x00, 0x46, 0xf4, 0x00, 0x00, 0x46, 0xf4, 0x00, 0x00, 0x72, 0xf3,
  0x00, 0x00, 0x72, 0xf3, 0x00, 0x00, 0x10, 0xf5, 0x00, 0x00, 0x10, 0xf5,
  0x00, 0x00, 0xbb, 0xf7, 0x00, 0x00, 0xbb, 0xf7, 0x00, 0x00, 0x55, 0xf8,
  0x00, 0x00, 0x55, 0xf8, 0x00, 0x00, 0x48, 0xf8, 0x00, 0x00, 0x48, 0xf8,
  0x00, 0x00, 0xdc, 0xf9, 0x00, 0x00, 0xdc, 0xf9, 0x00, 0x00, 0x2b, 0xfc,
  0x00, 0x00, 0x2b, 0xfc, 0x00, 0x00, 0xf6, 0xfc, 0x00, 0x00, 0xf6, 0xfc,
  0x00, 0x00, 0x9b, 0xfd, 0x00, 0x00, 0x9b, 0xfd, 0x00, 0x00, 0xcd, 0xff,
  0x00, 0x00, 0xcd, 0xff, 0x00, 0x00, 0x82, 0x01, 0x00, 0x00, 0x82, 0x01,
  0x00, 0x00, 0xd5, 0x00, 0x00, 0x00, 0xd5, 0x00, 0x00, 0x00, 0x02, 0x00,
  0x00, 0x00, 0x02, 0x00, 0x00, 0x00, 0xb5, 0x00, 0x00, 0x00, 0xb5, 0x00,
  0x00, 0x00, 0xc2, 0xff, 0x00, 0x00, 0xc2, 0xff, 0x00, 0x00, 0xfd, 0xfc,
  0x00, 0x00, 0xfd, 0xfc, 0x00, 0x00, 0x67, 0xfc, 0x00, 0x00, 0x67, 0xfc,
  0x00, 0x00, 0xc0, 0xfc, 0x00, 0x00, 0xc0, 0xfc, 0x00, 0x00, 0xbd, 0xfa,
  0x00, 0x00, 0xbd, 0xfa, 0x00, 0x00, 0xfe, 0xf7, 0x00, 0x00, 0xfe, 0xf7,
  0x00, 0x00, 0x48, 0xf7, 0x00, 0x00, 0x48, 0xf7, 0x00, 0x00, 0x6c, 0xf7,
  0x00, 0x00, 0x6c, 0xf7, 0x00, 0x00, 0xc4, 0xf5, 0x00, 0x00, 0xc4, 0xf5,
  0x00, 0x00, 0x0d, 0xf3, 0x00, 0x00, 0x0d, 0xf3, 0x00, 0x00, 0x91, 0xf1,
  0x00, 0x00, 0x91, 0xf1, 0x00, 0x00, 0x0c, 0xf5, 0x00, 0x00, 0x0c, 0xf5,
  0x00, 0x00, 0x29, 0x00, 0x00, 0x00, 0x29, 0x00, 0x00, 0x00, 0x77, 0x0f,
  0x00, 0x00, 0x77, 0x0f, 0x00, 0x00, 0x07, 0x1a, 0x00, 0x00, 0x07, 0x1a,
  0x00, 0x00, 0xb7, 0x1b, 0x00, 0x00, 0xb7, 0x1b, 0x00, 0x00, 0x5e, 0x1a,
  0x00, 0x00, 0x5e, 0x1a, 0x00, 0x00, 0x23, 0x1a, 0x00, 0x00, 0x23, 0x1a,
  0x00, 0x00, 0x08, 0x1c, 0x00, 0x00, 0x08, 0x1c, 0x00, 0x00, 0x97, 0x1e,
  0x00, 0x00, 0x97, 0x1e, 0x00, 0x00, 0x5c, 0x1f, 0x00, 0x00, 0x5c, 0x1f,
  0x00, 0x00, 0x1b, 0x1d, 0x00, 0x00, 0x1b, 0x1d, 0x00, 0x00, 0x99, 0x17,
  0x00, 0x00, 0x99, 0x17, 0x00, 0x00, 0xf0, 0x0f, 0x00, 0x00, 0xf0, 0x0f,
  0x00, 0x00, 0xf4, 0x06, 0x00, 0x00, 0xf4, 0x06, 0x00, 0x00, 0x44, 0xfe,
  0x00, 0x00, 0x44, 0xfe, 0x00, 0x00, 0xe0, 0xf5, 0x00, 0x00, 0xe0, 0xf5,
  0x00, 0x00, 0xbe, 0xf1, 0x00, 0x00, 0xbe, 0xf1, 0x00, 0x00, 0xc3, 0xf4,
  0x00, 0x00, 0xc3, 0xf4, 0x00, 0x00, 0x15, 0xfa, 0x00, 0x00, 0x15, 0xfa,
  0x00, 0x00, 0xdd, 0xfb, 0x00, 0x00, 0xdd, 0xfb, 0x00, 0x00, 0xbd, 0xf9,
  0x00, 0x00, 0xbd, 0xf9, 0x00, 0x00, 0x21, 0xf9, 0x00, 0x00, 0x21, 0xf9,
  0x00, 0x00, 0x1c, 0xfc, 0x00, 0x00, 0x1c, 0xfc, 0x00, 0x00, 0xf2, 0x00,
  0x00, 0x00, 0xf2, 0x00, 0x00, 0x00, 0xa6, 0x06, 0x00, 0x00, 0xa6, 0x06,
  0x00, 0x00, 0x64, 0x0d, 0x00, 0x00, 0x64, 0x0d, 0x00, 0x00, 0xf1, 0x12,
  0x00, 0x00, 0xf1, 0x12, 0x00, 0x00, 0x0f, 0x15, 0x00, 0x00, 0x0f, 0x15,
  0x00, 0x00, 0xac, 0x14, 0x00, 0x00, 0xac, 0x14, 0x00, 0x00, 0x54, 0x11,
  0x00, 0x00, 0x54, 0x11, 0x00, 0x00, 0x36, 0x0c, 0x00, 0x00, 0x36, 0x0c,
  0x00, 0x00, 0x6a, 0x07, 0x00, 0x00, 0x6a, 0x07, 0x00, 0x00, 0xe5, 0x03,
  0x00, 0x00, 0xe5, 0x03, 0x00, 0x00, 0xa9, 0x02, 0x00, 0x00, 0xa9, 0x02,
  0x00, 0x00, 0x46, 0x01, 0x00, 0x00, 0x46, 0x01, 0x00, 0x00, 0x86, 0xfc,
  0x00, 0x00, 0x86, 0xfc, 0x00, 0x00, 0x7a, 0xf5, 0x00, 0x00, 0x7a, 0xf5,
  0x00, 0x00, 0xfa, 0xef, 0x00, 0x00, 0xfa, 0xef, 0x00, 0x00, 0x83, 0xec,
  0x00, 0x00, 0x83, 0xec, 0x00, 0x00, 0xbc, 0xeb, 0x00, 0x00, 0xbc, 0xeb,
  0x00, 0x00, 0x76, 0xed, 0x00, 0x00, 0x76, 0xed, 0x00, 0x00, 0x83, 0xef,
  0x00, 0x00, 0x83, 0xef, 0x00, 0x00, 0xee, 0xf2, 0x00, 0x00, 0xee, 0xf2,
  0x00, 0x00, 0xa3, 0xf6, 0x00, 0x00, 0xa3, 0xf6, 0x00, 0x00, 0x78, 0xf8,
  0x00, 0x00, 0x78, 0xf8, 0x00, 0x00, 0xf3, 0xf8, 0x00, 0x00, 0xf3, 0xf8,
  0x00, 0x00, 0xd6, 0xf9, 0x00, 0x00, 0xd6, 0xf9, 0x00, 0x00, 0x83, 0xfb,
  0x00, 0x00, 0x83, 0xfb, 0x00, 0x00, 0x9b, 0xfe, 0x00, 0x00, 0x9b, 0xfe,
  0x00, 0x00, 0xff, 0x01, 0x00, 0x00, 0xff, 0x01, 0x00, 0x00, 0xcc, 0x02,
  0x00, 0x00, 0xcc, 0x02, 0x00, 0x00, 0x8f, 0x02, 0x00, 0x00, 0x8f, 0x02,
  0x00, 0x00, 0x3e, 0x02, 0x00, 0x00, 0x3e, 0x02, 0x00, 0x00, 0x4a, 0x00,
  0x00, 0x00, 0x4a, 0x00, 0x00, 0x00, 0x1c, 0xfd, 0x00, 0x00, 0x1c, 0xfd,
  0x00, 0x00, 0x71, 0xfb, 0x00, 0x00, 0x71, 0xfb, 0x00, 0x00, 0x5b, 0xfb,
  0x00, 0x00, 0x5b, 0xfb, 0x00, 0x00, 0xe8, 0xfa, 0x00, 0x00, 0xe8, 0xfa,
  0x00, 0x00, 0x78, 0xf9, 0x00, 0x00, 0x78, 0xf9, 0x00, 0x00, 0xab, 0xf7,
  0x00, 0x00, 0xab, 0xf7, 0x00, 0x00, 0xf2, 0xf6, 0x00, 0x00, 0xf2, 0xf6,
  0x00, 0x00, 0x37, 0xf6, 0x00, 0x00, 0x37, 0xf6, 0x00, 0x00, 0x39, 0xf4,
  0x00, 0x00, 0x39, 0xf4, 0x00, 0x00, 0x76, 0xf3, 0x00, 0x00, 0x76, 0xf3,
  0x00, 0x00, 0xd0, 0xf5, 0x00, 0x00, 0xd0, 0xf5, 0x00, 0x00, 0xdc, 0xf7,
  0x00, 0x00, 0xdc, 0xf7, 0x00, 0x00, 0x4a, 0xf8, 0x00, 0x00, 0x4a, 0xf8,
  0x00, 0x00, 0xb4, 0xf9, 0x00, 0x00, 0xb4, 0xf9, 0x00, 0x00, 0xd3, 0xfb,
  0x00, 0x00, 0xd3, 0xfb, 0x00, 0x00, 0x00, 0xfd, 0x00, 0x00, 0x00, 0xfd,
  0x00, 0x00, 0x5b, 0xfd, 0x00, 0x00, 0x5b, 0xfd, 0x00, 0x00, 0x5f, 0xfe,
  0x00, 0x00, 0x5f, 0xfe, 0x00, 0x00, 0x4a, 0x00, 0x00, 0x00, 0x4a, 0x00,
  0x00, 0x00, 0xa6, 0x01, 0x00, 0x00, 0xa6, 0x01, 0x00, 0x00, 0x5e, 0x01,
  0x00, 0x00, 0x5e, 0x01, 0x00, 0x00, 0xf5, 0x00, 0x00, 0x00, 0xf5, 0x00,
  0x00, 0x00, 0xf7, 0x00, 0x00, 0x00, 0xf7, 0x00, 0x00, 0x00, 0xe9, 0xff,
  0x00, 0x00, 0xe9, 0xff, 0x00, 0x00, 0x70, 0xfe, 0x00, 0x00, 0x70, 0xfe,
  0x00, 0x00, 0x17, 0xfd, 0x00, 0x00, 0x17, 0xfd, 0x00, 0x00, 0xf6, 0xfb,
  0x00, 0x00, 0xf6, 0xfb, 0x00, 0x00, 0x46, 0xfb, 0x00, 0x00, 0x46, 0xfb,
  0x00, 0x00, 0xa6, 0xfa, 0x00, 0x00, 0xa6, 0xfa, 0x00, 0x00, 0x55, 0xf9,
  0x00, 0x00, 0x55, 0xf9, 0x00, 0x00, 0xf7, 0xf7, 0x00, 0x00, 0xf7, 0xf7,
  0x00, 0x00, 0xdd, 0xf7, 0x00, 0x00, 0xdd, 0xf7, 0x00, 0x00, 0x0c, 0xf8,
  0x00, 0x00, 0x0c, 0xf8, 0x00, 0x00, 0xbc, 0xf7, 0x00, 0x00, 0xbc, 0xf7,
  0x00, 0x00, 0xeb, 0xf6, 0x00, 0x00, 0xeb, 0xf6, 0x00, 0x00, 0xcb, 0xf5,
  0x00, 0x00, 0xcb, 0xf5, 0x00, 0x00, 0x96, 0xf6, 0x00, 0x00, 0x96, 0xf6,
  0x00, 0x00, 0x97, 0xfd, 0x00, 0x00, 0x97, 0xfd, 0x00, 0x00, 0x4a, 0x0b,
  0x00, 0x00, 0x4a, 0x0b, 0x00, 0x00, 0x88, 0x18, 0x00, 0x00, 0x88, 0x18,
  0x00, 0x00, 0x29, 0x1e, 0x00, 0x00, 0x29, 0x1e, 0x00, 0x00, 0x11, 0x1d,
  0x00, 0x00, 0x11, 0x1d, 0x00, 0x00, 0xcc, 0x1a, 0x00, 0x00, 0xcc, 0x1a,
  0x00, 0x00, 0xb4, 0x1a, 0x00, 0x00, 0xb4, 0x1a, 0x00, 0x00, 0xda, 0x1b,
  0x00, 0x00, 0xda, 0x1b, 0x00, 0x00, 0x4e, 0x1c, 0x00, 0x00, 0x4e, 0x1c,
  0x00, 0x00, 0xa8, 0x1a, 0x00, 0x00, 0xa8, 0x1a, 0x00, 0x00, 0x2e, 0x16,
  0x00, 0x00, 0x2e, 0x16, 0x00, 0x00, 0xfb, 0x0f, 0x00, 0x00, 0xfb, 0x0f,
  0x00, 0x00, 0x9f, 0x08, 0x00, 0x00, 0x9f, 0x08, 0x00, 0x00, 0xef, 0xff,
  0x00, 0x00, 0xef, 0xff, 0x00, 0x00, 0x22, 0xf6, 0x00, 0x00, 0x22, 0xf6,
  0x00, 0x00, 0xb8, 0xef, 0x00, 0x00, 0xb8, 0xef, 0x00, 0x00, 0x16, 0xf0,
  0x00, 0x00, 0x16, 0xf0, 0x00, 0x00, 0x26, 0xf5, 0x00, 0x00, 0x26, 0xf5,
  0x00, 0x00, 0x1b, 0xfb, 0x00, 0x00, 0x1b, 0xfb, 0x00, 0x00, 0xe5, 0xfd,
  0x00, 0x00, 0xe5, 0xfd, 0x00, 0x00, 0xa6, 0xfd, 0x00, 0x00, 0xa6, 0xfd,
  0x00, 0x00, 0xf7, 0xfd, 0x00, 0x00, 0xf7, 0xfd, 0x00, 0x00, 0x7b, 0x01,
  0x00, 0x00, 0x7b, 0x01, 0x00, 0x00, 0xf7, 0x06, 0x00, 0x00, 0xf7, 0x06,
  0x00, 0x00, 0x99, 0x0d, 0x00, 0x00, 0x99, 0x0d, 0x00, 0x00, 0x13, 0x13,
  0x00, 0x00, 0x13, 0x13, 0x00, 0x00, 0x24, 0x16, 0x00, 0x00, 0x24, 0x16,
  0x00, 0x00, 0x94, 0x18, 0x00, 0x00, 0x94, 0x18, 0x00, 0x00, 0x0c, 0x17,
  0x00, 0x00, 0x0c, 0x17, 0x00, 0x00, 0x39, 0x10, 0x00, 0x00, 0x39, 0x10,
  0x00, 0x00, 0xf2, 0x08, 0x00, 0x00, 0xf2, 0x08, 0x00, 0x00, 0x40, 0x04,
  0x00, 0x00, 0x40, 0x04, 0x00, 0x00, 0xe8, 0x00, 0x00, 0x00, 0xe8, 0x00,
  0x00, 0x00, 0xaf, 0xfe, 0x00, 0x00, 0xaf, 0xfe, 0x00, 0x00, 0x43, 0xfc,
  0x00, 0x00, 0x43, 0xfc, 0x00, 0x00, 0xfe, 0xf7, 0x00, 0x00, 0xfe, 0xf7,
  0x00, 0x00, 0xb8, 0xf2, 0x00, 0x00, 0xb8, 0xf2, 0x00, 0x00, 0x65, 0xed,
  0x00, 0x00, 0x65, 0xed, 0x00, 0x00, 0x8a, 0xea, 0x00, 0x00, 0x8a, 0xea,
  0x00, 0x00, 0x6e, 0xeb, 0x00, 0x00, 0x6e, 0xeb, 0x00, 0x00, 0x63, 0xee,
  0x00, 0x00, 0x63, 0xee, 0x00, 0x00, 0xc5, 0xf1, 0x00, 0x00, 0xc5, 0xf1,
  0x00, 0x00, 0xbe, 0xf5, 0x00, 0x00, 0xbe, 0xf5, 0x00, 0x00, 0xe4, 0xf9,
  0x00, 0x00, 0xe4, 0xf9, 0x00, 0x00, 0x41, 0xfc, 0x00, 0x00, 0x41, 0xfc,
  0x00, 0x00, 0x5a, 0xfc, 0x00, 0x00, 0x5a, 0xfc, 0x00, 0x00, 0xd2, 0xfc,
  0x00, 0x00, 0xd2, 0xfc, 0x00, 0x00, 0xe4, 0xfe, 0x00, 0x00, 0xe4, 0xfe,
  0x00, 0x00, 0x25, 0x01, 0x00, 0x00, 0x25, 0x01, 0x00, 0x00, 0x07, 0x03,
  0x00, 0x00, 0x07, 0x03, 0x00, 0x00, 0xe8, 0x03, 0x00, 0x00, 0xe8, 0x03,
  0x00, 0x00, 0x19, 0x03, 0x00, 0x00, 0x19, 0x03, 0x00, 0x00, 0x03, 0x01,
  0x00, 0x00, 0x03, 0x01, 0x00, 0x00, 0x47, 0xfe, 0x00, 0x00, 0x47, 0xfe,
  0x00, 0x00, 0xab, 0xfb, 0x00, 0x00, 0xab, 0xfb, 0x00, 0x00, 0x2c, 0xfa,
  0x00, 0x00, 0x2c, 0xfa, 0x00, 0x00, 0x71, 0xf9, 0x00, 0x00, 0x71, 0xf9,
  0x00, 0x00, 0xfb, 0xf8, 0x00, 0x00, 0xfb, 0xf8, 0x00, 0x00, 0x6e, 0xf8,
  0x00, 0x00, 0x6e, 0xf8, 0x00, 0x00, 0x6c, 0xf7, 0x00, 0x00, 0x6c, 0xf7,
  0x00, 0x00, 0x83, 0xf6, 0x00, 0x00, 0x83, 0xf6, 0x00, 0x00, 0x04, 0xf6,
  0x00, 0x00, 0x04, 0xf6, 0x00, 0x00, 0x8d, 0xf5, 0x00, 0x00, 0x8d, 0xf5,
  0x00, 0x00, 0x01, 0xf6, 0x00, 0x00, 0x01, 0xf6, 0x00, 0x00, 0x0a, 0xf8,
  0x00, 0x00, 0x0a, 0xf8, 0x00, 0x00, 0x3b, 0xfa, 0x00, 0x00, 0x3b, 0xfa,
  0x00, 0x00, 0xd6, 0xfb, 0x00, 0x00, 0xd6, 0xfb, 0x00, 0x00, 0x11, 0xfd,
  0x00, 0x00, 0x11, 0xfd, 0x00, 0x00, 0xf7, 0xfd, 0x00, 0x00, 0xf7, 0xfd,
  0x00, 0x00, 0xd5, 0xfe, 0x00, 0x00, 0xd5, 0xfe, 0x00, 0x00, 0xcd, 0xff,
  0x00, 0x00, 0xcd, 0xff, 0x00, 0x00, 0x5c, 0x00, 0x00, 0x00, 0x5c, 0x00,
  0x00, 0x00, 0xde, 0x00, 0x00, 0x00, 0xde, 0x00, 0x00, 0x00, 0x6f, 0x01,
  0x00, 0x00, 0x6f, 0x01, 0x00, 0x00, 0x55, 0x01, 0x00, 0x00, 0x55, 0x01,
  0x00, 0x00, 0x84, 0x00, 0x00, 0x00, 0x84, 0x00, 0x00, 0x00, 0x3b, 0xff,
  0x00, 0x00, 0x3b, 0xff, 0x00, 0x00, 0xa7, 0xfd, 0x00, 0x00, 0xa7, 0xfd,
  0x00, 0x00, 0x59, 0xfc, 0x00, 0x00, 0x59, 0xfc, 0x00, 0x00, 0x7b, 0xfb,
  0x00, 0x00, 0x7b, 0xfb, 0x00, 0x00, 0xa4, 0xfa, 0x00, 0x00, 0xa4, 0xfa,
  0x00, 0x00, 0xe3, 0xf9, 0x00, 0x00, 0xe3, 0xf9, 0x00, 0x00, 0xe2, 0xf8,
  0x00, 0x00, 0xe2, 0xf8, 0x00, 0x00, 0x2e, 0xf8, 0x00, 0x00, 0x2e, 0xf8,
  0x00, 0x00, 0x8f, 0xf8, 0x00, 0x00, 0x8f, 0xf8, 0x00, 0x00, 0x7d, 0xf8,
  0x00, 0x00, 0x7d, 0xf8, 0x00, 0x00, 0x81, 0xf7, 0x00, 0x00, 0x81, 0xf7,
  0x00, 0x00, 0xd3, 0xf7, 0x00, 0x00, 0xd3, 0xf7, 0x00, 0x00, 0xf0, 0xf9,
  0x00, 0x00, 0xf0, 0xf9, 0x00, 0x00, 0xb4, 0xfa, 0x00, 0x00, 0xb4, 0xfa,
  0x00, 0x00, 0x5a, 0xf9, 0x00, 0x00, 0x5a, 0xf9, 0x00, 0x00, 0x74, 0xf7,
  0x00, 0x00, 0x74, 0xf7, 0x00, 0x00, 0xb8, 0xf9, 0x00, 0x00, 0xb8, 0xf9,
  0x00, 0x00, 0x75, 0x04, 0x00, 0x00, 0x75, 0x04, 0x00, 0x00, 0x51, 0x13,
  0x00, 0x00, 0x51, 0x13, 0x00, 0x00, 0xfb, 0x1d, 0x00, 0x00, 0xfb, 0x1d,
  0x00, 0x00, 0xbe, 0x21, 0x00, 0x00, 0xbe, 0x21, 0x00, 0x00, 0xc3, 0x20,
  0x00, 0x00, 0xc3, 0x20, 0x00, 0x00, 0xbc, 0x1c, 0x00, 0x00, 0xbc, 0x1c,
  0x00, 0x00, 0x14, 0x1b, 0x00, 0x00, 0x14, 0x1b, 0x00, 0x00, 0x31, 0x1c,
  0x00, 0x00, 0x31, 0x1c, 0x00, 0x00, 0x67, 0x1b, 0x00, 0x00, 0x67, 0x1b,
  0x00, 0x00, 0xc8, 0x17, 0x00, 0x00, 0xc8, 0x17, 0x00, 0x00, 0x08, 0x12,
  0x00, 0x00, 0x08, 0x12, 0x00, 0x00, 0x54, 0x0b, 0x00, 0x00, 0x54, 0x0b,
  0x00, 0x00, 0x53, 0x04, 0x00, 0x00, 0x53, 0x04, 0x00, 0x00, 0x56, 0xfb,
  0x00, 0x00, 0x56, 0xfb, 0x00, 0x00, 0x0f, 0xf1, 0x00, 0x00, 0x0f, 0xf1,
  0x00, 0x00, 0x22, 0xed, 0x00, 0x00, 0x22, 0xed, 0x00, 0x00, 0xb0, 0xf0,
  0x00, 0x00, 0xb0, 0xf0, 0x00, 0x00, 0x70, 0xf7, 0x00, 0x00, 0x70, 0xf7,
  0x00, 0x00, 0xc3, 0xfe, 0x00, 0x00, 0xc3, 0xfe, 0x00, 0x00, 0xa0, 0x01,
  0x00, 0x00, 0xa0, 0x01, 0x00, 0x00, 0xc8, 0x00, 0x00, 0x00, 0xc8, 0x00,
  0x00, 0x00, 0xd6, 0x02, 0x00, 0x00, 0xd6, 0x02, 0x00, 0x00, 0x93, 0x07,
  0x00, 0x00, 0x93, 0x07, 0x00, 0x00, 0x30, 0x0c, 0x00, 0x00, 0x30, 0x0c,
  0x00, 0x00, 0x7f, 0x11, 0x00, 0x00, 0x7f, 0x11, 0x00, 0x00, 0x51, 0x16,
  0x00, 0x00, 0x51, 0x16, 0x00, 0x00, 0xe9, 0x18, 0x00, 0x00, 0xe9, 0x18,
  0x00, 0x00, 0x8c, 0x18, 0x00, 0x00, 0x8c, 0x18, 0x00, 0x00, 0x5f, 0x13,
  0x00, 0x00, 0x5f, 0x13, 0x00, 0x00, 0x89, 0x0b, 0x00, 0x00, 0x89, 0x0b,
  0x00, 0x00, 0xd4, 0x04, 0x00, 0x00, 0xd4, 0x04, 0x00, 0x00, 0xe9, 0xfe,
  0x00, 0x00, 0xe9, 0xfe, 0x00, 0x00, 0x72, 0xfb, 0x00, 0x00, 0x72, 0xfb,
  0x00, 0x00, 0x18, 0xfb, 0x00, 0x00, 0x18, 0xfb, 0x00, 0x00, 0xf7, 0xf8,
  0x00, 0x00, 0xf7, 0xf8, 0x00, 0x00, 0x92, 0xf3, 0x00, 0x00, 0x92, 0xf3,
  0x00, 0x00, 0xa4, 0xee, 0x00, 0x00, 0xa4, 0xee, 0x00, 0x00, 0x70, 0xec,
  0x00, 0x00, 0x70, 0xec, 0x00, 0x00, 0x49, 0xec, 0x00, 0x00, 0x49, 0xec,
  0x00, 0x00, 0xc4, 0xed, 0x00, 0x00, 0xc4, 0xed, 0x00, 0x00, 0x0f, 0xf1,
  0x00, 0x00, 0x0f, 0xf1, 0x00, 0x00, 0x53, 0xf6, 0x00, 0x00, 0x53, 0xf6,
  0x00, 0x00, 0x6d, 0xfb, 0x00, 0x00, 0x6d, 0xfb, 0x00, 0x00, 0x2f, 0xfd,
  0x00, 0x00, 0x2f, 0xfd, 0x00, 0x00, 0xbe, 0xfd, 0x00, 0x00, 0xbe, 0xfd,
  0x00, 0x00, 0xe7, 0xfe, 0x00, 0x00, 0xe7, 0xfe, 0x00, 0x00, 0x33, 0xff,
  0x00, 0x00, 0x33, 0xff, 0x00, 0x00, 0x3a, 0xff, 0x00, 0x00, 0x3a, 0xff,
  0x00, 0x00, 0x10, 0x01, 0x00, 0x00, 0x10, 0x01, 0x00, 0x00, 0x31, 0x03,
  0x00, 0x00, 0x31, 0x03, 0x00, 0x00, 0x89, 0x02, 0x00, 0x00, 0x89, 0x02,
  0x00, 0x00, 0x22, 0x00, 0x00, 0x00, 0x22, 0x00, 0x00, 0x00, 0xa5, 0xfd,
  0x00, 0x00, 0xa5, 0xfd, 0x00, 0x00, 0xe8, 0xfb, 0x00, 0x00, 0xe8, 0xfb,
  0x00, 0x00, 0xfb, 0xf9, 0x00, 0x00, 0xfb, 0xf9, 0x00, 0x00, 0xf0, 0xf7,
  0x00, 0x00, 0xf0, 0xf7, 0x00, 0x00, 0xb3, 0xf7, 0x00, 0x00, 0xb3, 0xf7,
  0x00, 0x00, 0x86, 0xf8, 0x00, 0x00, 0x86, 0xf8, 0x00, 0x00, 0x88, 0xf8,
  0x00, 0x00, 0x88, 0xf8, 0x00, 0x00, 0x48, 0xf7, 0x00, 0x00, 0x48, 0xf7,
  0x00, 0x00, 0x41, 0xf6, 0x00, 0x00, 0x41, 0xf6, 0x00, 0x00, 0x10, 0xf6,
  0x00, 0x00, 0x10, 0xf6, 0x00, 0x00, 0xa5, 0xf6, 0x00, 0x00, 0xa5, 0xf6,
  0x00, 0x00, 0x90, 0xf7, 0x00, 0x00, 0x90, 0xf7, 0x00, 0x00, 0xd4, 0xf8,
  0x00, 0x00, 0xd4, 0xf8, 0x00, 0x00, 0xe6, 0xfa, 0x00, 0x00, 0xe6, 0xfa,
  0x00, 0x00, 0xb4, 0xfc, 0x00, 0x00, 0xb4, 0xfc, 0x00, 0x00, 0x19, 0xfe,
  0x00, 0x00, 0x19, 0xfe, 0x00, 0x00, 0x83, 0xfe, 0x00, 0x00, 0x83, 0xfe,
  0x00, 0x00, 0x5c, 0xfe, 0x00, 0x00, 0x5c, 0xfe, 0x00, 0x00, 0x76, 0xff,
  0x00, 0x00, 0x76, 0xff, 0x00, 0x00, 0xc3, 0x00, 0x00, 0x00, 0xc3, 0x00,
  0x00, 0x00, 0xc3, 0x00, 0x00, 0x00, 0xc3, 0x00, 0x00, 0x00, 0x87, 0x00,
  0x00, 0x00, 0x87, 0x00, 0x00, 0x00, 0xf0, 0x00, 0x00, 0x00, 0xf0, 0x00,
  0x00, 0x00, 0x54, 0x00, 0x00, 0x00, 0x54, 0x00, 0x00, 0x00, 0xd9, 0xfe,
  0x00, 0x00, 0xd9, 0xfe, 0x00, 0x00, 0x27, 0xfd, 0x00, 0x00, 0x27, 0xfd,
  0x00, 0x00, 0xc6, 0xfb, 0x00, 0x00, 0xc6, 0xfb, 0x00, 0x00, 0x53, 0xfb,
  0x00, 0x00, 0x53, 0xfb, 0x00, 0x00, 0x66, 0xfa, 0x00, 0x00, 0x66, 0xfa,
  0x00, 0x00, 0x3e, 0xf9, 0x00, 0x00, 0x3e, 0xf9, 0x00, 0x00, 0xcd, 0xf8,
  0x00, 0x00, 0xcd, 0xf8, 0x00, 0x00, 0x01, 0xf9, 0x00, 0x00, 0x01, 0xf9,
  0x00, 0x00, 0xa8, 0xf8, 0x00, 0x00, 0xa8, 0xf8, 0x00, 0x00, 0xd9, 0xf7,
  0x00, 0x00, 0xd9, 0xf7, 0x00, 0x00, 0xee, 0xf7, 0x00, 0x00, 0xee, 0xf7,
  0x00, 0x00, 0x59, 0xf9, 0x00, 0x00, 0x59, 0xf9, 0x00, 0x00, 0x45, 0xfa,
  0x00, 0x00, 0x45, 0xfa, 0x00, 0x00, 0xd0, 0xf9, 0x00, 0x00, 0xd0, 0xf9,
  0x00, 0x00, 0xbc, 0xfa, 0x00, 0x00, 0xbc, 0xfa, 0x00, 0x00, 0x37, 0xfc,
  0x00, 0x00, 0x37, 0xfc, 0x00, 0x00, 0xc6, 0xfb, 0x00, 0x00, 0xc6, 0xfb,
  0x00, 0x00, 0xe8, 0xf8, 0x00, 0x00, 0xe8, 0xf8, 0x00, 0x00, 0x67, 0xf9,
  0x00, 0x00, 0x67, 0xf9, 0x00, 0x00, 0x33, 0x04, 0x00, 0x00, 0x33, 0x04,
  0x00, 0x00, 0xbd, 0x14, 0x00, 0x00, 0xbd, 0x14, 0x00, 0x00, 0x78, 0x1f,
  0x00, 0x00, 0x78, 0x1f, 0x00, 0x00, 0x89, 0x21, 0x00, 0x00, 0x89, 0x21,
  0x00, 0x00, 0x44, 0x20, 0x00, 0x00, 0x44, 0x20, 0x00, 0x00, 0xd3, 0x1c,
  0x00, 0x00, 0xd3, 0x1c, 0x00, 0x00, 0xf0, 0x19, 0x00, 0x00, 0xf0, 0x19,
  0x00, 0x00, 0xe7, 0x18, 0x00, 0x00, 0xe7, 0x18, 0x00, 0x00, 0xa1, 0x17,
  0x00, 0x00, 0xa1, 0x17, 0x00, 0x00, 0xb6, 0x14, 0x00, 0x00, 0xb6, 0x14,
  0x00, 0x00, 0x19, 0x0f, 0x00, 0x00, 0x19, 0x0f, 0x00, 0x00, 0x3d, 0x08,
  0x00, 0x00, 0x3d, 0x08, 0x00, 0x00, 0xab, 0x01, 0x00, 0x00, 0xab, 0x01,
  0x00, 0x00, 0x25, 0xfa, 0x00, 0x00, 0x25, 0xfa, 0x00, 0x00, 0x9e, 0xf0,
  0x00, 0x00, 0x9e, 0xf0, 0x00, 0x00, 0x27, 0xec, 0x00, 0x00, 0x27, 0xec,
  0x00, 0x00, 0xd7, 0xf0, 0x00, 0x00, 0xd7, 0xf0, 0x00, 0x00, 0xea, 0xf9,
  0x00, 0x00, 0xea, 0xf9, 0x00, 0x00, 0xab, 0x01, 0x00, 0x00, 0xab, 0x01,
  0x00, 0x00, 0x1b, 0x05, 0x00, 0x00, 0x1b, 0x05, 0x00, 0x00, 0x36, 0x06,
  0x00, 0x00, 0x36, 0x06, 0x00, 0x00, 0x85, 0x07, 0x00, 0x00, 0x85, 0x07,
  0x00, 0x00, 0x42, 0x0a, 0x00, 0x00, 0x42, 0x0a, 0x00, 0x00, 0x85, 0x0e,
  0x00, 0x00, 0x85, 0x0e, 0x00, 0x00, 0x0f, 0x13, 0x00, 0x00, 0x0f, 0x13,
  0x00, 0x00, 0x0a, 0x16, 0x00, 0x00, 0x0a, 0x16, 0x00, 0x00, 0x1c, 0x17,
  0x00, 0x00, 0x1c, 0x17, 0x00, 0x00, 0xbb, 0x16, 0x00, 0x00, 0xbb, 0x16,
  0x00, 0x00, 0xe9, 0x11, 0x00, 0x00, 0xe9, 0x11, 0x00, 0x00, 0xad, 0x08,
  0x00, 0x00, 0xad, 0x08, 0x00, 0x00, 0xcd, 0xff, 0x00, 0x00, 0xcd, 0xff,
  0x00, 0x00, 0x62, 0xfa, 0x00, 0x00, 0x62, 0xfa, 0x00, 0x00, 0x0b, 0xf8,
  0x00, 0x00, 0x0b, 0xf8, 0x00, 0x00, 0xb4, 0xf6, 0x00, 0x00, 0xb4, 0xf6,
  0x00, 0x00, 0x83, 0xf5, 0x00, 0x00, 0x83, 0xf5, 0x00, 0x00, 0xfa, 0xf2,
  0x00, 0x00, 0xfa, 0xf2, 0x00, 0x00, 0x40, 0xef, 0x00, 0x00, 0x40, 0xef,
  0x00, 0x00, 0x81, 0xec, 0x00, 0x00, 0x81, 0xec, 0x00, 0x00, 0xdb, 0xec,
  0x00, 0x00, 0xdb, 0xec, 0x00, 0x00, 0x04, 0xf0, 0x00, 0x00, 0x04, 0xf0,
  0x00, 0x00, 0x5b, 0xf3, 0x00, 0x00, 0x5b, 0xf3, 0x00, 0x00, 0xad, 0xf7,
  0x00, 0x00, 0xad, 0xf7, 0x00, 0x00, 0x9b, 0xfd, 0x00, 0x00, 0x9b, 0xfd,
  0x00, 0x00, 0xa6, 0x01, 0x00, 0x00, 0xa6, 0x01, 0x00, 0x00, 0x2d, 0x01,
  0x00, 0x00, 0x2d, 0x01, 0x00, 0x00, 0x91, 0xff, 0x00, 0x00, 0x91, 0xff,
  0x00, 0x00, 0xbb, 0xff, 0x00, 0x00, 0xbb, 0xff, 0x00, 0x00, 0xea, 0xff,
  0x00, 0x00, 0xea, 0xff, 0x00, 0x00, 0xd2, 0xff, 0x00, 0x00, 0xd2, 0xff,
  0x00, 0x00, 0x67, 0x00, 0x00, 0x00, 0x67, 0x00, 0x00, 0x00, 0x10, 0x01,
  0x00, 0x00, 0x10, 0x01, 0x00, 0x00, 0x87, 0xff, 0x00, 0x00, 0x87, 0xff,
  0x00, 0x00, 0x01, 0xfc, 0x00, 0x00, 0x01, 0xfc, 0x00, 0x00, 0x36, 0xf9,
  0x00, 0x00, 0x36, 0xf9, 0x00, 0x00, 0xb0, 0xf7, 0x00, 0x00, 0xb0, 0xf7,
  0x00, 0x00, 0x4a, 0xf6, 0x00, 0x00, 0x4a, 0xf6, 0x00, 0x00, 0x48, 0xf5,
  0x00, 0x00, 0x48, 0xf5, 0x00, 0x00, 0x6c, 0xf6, 0x00, 0x00, 0x6c, 0xf6,
  0x00, 0x00, 0x92, 0xf7, 0x00, 0x00, 0x92, 0xf7, 0x00, 0x00, 0x59, 0xf7,
  0x00, 0x00, 0x59, 0xf7, 0x00, 0x00, 0xc3, 0xf6, 0x00, 0x00, 0xc3, 0xf6,
  0x00, 0x00, 0x8d, 0xf6, 0x00, 0x00, 0x8d, 0xf6, 0x00, 0x00, 0xcc, 0xf6,
  0x00, 0x00, 0xcc, 0xf6, 0x00, 0x00, 0x79, 0xf7, 0x00, 0x00, 0x79, 0xf7,
  0x00, 0x00, 0x53, 0xf9, 0x00, 0x00, 0x53, 0xf9, 0x00, 0x00, 0x26, 0xfb,
  0x00, 0x00, 0x26, 0xfb, 0x00, 0x00, 0x31, 0xfd, 0x00, 0x00, 0x31, 0xfd,
  0x00, 0x00, 0x51, 0xfe, 0x00, 0x00, 0x51, 0xfe, 0x00, 0x00, 0xd2, 0xfe,
  0x00, 0x00, 0xd2, 0xfe, 0x00, 0x00, 0x3a, 0xff, 0x00, 0x00, 0x3a, 0xff,
  0x00, 0x00, 0x14, 0xff, 0x00, 0x00, 0x14, 0xff, 0x00, 0x00, 0x8b, 0xff,
  0x00, 0x00, 0x8b, 0xff, 0x00, 0x00, 0x00, 0x00, 0x00, 0x00, 0x00, 0x00,
  0x00, 0x00, 0x19, 0x00, 0x00, 0x00, 0x19, 0x00, 0x00, 0x00, 0x8d, 0xff,
  0x00, 0x00, 0x8d, 0xff, 0x00, 0x00, 0x2b, 0xff, 0x00, 0x00, 0x2b, 0xff,
  0x00, 0x00, 0x12, 0xfe, 0x00, 0x00, 0x12, 0xfe, 0x00, 0x00, 0x75, 0xfc,
  0x00, 0x00, 0x75, 0xfc, 0x00, 0x00, 0x27, 0xfb, 0x00, 0x00, 0x27, 0xfb,
  0x00, 0x00, 0x06, 0xfa, 0x00, 0x00, 0x06, 0xfa, 0x00, 0x00, 0xb6, 0xf9,
  0x00, 0x00, 0xb6, 0xf9, 0x00, 0x00, 0x78, 0xf9, 0x00, 0x00, 0x78, 0xf9,
  0x00, 0x00, 0x19, 0xf9, 0x00, 0x00, 0x19, 0xf9, 0x00, 0x00, 0xb0, 0xf8,
  0x00, 0x00, 0xb0, 0xf8, 0x00, 0x00, 0xc1, 0xf8, 0x00, 0x00, 0xc1, 0xf8,
  0x00, 0x00, 0x17, 0xf9, 0x00, 0x00, 0x17, 0xf9, 0x00, 0x00, 0x3f, 0xf9,
  0x00, 0x00, 0x3f, 0xf9, 0x00, 0x00, 0x5f, 0xf9, 0x00, 0x00, 0x5f, 0xf9,
  0x00, 0x00, 0x6f, 0xfa, 0x00, 0x00, 0x6f, 0xfa, 0x00, 0x00, 0xdf, 0xfb,
  0x00, 0x00, 0xdf, 0xfb, 0x00, 0x00, 0x34, 0xfc, 0x00, 0x00, 0x34, 0xfc,
  0x00, 0x00, 0xd1, 0xfb, 0x00, 0x00, 0xd1, 0xfb, 0x00, 0x00, 0x56, 0xfc,
  0x00, 0x00, 0x56, 0xfc, 0x00, 0x00, 0x15, 0xfd, 0x00, 0x00, 0x15, 0xfd,
  0x00, 0x00, 0x07, 0xfc, 0x00, 0x00, 0x07, 0xfc, 0x00, 0x00, 0xbc, 0xf9,
  0x00, 0x00, 0xbc, 0xf9, 0x00, 0x00, 0x13, 0xf8, 0x00, 0x00, 0x13, 0xf8,
  0x00, 0x00, 0x20, 0xfc, 0x00, 0x00, 0x20, 0xfc, 0x00, 0x00, 0x7b, 0x08,
  0x00, 0x00, 0x7b, 0x08, 0x00, 0x00, 0x7c, 0x17, 0x00, 0x00, 0x7c, 0x17,
  0x00, 0x00, 0x35, 0x20, 0x00, 0x00, 0x35, 0x20, 0x00, 0x00, 0xf6, 0x20,
  0x00, 0x00, 0xf6, 0x20, 0x00, 0x00, 0xc7, 0x1d, 0x00, 0x00, 0xc7, 0x1d,
  0x00, 0x00, 0x5e, 0x1a, 0x00, 0x00, 0x5e, 0x1a, 0x00, 0x00, 0x82, 0x18,
  0x00, 0x00, 0x82, 0x18, 0x00, 0x00, 0x40, 0x16, 0x00, 0x00, 0x40, 0x16,
  0x00, 0x00, 0x7f, 0x13, 0x00, 0x00, 0x7f, 0x13, 0x00, 0x00, 0x65, 0x0f,
  0x00, 0x00, 0x65, 0x0f, 0x00, 0x00, 0xc5, 0x09, 0x00, 0x00, 0xc5, 0x09,
  0x00, 0x00, 0xa3, 0x04, 0x00, 0x00, 0xa3, 0x04, 0x00, 0x00, 0xba, 0xfe,
  0x00, 0x00, 0xba, 0xfe, 0x00, 0x00, 0xef, 0xf5, 0x00, 0x00, 0xef, 0xf5,
  0x00, 0x00, 0x79, 0xed, 0x00, 0x00, 0x79, 0xed, 0x00, 0x00, 0xfa, 0xeb,
  0x00, 0x00, 0xfa, 0xeb, 0x00, 0x00, 0xc6, 0xf2, 0x00, 0x00, 0xc6, 0xf2,
  0x00, 0x00, 0x2f, 0xfe, 0x00, 0x00, 0x2f, 0xfe, 0x00, 0x00, 0x8e, 0x07,
  0x00, 0x00, 0x8e, 0x07, 0x00, 0x00, 0xa7, 0x0b, 0x00, 0x00, 0xa7, 0x0b,
  0x00, 0x00, 0x91, 0x0d, 0x00, 0x00, 0x91, 0x0d, 0x00, 0x00, 0xf1, 0x0e,
  0x00, 0x00, 0xf1, 0x0e, 0x00, 0x00, 0x93, 0x10, 0x00, 0x00, 0x93, 0x10,
  0x00, 0x00, 0xac, 0x12, 0x00, 0x00, 0xac, 0x12, 0x00, 0x00, 0xf1, 0x14,
  0x00, 0x00, 0xf1, 0x14, 0x00, 0x00, 0xf4, 0x16, 0x00, 0x00, 0xf4, 0x16,
  0x00, 0x00, 0x91, 0x17, 0x00, 0x00, 0x91, 0x17, 0x00, 0x00, 0x67, 0x15,
  0x00, 0x00, 0x67, 0x15, 0x00, 0x00, 0x2c, 0x0f, 0x00, 0x00, 0x2c, 0x0f,
  0x00, 0x00, 0x11, 0x06, 0x00, 0x00, 0x11, 0x06, 0x00, 0x00, 0x24, 0xfc,
  0x00, 0x00, 0x24, 0xfc, 0x00, 0x00, 0xf0, 0xf4, 0x00, 0x00, 0xf0, 0xf4,
  0x00, 0x00, 0x75, 0xf2, 0x00, 0x00, 0x75, 0xf2, 0x00, 0x00, 0x42, 0xf3,
  0x00, 0x00, 0x42, 0xf3, 0x00, 0x00, 0xc7, 0xf3, 0x00, 0x00, 0xc7, 0xf3,
  0x00, 0x00, 0xc3, 0xf1, 0x00, 0x00, 0xc3, 0xf1, 0x00, 0x00, 0x35, 0xf0,
  0x00, 0x00, 0x35, 0xf0, 0x00, 0x00, 0xe5, 0xef, 0x00, 0x00, 0xe5, 0xef,
  0x00, 0x00, 0x08, 0xf0, 0x00, 0x00, 0x08, 0xf0, 0x00, 0x00, 0xbb, 0xf1,
  0x00, 0x00, 0xbb, 0xf1, 0x00, 0x00, 0xa6, 0xf5, 0x00, 0x00, 0xa6, 0xf5,
  0x00, 0x00, 0x2d, 0xfb, 0x00, 0x00, 0x2d, 0xfb, 0x00, 0x00, 0x5a, 0x00,
  0x00, 0x00, 0x5a, 0x00, 0x00, 0x00, 0xf6, 0x02, 0x00, 0x00, 0xf6, 0x02,
  0x00, 0x00, 0x56, 0x03, 0x00, 0x00, 0x56, 0x03, 0x00, 0x00, 0x17, 0x03,
  0x00, 0x00, 0x17, 0x03, 0x00, 0x00, 0x4c, 0x00, 0x00, 0x00, 0x4c, 0x00,
  0x00, 0x00, 0x5c, 0xfd, 0x00, 0x00, 0x5c, 0xfd, 0x00, 0x00, 0x1c, 0xfe,
  0x00, 0x00, 0x1c, 0xfe, 0x00, 0x00, 0xf1, 0xfe, 0x00, 0x00, 0xf1, 0xfe,
  0x00, 0x00, 0xf4, 0xfd, 0x00, 0x00, 0xf4, 0xfd, 0x00, 0x00, 0xb2, 0xfc,
  0x00, 0x00, 0xb2, 0xfc, 0x00, 0x00, 0x10, 0xfb, 0x00, 0x00, 0x10, 0xfb,
  0x00, 0x00, 0x11, 0xf9, 0x00, 0x00, 0x11, 0xf9, 0x00, 0x00, 0x5c, 0xf7,
  0x00, 0x00, 0x5c, 0xf7, 0x00, 0x00, 0xba, 0xf5, 0x00, 0x00, 0xba, 0xf5,
  0x00, 0x00, 0xe0, 0xf5, 0x00, 0x00, 0xe0, 0xf5, 0x00, 0x00, 0xd9, 0xf7,
  0x00, 0x00, 0xd9, 0xf7, 0x00, 0x00, 0x5c, 0xf8, 0x00, 0x00, 0x5c, 0xf8,
  0x00, 0x00, 0x82, 0xf8, 0x00, 0x00, 0x82, 0xf8, 0x00, 0x00, 0x42, 0xf9,
  0x00, 0x00, 0x42, 0xf9, 0x00, 0x00, 0x1b, 0xf9, 0x00, 0x00, 0x1b, 0xf9,
  0x00, 0x00, 0xb0, 0xf8, 0x00, 0x00, 0xb0, 0xf8, 0x00, 0x00, 0x6b, 0xf9,
  0x00, 0x00, 0x6b, 0xf9, 0x00, 0x00, 0x25, 0xfb, 0x00, 0x00, 0x25, 0xfb,
  0x00, 0x00, 0xc2, 0xfc, 0x00, 0x00, 0xc2, 0xfc, 0x00, 0x00, 0x27, 0xfe,
  0x00, 0x00, 0x27, 0xfe, 0x00, 0x00, 0x14, 0xff, 0x00, 0x00, 0x14, 0xff,
  0x00, 0x00, 0xe6, 0xff, 0x00, 0x00, 0xe6, 0xff, 0x00, 0x00, 0xff, 0xff,
  0x00, 0x00, 0xff, 0xff, 0x00, 0x00, 0x74, 0xff, 0x00, 0x00, 0x74, 0xff,
  0x00, 0x00, 0x6c, 0xff, 0x00, 0x00, 0x6c, 0xff, 0x00, 0x00, 0x8e, 0xff,
  0x00, 0x00, 0x8e, 0xff, 0x00, 0x00, 0x5d, 0xff, 0x00, 0x00, 0x5d, 0xff,
  0x00, 0x00, 0x83, 0xfe, 0x00, 0x00, 0x83, 0xfe, 0x00, 0x00, 0xb9, 0xfd,
  0x00, 0x00, 0xb9, 0xfd, 0x00, 0x00, 0x9c, 0xfc, 0x00, 0x00, 0x9c, 0xfc,
  0x00, 0x00, 0x57, 0xfb, 0x00, 0x00, 0x57, 0xfb, 0x00, 0x00, 0xeb, 0xf9,
  0x00, 0x00, 0xeb, 0xf9, 0x00, 0x00, 0x35, 0xf9, 0x00, 0x00, 0x35, 0xf9,
  0x00, 0x00, 0x7a, 0xf9, 0x00, 0x00, 0x7a, 0xf9, 0x00, 0x00, 0x0d, 0xf9,
  0x00, 0x00, 0x0d, 0xf9, 0x00, 0x00, 0x06, 0xf9, 0x00, 0x00, 0x06, 0xf9,
  0x00, 0x00, 0x7f, 0xf9, 0x00, 0x00, 0x7f, 0xf9, 0x00, 0x00, 0x09, 0xfa,
  0x00, 0x00, 0x09, 0xfa, 0x00, 0x00, 0x23, 0xfa, 0x00, 0x00, 0x23, 0xfa,
  0x00, 0x00, 0x88, 0xfa, 0x00, 0x00, 0x88, 0xfa, 0x00, 0x00, 0x76, 0xfb,
  0x00, 0x00, 0x76, 0xfb, 0x00, 0x00, 0x8f, 0xfc, 0x00, 0x00, 0x8f, 0xfc,
  0x00, 0x00, 0x73, 0xfd, 0x00, 0x00, 0x73, 0xfd, 0x00, 0x00, 0x1e, 0xfd,
  0x00, 0x00, 0x1e, 0xfd, 0x00, 0x00, 0xd0, 0xfd, 0x00, 0x00, 0xd0, 0xfd,
  0x00, 0x00, 0x5e, 0xfe, 0x00, 0x00, 0x5e, 0xfe, 0x00, 0x00, 0x83, 0xfd,
  0x00, 0x00, 0x83, 0xfd, 0x00, 0x00, 0x62, 0xfc, 0x00, 0x00, 0x62, 0xfc,
  0x00, 0x00, 0x25, 0xfc, 0x00, 0x00, 0x25, 0xfc, 0x00, 0x00, 0x18, 0xfc,
  0x00, 0x00, 0x18, 0xfc, 0x00, 0x00, 0xcb, 0xfa, 0x00, 0x00, 0xcb, 0xfa,
  0x00, 0x00, 0xd2, 0xf8, 0x00, 0x00, 0xd2, 0xf8, 0x00, 0x00, 0xf1, 0xf5,
  0x00, 0x00, 0xf1, 0xf5, 0x00, 0x00, 0x6e, 0xf8, 0x00, 0x00, 0x6e, 0xf8,
  0x00, 0x00, 0xb4, 0x04, 0x00, 0x00, 0xb4, 0x04, 0x00, 0x00, 0xd2, 0x14,
  0x00, 0x00, 0xd2, 0x14, 0x00, 0x00, 0x29, 0x20, 0x00, 0x00, 0x29, 0x20,
  0x00, 0x00, 0x4f, 0x24, 0x00, 0x00, 0x4f, 0x24, 0x00, 0x00, 0x06, 0x23,
  0x00, 0x00, 0x06, 0x23, 0x00, 0x00, 0x3e, 0x1e, 0x00, 0x00, 0x3e, 0x1e,
  0x00, 0x00, 0xe4, 0x19, 0x00, 0x00, 0xe4, 0x19, 0x00, 0x00, 0x11, 0x16,
  0x00, 0x00, 0x11, 0x16, 0x00, 0x00, 0xb6, 0x11, 0x00, 0x00, 0xb6, 0x11,
  0x00, 0x00, 0x4f, 0x0c, 0x00, 0x00, 0x4f, 0x0c, 0x00, 0x00, 0x98, 0x06,
  0x00, 0x00, 0x98, 0x06, 0x00, 0x00, 0x88, 0x02, 0x00, 0x00, 0x88, 0x02,
  0x00, 0x00, 0x92, 0xfe, 0x00, 0x00, 0x92, 0xfe, 0x00, 0x00, 0x2d, 0xf7,
  0x00, 0x00, 0x2d, 0xf7, 0x00, 0x00, 0x04, 0xee, 0x00, 0x00, 0x04, 0xee,
  0x00, 0x00, 0x2f, 0xeb, 0x00, 0x00, 0x2f, 0xeb, 0x00, 0x00, 0x6d, 0xf2,
  0x00, 0x00, 0x6d, 0xf2, 0x00, 0x00, 0xa4, 0xfe, 0x00, 0x00, 0xa4, 0xfe,
  0x00, 0x00, 0xa0, 0x09, 0x00, 0x00, 0xa0, 0x09, 0x00, 0x00, 0xa1, 0x11,
  0x00, 0x00, 0xa1, 0x11, 0x00, 0x00, 0x92, 0x15, 0x00, 0x00, 0x92, 0x15,
  0x00, 0x00, 0xba, 0x15, 0x00, 0x00, 0xba, 0x15, 0x00, 0x00, 0x61, 0x14,
  0x00, 0x00, 0x61, 0x14, 0x00, 0x00, 0xa0, 0x13, 0x00, 0x00, 0xa0, 0x13,
  0x00, 0x00, 0x54, 0x13, 0x00, 0x00, 0x54, 0x13, 0x00, 0x00, 0x31, 0x12,
  0x00, 0x00, 0x31, 0x12, 0x00, 0x00, 0xf1, 0x10, 0x00, 0x00, 0xf1, 0x10,
  0x00, 0x00, 0x64, 0x0f, 0x00, 0x00, 0x64, 0x0f, 0x00, 0x00, 0xf3, 0x0a,
  0x00, 0x00, 0xf3, 0x0a, 0x00, 0x00, 0x22, 0x02, 0x00, 0x00, 0x22, 0x02,
  0x00, 0x00, 0x8f, 0xf8, 0x00, 0x00, 0x8f, 0xf8, 0x00, 0x00, 0x0c, 0xf2,
  0x00, 0x00, 0x0c, 0xf2, 0x00, 0x00, 0x2a, 0xf0, 0x00, 0x00, 0x2a, 0xf0,
  0x00, 0x00, 0x6e, 0xf1, 0x00, 0x00, 0x6e, 0xf1, 0x00, 0x00, 0x0b, 0xf3,
  0x00, 0x00, 0x0b, 0xf3, 0x00, 0x00, 0xe6, 0xf4, 0x00, 0x00, 0xe6, 0xf4,
  0x00, 0x00, 0x4c, 0xf6, 0x00, 0x00, 0x4c, 0xf6, 0x00, 0x00, 0xc1, 0xf6,
  0x00, 0x00, 0xc1, 0xf6, 0x00, 0x00, 0x5d, 0xf7, 0x00, 0x00, 0x5d, 0xf7,
  0x00, 0x00, 0x98, 0xf8, 0x00, 0x00, 0x98, 0xf8, 0x00, 0x00, 0xe8, 0xfa,
  0x00, 0x00, 0xe8, 0xfa, 0x00, 0x00, 0xa6, 0xfe, 0x00, 0x00, 0xa6, 0xfe,
  0x00, 0x00, 0xfe, 0x01, 0x00, 0x00, 0xfe, 0x01, 0x00, 0x00, 0xfa, 0x03,
  0x00, 0x00, 0xfa, 0x03, 0x00, 0x00, 0x26, 0x04, 0x00, 0x00, 0x26, 0x04,
  0x00, 0x00, 0xc5, 0x01, 0x00, 0x00, 0xc5, 0x01, 0x00, 0x00, 0x39, 0xfe,
  0x00, 0x00, 0x39, 0xfe, 0x00, 0x00, 0xbf, 0xfb, 0x00, 0x00, 0xbf, 0xfb,
  0x00, 0x00, 0x57, 0xfa, 0x00, 0x00, 0x57, 0xfa, 0x00, 0x00, 0xe3, 0xf9,
  0x00, 0x00, 0xe3, 0xf9, 0x00, 0x00, 0x55, 0xfa, 0x00, 0x00, 0x55, 0xfa,
  0x00, 0x00, 0x25, 0xfa, 0x00, 0x00, 0x25, 0xfa, 0x00, 0x00, 0xe2, 0xf9,
  0x00, 0x00, 0xe2, 0xf9, 0x00, 0x00, 0x44, 0xf9, 0x00, 0x00, 0x44, 0xf9,
  0x00, 0x00, 0x2d, 0xf8, 0x00, 0x00, 0x2d, 0xf8, 0x00, 0x00, 0xc0, 0xf7,
  0x00, 0x00, 0xc0, 0xf7, 0x00, 0x00, 0xcc, 0xf7, 0x00, 0x00, 0xcc, 0xf7,
  0x00, 0x00, 0x86, 0xf8, 0x00, 0x00, 0x86, 0xf8, 0x00, 0x00, 0x14, 0xfa,
  0x00, 0x00, 0x14, 0xfa, 0x00, 0x00, 0x2e, 0xfb, 0x00, 0x00, 0x2e, 0xfb,
  0x00, 0x00, 0xe9, 0xfa, 0x00, 0x00, 0xe9, 0xfa, 0x00, 0x00, 0xc5, 0xfa,
  0x00, 0x00, 0xc5, 0xfa, 0x00, 0x00, 0xc7, 0xfa, 0x00, 0x00, 0xc7, 0xfa,
  0x00, 0x00, 0x68, 0xfa, 0x00, 0x00, 0x68, 0xfa, 0x00, 0x00, 0xe4, 0xfa,
  0x00, 0x00, 0xe4, 0xfa, 0x00, 0x00, 0x09, 0xfc, 0x00, 0x00, 0x09, 0xfc,
  0x00, 0x00, 0x62, 0xfd, 0x00, 0x00, 0x62, 0xfd, 0x00, 0x00, 0xf2, 0xfe,
  0x00, 0x00, 0xf2, 0xfe, 0x00, 0x00, 0x51, 0xff, 0x00, 0x00, 0x51, 0xff,
  0x00, 0x00, 0x34, 0xff, 0x00, 0x00, 0x34, 0xff, 0x00, 0x00, 0xb0, 0xff,
  0x00, 0x00, 0xb0, 0xff, 0x00, 0x00, 0x23, 0xff, 0x00, 0x00, 0x23, 0xff,
  0x00, 0x00, 0x28, 0xfe, 0x00, 0x00, 0x28, 0xfe, 0x00, 0x00, 0xfd, 0xfd,
  0x00, 0x00, 0xfd, 0xfd, 0x00, 0x00, 0xc0, 0xfd, 0x00, 0x00, 0xc0, 0xfd,
  0x00, 0x00, 0x1e, 0xfd, 0x00, 0x00, 0x1e, 0xfd, 0x00, 0x00, 0x52, 0xfc,
  0x00, 0x00, 0x52, 0xfc, 0x00, 0x00, 0xbd, 0xfa, 0x00, 0x00, 0xbd, 0xfa,
  0x00, 0x00, 0x15, 0xfa, 0x00, 0x00, 0x15, 0xfa, 0x00, 0x00, 0xef, 0xf9,
  0x00, 0x00, 0xef, 0xf9, 0x00, 0x00, 0x8b, 0xf8, 0x00, 0x00, 0x8b, 0xf8,
  0x00, 0x00, 0x72, 0xf8, 0x00, 0x00, 0x72, 0xf8, 0x00, 0x00, 0x6a, 0xf9,
  0x00, 0x00, 0x6a, 0xf9, 0x00, 0x00, 0xeb, 0xf9, 0x00, 0x00, 0xeb, 0xf9,
  0x00, 0x00, 0x1a, 0xfa, 0x00, 0x00, 0x1a, 0xfa, 0x00, 0x00, 0x67, 0xfa,
  0x00, 0x00, 0x67, 0xfa, 0x00, 0x00, 0x6d, 0xfb, 0x00, 0x00, 0x6d, 0xfb,
  0x00, 0x00, 0x4f, 0xfc, 0x00, 0x00, 0x4f, 0xfc, 0x00, 0x00, 0x36, 0xfc,
  0x00, 0x00, 0x36, 0xfc, 0x00, 0x00, 0x63, 0xfc, 0x00, 0x00, 0x63, 0xfc,
  0x00, 0x00, 0x8d, 0xfd, 0x00, 0x00, 0x8d, 0xfd, 0x00, 0x00, 0xe8, 0xfd,
  0x00, 0x00, 0xe8, 0xfd, 0x00, 0x00, 0x4d, 0xfd, 0x00, 0x00, 0x4d, 0xfd,
  0x00, 0x00, 0x47, 0xfd, 0x00, 0x00, 0x47, 0xfd, 0x00, 0x00, 0x07, 0xfd,
  0x00, 0x00, 0x07, 0xfd, 0x00, 0x00, 0x8d, 0xfc, 0x00, 0x00, 0x8d, 0xfc,
  0x00, 0x00, 0x23, 0xfc, 0x00, 0x00, 0x23, 0xfc, 0x00, 0x00, 0x6c, 0xfb,
  0x00, 0x00, 0x6c, 0xfb, 0x00, 0x00, 0x3f, 0xfb, 0x00, 0x00, 0x3f, 0xfb,
  0x00, 0x00, 0x30, 0xfb, 0x00, 0x00, 0x30, 0xfb, 0x00, 0x00, 0xcd, 0xfa,
  0x00, 0x00, 0xcd, 0xfa, 0x00, 0x00, 0x50, 0xfa, 0x00, 0x00, 0x50, 0xfa,
  0x00, 0x00, 0x74, 0xf9, 0x00, 0x00, 0x74, 0xf9, 0x00, 0x00, 0xe7, 0xf7,
  0x00, 0x00, 0xe7, 0xf7, 0x00, 0x00, 0xaf, 0xfa, 0x00, 0x00, 0xaf, 0xfa,
  0x00, 0x00, 0xf8, 0x05, 0x00, 0x00, 0xf8, 0x05, 0x00, 0x00, 0x20, 0x15,
  0x00, 0x00, 0x20, 0x15, 0x00, 0x00, 0x19, 0x21, 0x00, 0x00, 0x19, 0x21,
  0x00, 0x00, 0x92, 0x25, 0x00, 0x00, 0x92, 0x25, 0x00, 0x00, 0xf4, 0x23,
  0x00, 0x00, 0xf4, 0x23, 0x00, 0x00, 0x9e, 0x1f, 0x00, 0x00, 0x9e, 0x1f,
  0x00, 0x00, 0x0f, 0x1a, 0x00, 0x00, 0x0f, 0x1a, 0x00, 0x00, 0xf5, 0x12,
  0x00, 0x00, 0xf5, 0x12, 0x00, 0x00, 0x87, 0x0b, 0x00, 0x00, 0x87, 0x0b,
  0x00, 0x00, 0xfb, 0x05, 0x00, 0x00, 0xfb, 0x05, 0x00, 0x00, 0x01, 0x02,
  0x00, 0x00, 0x01, 0x02, 0x00, 0x00, 0xb2, 0xff, 0x00, 0x00, 0xb2, 0xff,
  0x00, 0x00, 0x8a, 0xfd, 0x00, 0x00, 0x8a, 0xfd, 0x00, 0x00, 0xd2, 0xf8,
  0x00, 0x00, 0xd2, 0xf8, 0x00, 0x00, 0xc7, 0xf2, 0x00, 0x00, 0xc7, 0xf2,
  0x00, 0x00, 0x31, 0xf0, 0x00, 0x00, 0x31, 0xf0, 0x00, 0x00, 0x29, 0xf5,
  0x00, 0x00, 0x29, 0xf5, 0x00, 0x00, 0x6a, 0x00, 0x00, 0x00, 0x6a, 0x00,
  0x00, 0x00, 0x32, 0x0c, 0x00, 0x00, 0x32, 0x0c, 0x00, 0x00, 0xa6, 0x14,
  0x00, 0x00, 0xa6, 0x14, 0x00, 0x00, 0x85, 0x19, 0x00, 0x00, 0x85, 0x19,
  0x00, 0x00, 0xab, 0x1a, 0x00, 0x00, 0xab, 0x1a, 0x00, 0x00, 0x30, 0x19,
  0x00, 0x00, 0x30, 0x19, 0x00, 0x00, 0x77, 0x15, 0x00, 0x00, 0x77, 0x15,
  0x00, 0x00, 0x78, 0x10, 0x00, 0x00, 0x78, 0x10, 0x00, 0x00, 0x87, 0x0d,
  0x00, 0x00, 0x87, 0x0d, 0x00, 0x00, 0xfe, 0x0b, 0x00, 0x00, 0xfe, 0x0b,
  0x00, 0x00, 0x97, 0x0a, 0x00, 0x00, 0x97, 0x0a, 0x00, 0x00, 0x8c, 0x08,
  0x00, 0x00, 0x8c, 0x08, 0x00, 0x00, 0x79, 0x03, 0x00, 0x00, 0x79, 0x03,
  0x00, 0x00, 0xbf, 0xfb, 0x00, 0x00, 0xbf, 0xfb, 0x00, 0x00, 0x7d, 0xf4,
  0x00, 0x00, 0x7d, 0xf4, 0x00, 0x00, 0xab, 0xf0, 0x00, 0x00, 0xab, 0xf0,
  0x00, 0x00, 0xbd, 0xf0, 0x00, 0x00, 0xbd, 0xf0, 0x00, 0x00, 0x92, 0xf2,
  0x00, 0x00, 0x92, 0xf2, 0x00, 0x00, 0xcd, 0xf4, 0x00, 0x00, 0xcd, 0xf4,
  0x00, 0x00, 0xa4, 0xf7, 0x00, 0x00, 0xa4, 0xf7, 0x00, 0x00, 0x03, 0xfa,
  0x00, 0x00, 0x03, 0xfa, 0x00, 0x00, 0xc0, 0xfa, 0x00, 0x00, 0xc0, 0xfa,
  0x00, 0x00, 0xf7, 0xfa, 0x00, 0x00, 0xf7, 0xfa, 0x00, 0x00, 0x7b, 0xfb,
  0x00, 0x00, 0x7b, 0xfb, 0x00, 0x00, 0x57, 0xfc, 0x00, 0x00, 0x57, 0xfc,
  0x00, 0x00, 0x1c, 0xfe, 0x00, 0x00, 0x1c, 0xfe, 0x00, 0x00, 0x7a, 0x00,
  0x00, 0x00, 0x7a, 0x00, 0x00, 0x00, 0xf4, 0x01, 0x00, 0x00, 0xf4, 0x01,
  0x00, 0x00, 0x42, 0x01, 0x00, 0x00, 0x42, 0x01, 0x00, 0x00, 0x6d, 0xfe,
  0x00, 0x00, 0x6d, 0xfe, 0x00, 0x00, 0x9b, 0xfb, 0x00, 0x00, 0x9b, 0xfb,
  0x00, 0x00, 0xcd, 0xf9, 0x00, 0x00, 0xcd, 0xf9, 0x00, 0x00, 0x35, 0xf8,
  0x00, 0x00, 0x35, 0xf8, 0x00, 0x00, 0x7e, 0xf7, 0x00, 0x00, 0x7e, 0xf7,
  0x00, 0x00, 0x59, 0xf8, 0x00, 0x00, 0x59, 0xf8, 0x00, 0x00, 0x55, 0xf9,
  0x00, 0x00, 0x55, 0xf9, 0x00, 0x00, 0x57, 0xf9, 0x00, 0x00, 0x57, 0xf9,
  0x00, 0x00, 0x4f, 0xf9, 0x00, 0x00, 0x4f, 0xf9, 0x00, 0x00, 0x11, 0xf9,
  0x00, 0x00, 0x11, 0xf9, 0x00, 0x00, 0xb3, 0xf8, 0x00, 0x00, 0xb3, 0xf8,
  0x00, 0x00, 0x9c, 0xf8, 0x00, 0x00, 0x9c, 0xf8, 0x00, 0x00, 0x9c, 0xf8,
  0x00, 0x00, 0x9c, 0xf8, 0x00, 0x00, 0x5e, 0xf9, 0x00, 0x00, 0x5e, 0xf9,
  0x00, 0x00, 0x5c, 0xfa, 0x00, 0x00, 0x5c, 0xfa, 0x00, 0x00, 0x57, 0xfa,
  0x00, 0x00, 0x57, 0xfa, 0x00, 0x00, 0x93, 0xf9, 0x00, 0x00, 0x93, 0xf9,
  0x00, 0x00, 0xba, 0xf9, 0x00, 0x00, 0xba, 0xf9, 0x00, 0x00, 0x25, 0xfa,
  0x00, 0x00, 0x25, 0xfa, 0x00, 0x00, 0x5e, 0xfa, 0x00, 0x00, 0x5e, 0xfa,
  0x00, 0x00, 0x82, 0xfb, 0x00, 0x00, 0x82, 0xfb, 0x00, 0x00, 0x94, 0xfc,
  0x00, 0x00, 0x94, 0xfc, 0x00, 0x00, 0xaf, 0xfd, 0x00, 0x00, 0xaf, 0xfd,
  0x00, 0x00, 0xea, 0xfe, 0x00, 0x00, 0xea, 0xfe, 0x00, 0x00, 0xe7, 0xfe,
  0x00, 0x00, 0xe7, 0xfe, 0x00, 0x00, 0xac, 0xfe, 0x00, 0x00, 0xac, 0xfe,
  0x00, 0x00, 0x9d, 0xfe, 0x00, 0x00, 0x9d, 0xfe, 0x00, 0x00, 0xfe, 0xfd,
  0x00, 0x00, 0xfe, 0xfd, 0x00, 0x00, 0x7d, 0xfd, 0x00, 0x00, 0x7d, 0xfd,
  0x00, 0x00, 0xd2, 0xfc, 0x00, 0x00, 0xd2, 0xfc, 0x00, 0x00, 0xe7, 0xfb,
  0x00, 0x00, 0xe7, 0xfb, 0x00, 0x00, 0x2e, 0xfb, 0x00, 0x00, 0x2e, 0xfb,
  0x00, 0x00, 0x6f, 0xfa, 0x00, 0x00, 0x6f, 0xfa, 0x00, 0x00, 0x5d, 0xf9,
  0x00, 0x00, 0x5d, 0xf9, 0x00, 0x00, 0xed, 0xf8, 0x00, 0x00, 0xed, 0xf8,
  0x00, 0x00, 0x0c, 0xf9, 0x00, 0x00, 0x0c, 0xf9, 0x00, 0x00, 0x20, 0xf9,
  0x00, 0x00, 0x20, 0xf9, 0x00, 0x00, 0x8b, 0xf9, 0x00, 0x00, 0x8b, 0xf9,
  0x00, 0x00, 0xc2, 0xf9, 0x00, 0x00, 0xc2, 0xf9, 0x00, 0x00, 0x8e, 0xfa,
  0x00, 0x00, 0x8e, 0xfa, 0x00, 0x00, 0x62, 0xfb, 0x00, 0x00, 0x62, 0xfb,
  0x00, 0x00, 0x76, 0xfb, 0x00, 0x00, 0x76, 0xfb, 0x00, 0x00, 0xb0, 0xfb,
  0x00, 0x00, 0xb0, 0xfb, 0x00, 0x00, 0x7c, 0xfc, 0x00, 0x00, 0x7c, 0xfc,
  0x00, 0x00, 0xf6, 0xfc, 0x00, 0x00, 0xf6, 0xfc, 0x00, 0x00, 0xcd, 0xfc,
  0x00, 0x00, 0xcd, 0xfc, 0x00, 0x00, 0xe1, 0xfc, 0x00, 0x00, 0xe1, 0xfc,
  0x00, 0x00, 0xea, 0xfc, 0x00, 0x00, 0xea, 0xfc, 0x00, 0x00, 0x10, 0xfd,
  0x00, 0x00, 0x10, 0xfd, 0x00, 0x00, 0x8b, 0xfc, 0x00, 0x00, 0x8b, 0xfc,
  0x00, 0x00, 0xbd, 0xfb, 0x00, 0x00, 0xbd, 0xfb, 0x00, 0x00, 0x36, 0xfc,
  0x00, 0x00, 0x36, 0xfc, 0x00, 0x00, 0x7b, 0xfc, 0x00, 0x00, 0x7b, 0xfc,
  0x00, 0x00, 0x4a, 0xfb, 0x00, 0x00, 0x4a, 0xfb, 0x00, 0x00, 0x38, 0xfb,
  0x00, 0x00, 0x38, 0xfb, 0x00, 0x00, 0xf4, 0xfb, 0x00, 0x00, 0xf4, 0xfb,
  0x00, 0x00, 0xae, 0xfb, 0x00, 0x00, 0xae, 0xfb, 0x00, 0x00, 0x6c, 0xfb,
  0x00, 0x00, 0x6c, 0xfb, 0x00, 0x00, 0x44, 0xfb, 0x00, 0x00, 0x44, 0xfb,
  0x00, 0x00, 0xd9, 0xfb, 0x00, 0x00, 0xd9, 0xfb, 0x00, 0x00, 0x1c, 0xfc,
  0x00, 0x00, 0x1c, 0xfc, 0x00, 0x00, 0x76, 0xfa, 0x00, 0x00, 0x76, 0xfa,
  0x00, 0x00, 0x81, 0xf8, 0x00, 0x00, 0x81, 0xf8, 0x00, 0x00, 0xaa, 0xfc,
  0x00, 0x00, 0xaa, 0xfc, 0x00, 0x00, 0xfb, 0x07, 0x00, 0x00, 0xfb, 0x07,
  0x00, 0x00, 0xb8, 0x15, 0x00, 0x00, 0xb8, 0x15, 0x00, 0x00, 0x95, 0x21,
  0x00, 0x00, 0x95, 0x21, 0x00, 0x00, 0x75, 0x26, 0x00, 0x00, 0x75, 0x26,
  0x00, 0x00, 0xf6, 0x25, 0x00, 0x00, 0xf6, 0x25, 0x00, 0x00, 0x04, 0x22,
  0x00, 0x00, 0x04, 0x22, 0x00, 0x00, 0xf5, 0x1a, 0x00, 0x00, 0xf5, 0x1a,
  0x00, 0x00, 0x41, 0x13, 0x00, 0x00, 0x41, 0x13, 0x00, 0x00, 0xaf, 0x0b,
  0x00, 0x00, 0xaf, 0x0b, 0x00, 0x00, 0xab, 0x04, 0x00, 0x00, 0xab, 0x04,
  0x00, 0x00, 0xf6, 0x00, 0x00, 0x00, 0xf6, 0x00, 0x00, 0x00, 0x69, 0x00,
  0x00, 0x00, 0x69, 0x00, 0x00, 0x00, 0x7b, 0xfe, 0x00, 0x00, 0x7b, 0xfe,
  0x00, 0x00, 0x1d, 0xfa, 0x00, 0x00, 0x1d, 0xfa, 0x00, 0x00, 0xbf, 0xf4,
  0x00, 0x00, 0xbf, 0xf4, 0x00, 0x00, 0x6e, 0xf2, 0x00, 0x00, 0x6e, 0xf2,
  0x00, 0x00, 0x7d, 0xf7, 0x00, 0x00, 0x7d, 0xf7, 0x00, 0x00, 0xa9, 0x01,
  0x00, 0x00, 0xa9, 0x01, 0x00, 0x00, 0x54, 0x0c, 0x00, 0x00, 0x54, 0x0c,
  0x00, 0x00, 0x03, 0x15, 0x00, 0x00, 0x03, 0x15, 0x00, 0x00, 0x08, 0x1a,
  0x00, 0x00, 0x08, 0x1a, 0x00, 0x00, 0xd2, 0x1a, 0x00, 0x00, 0xd2, 0x1a,
  0x00, 0x00, 0x06, 0x19, 0x00, 0x00, 0x06, 0x19, 0x00, 0x00, 0xc1, 0x14,
  0x00, 0x00, 0xc1, 0x14, 0x00, 0x00, 0x47, 0x0f, 0x00, 0x00, 0x47, 0x0f,
  0x00, 0x00, 0x8f, 0x0b, 0x00, 0x00, 0x8f, 0x0b, 0x00, 0x00, 0x6b, 0x09,
  0x00, 0x00, 0x6b, 0x09, 0x00, 0x00, 0x93, 0x08, 0x00, 0x00, 0x93, 0x08,
  0x00, 0x00, 0xc0, 0x06, 0x00, 0x00, 0xc0, 0x06, 0x00, 0x00, 0xbb, 0x01,
  0x00, 0x00, 0xbb, 0x01, 0x00, 0x00, 0x59, 0xfb, 0x00, 0x00, 0x59, 0xfb,
  0x00, 0x00, 0xb1, 0xf5, 0x00, 0x00, 0xb1, 0xf5, 0x00, 0x00, 0xb4, 0xf2,
  0x00, 0x00, 0xb4, 0xf2, 0x00, 0x00, 0xa3, 0xf2, 0x00, 0x00, 0xa3, 0xf2,
  0x00, 0x00, 0x1d, 0xf4, 0x00, 0x00, 0x1d, 0xf4, 0x00, 0x00, 0xa7, 0xf6,
  0x00, 0x00, 0xa7, 0xf6, 0x00, 0x00, 0x70, 0xf9, 0x00, 0x00, 0x70, 0xf9,
  0x00, 0x00, 0x57, 0xfb, 0x00, 0x00, 0x57, 0xfb, 0x00, 0x00, 0x4a, 0xfc,
  0x00, 0x00, 0x4a, 0xfc, 0x00, 0x00, 0x6d, 0xfc, 0x00, 0x00, 0x6d, 0xfc,
  0x00, 0x00, 0xf9, 0xfb, 0x00, 0x00, 0xf9, 0xfb, 0x00, 0x00, 0x93, 0xfc,
  0x00, 0x00, 0x93, 0xfc, 0x00, 0x00, 0x2c, 0xfe, 0x00, 0x00, 0x2c, 0xfe,
  0x00, 0x00, 0x54, 0xff, 0x00, 0x00, 0x54, 0xff, 0x00, 0x00, 0xf1, 0xff,
  0x00, 0x00, 0xf1, 0xff, 0x00, 0x00, 0x26, 0xff, 0x00, 0x00, 0x26, 0xff,
  0x00, 0x00, 0x29, 0xfd, 0x00, 0x00, 0x29, 0xfd, 0x00, 0x00, 0xec, 0xfa,
  0x00, 0x00, 0xec, 0xfa, 0x00, 0x00, 0x2f, 0xf9, 0x00, 0x00, 0x2f, 0xf9,
  0x00, 0x00, 0x46, 0xf8, 0x00, 0x00, 0x46, 0xf8, 0x00, 0x00, 0x73, 0xf8,
  0x00, 0x00, 0x73, 0xf8, 0x00, 0x00, 0x5a, 0xf9, 0x00, 0x00, 0x5a, 0xf9,
  0x00, 0x00, 0x86, 0xf9, 0x00, 0x00, 0x86, 0xf9, 0x00, 0x00, 0x3e, 0xfa,
  0x00, 0x00, 0x3e, 0xfa, 0x00, 0x00, 0xcd, 0xfa, 0x00, 0x00, 0xcd, 0xfa,
  0x00, 0x00, 0xc5, 0xf9, 0x00, 0x00, 0xc5, 0xf9, 0x00, 0x00, 0x12, 0xf9,
  0x00, 0x00, 0x12, 0xf9, 0x00, 0x00, 0xea, 0xf8, 0x00, 0x00, 0xea, 0xf8,
  0x00, 0x00, 0x1e, 0xf9, 0x00, 0x00, 0x1e, 0xf9, 0x00, 0x00, 0xbc, 0xf9,
  0x00, 0x00, 0xbc, 0xf9, 0x00, 0x00, 0xba, 0xf9, 0x00, 0x00, 0xba, 0xf9,
  0x00, 0x00, 0xb0, 0xf9, 0x00, 0x00, 0xb0, 0xf9, 0x00, 0x00, 0x30, 0xfa,
  0x00, 0x00, 0x30, 0xfa, 0x00, 0x00, 0xde, 0xf9, 0x00, 0x00, 0xde, 0xf9,
  0x00, 0x00, 0x74, 0xf9, 0x00, 0x00, 0x74, 0xf9, 0x00, 0x00, 0x74, 0xfa,
  0x00, 0x00, 0x74, 0xfa, 0x00, 0x00, 0x62, 0xfb, 0x00, 0x00, 0x62, 0xfb,
  0x00, 0x00, 0x1a, 0xfc, 0x00, 0x00, 0x1a, 0xfc, 0x00, 0x00, 0x4a, 0xfd,
  0x00, 0x00, 0x4a, 0xfd, 0x00, 0x00, 0x1c, 0xfe, 0x00, 0x00, 0x1c, 0xfe,
  0x00, 0x00, 0xa2, 0xfe, 0x00, 0x00, 0xa2, 0xfe, 0x00, 0x00, 0x6e, 0xfe,
  0x00, 0x00, 0x6e, 0xfe, 0x00, 0x00, 0xcb, 0xfd, 0x00, 0x00, 0xcb, 0xfd,
  0x00, 0x00, 0xbf, 0xfd, 0x00, 0x00, 0xbf, 0xfd, 0x00, 0x00, 0x55, 0xfd,
  0x00, 0x00, 0x55, 0xfd, 0x00, 0x00, 0x4d, 0xfc, 0x00, 0x00, 0x4d, 0xfc,
  0x00, 0x00, 0xfe, 0xfb, 0x00, 0x00, 0xfe, 0xfb, 0x00, 0x00, 0x80, 0xfb,
  0x00, 0x00, 0x80, 0xfb, 0x00, 0x00, 0x56, 0xfa, 0x00, 0x00, 0x56, 0xfa,
  0x00, 0x00, 0xf1, 0xf9, 0x00, 0x00, 0xf1, 0xf9, 0x00, 0x00, 0xb6, 0xf9,
  0x00, 0x00, 0xb6, 0xf9, 0x00, 0x00, 0x5c, 0xf9, 0x00, 0x00, 0x5c, 0xf9,
  0x00, 0x00, 0x3c, 0xf9, 0x00, 0x00, 0x3c, 0xf9, 0x00, 0x00, 0xae, 0xf9,
  0x00, 0x00, 0xae, 0xf9, 0x00, 0x00, 0x6c, 0xfa, 0x00, 0x00, 0x6c, 0xfa,
  0x00, 0x00, 0x92, 0xfa, 0x00, 0x00, 0x92, 0xfa, 0x00, 0x00, 0x26, 0xfb,
  0x00, 0x00, 0x26, 0xfb, 0x00, 0x00, 0xd9, 0xfb, 0x00, 0x00, 0xd9, 0xfb,
  0x00, 0x00, 0x47, 0xfc, 0x00, 0x00, 0x47, 0xfc, 0x00, 0x00, 0x95, 0xfc,
  0x00, 0x00, 0x95, 0xfc, 0x00, 0x00, 0xa3, 0xfc, 0x00, 0x00, 0xa3, 0xfc,
  0x00, 0x00, 0x37, 0xfd, 0x00, 0x00, 0x37, 0xfd, 0x00, 0x00, 0x65, 0xfd,
  0x00, 0x00, 0x65, 0xfd, 0x00, 0x00, 0xe8, 0xfc, 0x00, 0x00, 0xe8, 0xfc,
  0x00, 0x00, 0xed, 0xfc, 0x00, 0x00, 0xed, 0xfc, 0x00, 0x00, 0x20, 0xfd,
  0x00, 0x00, 0x20, 0xfd, 0x00, 0x00, 0xaf, 0xfc, 0x00, 0x00, 0xaf, 0xfc,
  0x00, 0x00, 0x93, 0xfc, 0x00, 0x00, 0x93, 0xfc, 0x00, 0x00, 0xa4, 0xfc,
  0x00, 0x00, 0xa4, 0xfc, 0x00, 0x00, 0x55, 0xfc, 0x00, 0x00, 0x55, 0xfc,
  0x00, 0x00, 0x9b, 0xfc, 0x00, 0x00, 0x9b, 0xfc, 0x00, 0x00, 0xe0, 0xfc,
  0x00, 0x00, 0xe0, 0xfc, 0x00, 0x00, 0x9b, 0xfc, 0x00, 0x00, 0x9b, 0xfc,
  0x00, 0x00, 0xbf, 0xfc, 0x00, 0x00, 0xbf, 0xfc, 0x00, 0x00, 0x45, 0xfd,
  0x00, 0x00, 0x45, 0xfd, 0x00, 0x00, 0x78, 0xfd, 0x00, 0x00, 0x78, 0xfd,
  0x00, 0x00, 0x96, 0xfd, 0x00, 0x00, 0x96, 0xfd, 0x00, 0x00, 0x7a, 0xfd,
  0x00, 0x00, 0x7a, 0xfd, 0x00, 0x00, 0xbc, 0xfd, 0x00, 0x00, 0xbc, 0xfd,
  0x00, 0x00, 0x30, 0xfe, 0x00, 0x00, 0x30, 0xfe, 0x00, 0x00, 0x89, 0xfd,
  0x00, 0x00, 0x89, 0xfd, 0x00, 0x00, 0x8d, 0xfb, 0x00, 0x00, 0x8d, 0xfb,
  0x00, 0x00, 0xb1, 0xfa, 0x00, 0x00, 0xb1, 0xfa, 0x00, 0x00, 0xbe, 0xff,
  0x00, 0x00, 0xbe, 0xff, 0x00, 0x00, 0x4c, 0x0a, 0x00, 0x00, 0x4c, 0x0a,
  0x00, 0x00, 0xf2, 0x16, 0x00, 0x00, 0xf2, 0x16, 0x00, 0x00, 0x42, 0x21,
  0x00, 0x00, 0x42, 0x21, 0x00, 0x00, 0x2c, 0x25, 0x00, 0x00, 0x2c, 0x25,
  0x00, 0x00, 0x11, 0x24, 0x00, 0x00, 0x11, 0x24, 0x00, 0x00, 0xb0, 0x1f,
  0x00, 0x00, 0xb0, 0x1f, 0x00, 0x00, 0x43, 0x19, 0x00, 0x00, 0x43, 0x19,
  0x00, 0x00, 0xd6, 0x11, 0x00, 0x00, 0xd6, 0x11, 0x00, 0x00, 0x0e, 0x0a,
  0x00, 0x00, 0x0e, 0x0a, 0x00, 0x00, 0xf5, 0x03, 0x00, 0x00, 0xf5, 0x03,
  0x00, 0x00, 0x62, 0x01, 0x00, 0x00, 0x62, 0x01, 0x00, 0x00, 0x2b, 0x01,
  0x00, 0x00, 0x2b, 0x01, 0x00, 0x00, 0xac, 0xff, 0x00, 0x00, 0xac, 0xff,
  0x00, 0x00, 0xa0, 0xfb, 0x00, 0x00, 0xa0, 0xfb, 0x00, 0x00, 0x8d, 0xf6,
  0x00, 0x00, 0x8d, 0xf6, 0x00, 0x00, 0x21, 0xf5, 0x00, 0x00, 0x21, 0xf5,
  0x00, 0x00, 0x10, 0xfa, 0x00, 0x00, 0x10, 0xfa, 0x00, 0x00, 0xef, 0x02,
  0x00, 0x00, 0xef, 0x02, 0x00, 0x00, 0xea, 0x0c, 0x00, 0x00, 0xea, 0x0c,
  0x00, 0x00, 0xfd, 0x14, 0x00, 0x00, 0xfd, 0x14, 0x00, 0x00, 0xc2, 0x19,
  0x00, 0x00, 0xc2, 0x19, 0x00, 0x00, 0x8b, 0x1b, 0x00, 0x00, 0x8b, 0x1b,
  0x00, 0x00, 0x84, 0x19, 0x00, 0x00, 0x84, 0x19, 0x00, 0x00, 0x9c, 0x14,
  0x00, 0x00, 0x9c, 0x14, 0x00, 0x00, 0xb0, 0x0f, 0x00, 0x00, 0xb0, 0x0f,
  0x00, 0x00, 0x20, 0x0b, 0x00, 0x00, 0x20, 0x0b, 0x00, 0x00, 0x7e, 0x08,
  0x00, 0x00, 0x7e, 0x08, 0x00, 0x00, 0x24, 0x08, 0x00, 0x00, 0x24, 0x08,
  0x00, 0x00, 0xb8, 0x06, 0x00, 0x00, 0xb8, 0x06, 0x00, 0x00, 0xe4, 0x02,
  0x00, 0x00, 0xe4, 0x02, 0x00, 0x00, 0xdc, 0xfc, 0x00, 0x00, 0xdc, 0xfc,
  0x00, 0x00, 0x25, 0xf7, 0x00, 0x00, 0x25, 0xf7, 0x00, 0x00, 0x49, 0xf4,
  0x00, 0x00, 0x49, 0xf4, 0x00, 0x00, 0x64, 0xf3, 0x00, 0x00, 0x64, 0xf3,
  0x00, 0x00, 0xd5, 0xf3, 0x00, 0x00, 0xd5, 0xf3, 0x00, 0x00, 0x72, 0xf6,
  0x00, 0x00, 0x72, 0xf6, 0x00, 0x00, 0x61, 0xf9, 0x00, 0x00, 0x61, 0xf9,
  0x00, 0x00, 0x46, 0xfb, 0x00, 0x00, 0x46, 0xfb, 0x00, 0x00, 0xda, 0xfc,
  0x00, 0x00, 0xda, 0xfc, 0x00, 0x00, 0xc5, 0xfc, 0x00, 0x00, 0xc5, 0xfc,
  0x00, 0x00, 0x70, 0xfc, 0x00, 0x00, 0x70, 0xfc, 0x00, 0x00, 0xbf, 0xfc,
  0x00, 0x00, 0xbf, 0xfc, 0x00, 0x00, 0x0b, 0xfd, 0x00, 0x00, 0x0b, 0xfd,
  0x00, 0x00, 0xb6, 0xfe, 0x00, 0x00, 0xb6, 0xfe, 0x00, 0x00, 0x99, 0xff,
  0x00, 0x00, 0x99, 0xff, 0x00, 0x00, 0xec, 0xfe, 0x00, 0x00, 0xec, 0xfe,
  0x00, 0x00, 0x7f, 0xfd, 0x00, 0x00, 0x7f, 0xfd, 0x00, 0x00, 0x3b, 0xfb,
  0x00, 0x00, 0x3b, 0xfb, 0x00, 0x00, 0x9f, 0xf9, 0x00, 0x00, 0x9f, 0xf9,
  0x00, 0x00, 0x8e, 0xf8, 0x00, 0x00, 0x8e, 0xf8, 0x00, 0x00, 0x0e, 0xf8,
  0x00, 0x00, 0x0e, 0xf8, 0x00, 0x00, 0xd2, 0xf8, 0x00, 0x00, 0xd2, 0xf8,
  0x00, 0x00, 0xc7, 0xf9, 0x00, 0x00, 0xc7, 0xf9, 0x00, 0x00, 0x69, 0xfa,
  0x00, 0x00, 0x69, 0xfa, 0x00, 0x00, 0xcb, 0xfa, 0x00, 0x00, 0xcb, 0xfa,
  0x00, 0x00, 0xa4, 0xfa, 0x00, 0x00, 0xa4, 0xfa, 0x00, 0x00, 0x4f, 0xfa,
  0x00, 0x00, 0x4f, 0xfa, 0x00, 0x00, 0xdf, 0xf9, 0x00, 0x00, 0xdf, 0xf9,
  0x00, 0x00, 0xa9, 0xf9, 0x00, 0x00, 0xa9, 0xf9, 0x00, 0x00, 0x09, 0xfa,
  0x00, 0x00, 0x09, 0xfa, 0x00, 0x00, 0x32, 0xfa, 0x00, 0x00, 0x32, 0xfa,
  0x00, 0x00, 0x13, 0xfa, 0x00, 0x00, 0x13, 0xfa, 0x00, 0x00, 0x0d, 0xfa,
  0x00, 0x00, 0x0d, 0xfa, 0x00, 0x00, 0xee, 0xf9, 0x00, 0x00, 0xee, 0xf9,
  0x00, 0x00, 0x4b, 0xfa, 0x00, 0x00, 0x4b, 0xfa, 0x00, 0x00, 0xa5, 0xfa,
  0x00, 0x00, 0xa5, 0xfa, 0x00, 0x00, 0x04, 0xfb, 0x00, 0x00, 0x04, 0xfb,
  0x00, 0x00, 0x21, 0xfc, 0x00, 0x00, 0x21, 0xfc, 0x00, 0x00, 0x34, 0xfd,
  0x00, 0x00, 0x34, 0xfd, 0x00, 0x00, 0xd8, 0xfd, 0x00, 0x00, 0xd8, 0xfd,
  0x00, 0x00, 0x14, 0xfe, 0x00, 0x00, 0x14, 0xfe, 0x00, 0x00, 0x36, 0xfe,
  0x00, 0x00, 0x36, 0xfe, 0x00, 0x00, 0x24, 0xfe, 0x00, 0x00, 0x24, 0xfe,
  0x00, 0x00, 0xd0, 0xfd, 0x00, 0x00, 0xd0, 0xfd, 0x00, 0x00, 0x19, 0xfd,
  0x00, 0x00, 0x19, 0xfd, 0x00, 0x00, 0xa7, 0xfc, 0x00, 0x00, 0xa7, 0xfc,
  0x00, 0x00, 0x47, 0xfc, 0x00, 0x00, 0x47, 0xfc, 0x00, 0x00, 0x65, 0xfb,
  0x00, 0x00, 0x65, 0xfb, 0x00, 0x00, 0xcc, 0xfa, 0x00, 0x00, 0xcc, 0xfa,
  0x00, 0x00, 0x4b, 0xfa, 0x00, 0x00, 0x4b, 0xfa, 0x00, 0x00, 0x06, 0xfa,
  0x00, 0x00, 0x06, 0xfa, 0x00, 0x00, 0xba, 0xf9, 0x00, 0x00, 0xba, 0xf9,
  0x00, 0x00, 0xb9, 0xf9, 0x00, 0x00, 0xb9, 0xf9, 0x00, 0x00, 0x4d, 0xfa,
  0x00, 0x00, 0x4d, 0xfa, 0x00, 0x00, 0x78, 0xfa, 0x00, 0x00, 0x78, 0xfa,
  0x00, 0x00, 0x01, 0xfb, 0x00, 0x00, 0x01, 0xfb, 0x00, 0x00, 0xd4, 0xfb,
  0x00, 0x00, 0xd4, 0xfb, 0x00, 0x00, 0x1d, 0xfc, 0x00, 0x00, 0x1d, 0xfc,
  0x00, 0x00, 0xb3, 0xfc, 0x00, 0x00, 0xb3, 0xfc, 0x00, 0x00, 0x1e, 0xfd,
  0x00, 0x00, 0x1e, 0xfd, 0x00, 0x00, 0x50, 0xfd, 0x00, 0x00, 0x50, 0xfd,
  0x00, 0x00, 0x95, 0xfd, 0x00, 0x00, 0x95, 0xfd, 0x00, 0x00, 0x7a, 0xfd,
  0x00, 0x00, 0x7a, 0xfd, 0x00, 0x00, 0x87, 0xfd, 0x00, 0x00, 0x87, 0xfd,
  0x00, 0x00, 0x54, 0xfd, 0x00, 0x00, 0x54, 0xfd, 0x00, 0x00, 0x2d, 0xfd,
  0x00, 0x00, 0x2d, 0xfd, 0x00, 0x00, 0x02, 0xfd, 0x00, 0x00, 0x02, 0xfd,
  0x00, 0x00, 0xb4, 0xfc, 0x00, 0x00, 0xb4, 0xfc, 0x00, 0x00, 0xbb, 0xfc,
  0x00, 0x00, 0xbb, 0xfc, 0x00, 0x00, 0x73, 0xfc, 0x00, 0x00, 0x73, 0xfc,
  0x00, 0x00, 0x7d, 0xfc, 0x00, 0x00, 0x7d, 0xfc, 0x00, 0x00, 0x9f, 0xfc,
  0x00, 0x00, 0x9f, 0xfc, 0x00, 0x00, 0xb2, 0xfc, 0x00, 0x00, 0xb2, 0xfc,
  0x00, 0x00, 0xdf, 0xfc, 0x00, 0x00, 0xdf, 0xfc, 0x00, 0x00, 0x2f, 0xfd,
  0x00, 0x00, 0x2f, 0xfd, 0x00, 0x00, 0xb6, 0xfd, 0x00, 0x00, 0xb6, 0xfd,
  0x00, 0x00, 0x89, 0xfd, 0x00, 0x00, 0x89, 0xfd, 0x00, 0x00, 0xca, 0xfd,
  0x00, 0x00, 0xca, 0xfd, 0x00, 0x00, 0x59, 0xfe, 0x00, 0x00, 0x59, 0xfe,
  0x00, 0x00, 0x5d, 0xfe, 0x00, 0x00, 0x5d, 0xfe, 0x00, 0x00, 0x34, 0xfe,
  0x00, 0x00, 0x34, 0xfe, 0x00, 0x00, 0x0a, 0xfe, 0x00, 0x00, 0x0a, 0xfe,
  0x00, 0x00, 0x31, 0xfe, 0x00, 0x00, 0x31, 0xfe, 0x00, 0x00, 0x13, 0xfe,
  0x00, 0x00, 0x13, 0xfe, 0x00, 0x00, 0x0b, 0xfd, 0x00, 0x00, 0x0b, 0xfd,
  0x00, 0x00, 0x11, 0xfb, 0x00, 0x00, 0x11, 0xfb, 0x00, 0x00, 0xb2, 0xfb,
  0x00, 0x00, 0xb2, 0xfb, 0x00, 0x00, 0x08, 0x03, 0x00, 0x00, 0x08, 0x03,
  0x00, 0x00, 0x34, 0x0f, 0x00, 0x00, 0x34, 0x0f, 0x00, 0x00, 0x47, 0x1b,
  0x00, 0x00, 0x47, 0x1b, 0x00, 0x00, 0x6a, 0x23, 0x00, 0x00, 0x6a, 0x23,
  0x00, 0x00, 0x3a, 0x25, 0x00, 0x00, 0x3a, 0x25, 0x00, 0x00, 0x4a, 0x22,
  0x00, 0x00, 0x4a, 0x22, 0x00, 0x00, 0x8a, 0x1d, 0x00, 0x00, 0x8a, 0x1d,
  0x00, 0x00, 0x4b, 0x16, 0x00, 0x00, 0x4b, 0x16, 0x00, 0x00, 0x39, 0x0e,
  0x00, 0x00, 0x39, 0x0e, 0x00, 0x00, 0x46, 0x07, 0x00, 0x00, 0x46, 0x07,
  0x00, 0x00, 0x89, 0x02, 0x00, 0x00, 0x89, 0x02, 0x00, 0x00, 0xc1, 0x01,
  0x00, 0x00, 0xc1, 0x01, 0x00, 0x00, 0x46, 0x01, 0x00, 0x00, 0x46, 0x01,
  0x00, 0x00, 0x5b, 0xfe, 0x00, 0x00, 0x5b, 0xfe, 0x00, 0x00, 0x36, 0xfa,
  0x00, 0x00, 0x36, 0xfa, 0x00, 0x00, 0xec, 0xf6, 0x00, 0x00, 0xec, 0xf6,
  0x00, 0x00, 0x0b, 0xf8, 0x00, 0x00, 0x0b, 0xf8, 0x00, 0x00, 0xbb, 0xfe,
  0x00, 0x00, 0xbb, 0xfe, 0x00, 0x00, 0xe6, 0x07, 0x00, 0x00, 0xe6, 0x07,
  0x00, 0x00, 0x38, 0x10, 0x00, 0x00, 0x38, 0x10, 0x00, 0x00, 0x4f, 0x16,
  0x00, 0x00, 0x4f, 0x16, 0x00, 0x00, 0xef, 0x18, 0x00, 0x00, 0xef, 0x18,
  0x00, 0x00, 0xbb, 0x18, 0x00, 0x00, 0xbb, 0x18, 0x00, 0x00, 0xf8, 0x15,
  0x00, 0x00, 0xf8, 0x15, 0x00, 0x00, 0x9e, 0x10, 0x00, 0x00, 0x9e, 0x10,
  0x00, 0x00, 0xda, 0x0b, 0x00, 0x00, 0xda, 0x0b, 0x00, 0x00, 0x2e, 0x09,
  0x00, 0x00, 0x2e, 0x09, 0x00, 0x00, 0x1c, 0x08, 0x00, 0x00, 0x1c, 0x08,
  0x00, 0x00, 0x38, 0x07, 0x00, 0x00, 0x38, 0x07, 0x00, 0x00, 0x99, 0x04,
  0x00, 0x00, 0x99, 0x04, 0x00, 0x00, 0xbf, 0xff, 0x00, 0x00, 0xbf, 0xff,
  0x00, 0x00, 0x4d, 0xfa, 0x00, 0x00, 0x4d, 0xfa, 0x00, 0x00, 0x95, 0xf6,
  0x00, 0x00, 0x95, 0xf6, 0x00, 0x00, 0x88, 0xf4, 0x00, 0x00, 0x88, 0xf4,
  0x00, 0x00, 0xa8, 0xf4, 0x00, 0x00, 0xa8, 0xf4, 0x00, 0x00, 0xc6, 0xf6,
  0x00, 0x00, 0xc6, 0xf6, 0x00, 0x00, 0xdf, 0xf8, 0x00, 0x00, 0xdf, 0xf8,
  0x00, 0x00, 0x09, 0xfb, 0x00, 0x00, 0x09, 0xfb, 0x00, 0x00, 0xfe, 0xfc,
  0x00, 0x00, 0xfe, 0xfc, 0x00, 0x00, 0x6e, 0xfd, 0x00, 0x00, 0x6e, 0xfd,
  0x00, 0x00, 0xf8, 0xfc, 0x00, 0x00, 0xf8, 0xfc, 0x00, 0x00, 0x98, 0xfc,
  0x00, 0x00, 0x98, 0xfc, 0x00, 0x00, 0xcb, 0xfc, 0x00, 0x00, 0xcb, 0xfc,
  0x00, 0x00, 0x17, 0xfe, 0x00, 0x00, 0x17, 0xfe, 0x00, 0x00, 0x3b, 0xff,
  0x00, 0x00, 0x3b, 0xff, 0x00, 0x00, 0xc1, 0xfe, 0x00, 0x00, 0xc1, 0xfe,
  0x00, 0x00, 0xa9, 0xfd, 0x00, 0x00, 0xa9, 0xfd, 0x00, 0x00, 0x38, 0xfc,
  0x00, 0x00, 0x38, 0xfc, 0x00, 0x00, 0x08, 0xfa, 0x00, 0x00, 0x08, 0xfa,
  0x00, 0x00, 0xc5, 0xf8, 0x00, 0x00, 0xc5, 0xf8, 0x00, 0x00, 0x2b, 0xf8,
  0x00, 0x00, 0x2b, 0xf8, 0x00, 0x00, 0x50, 0xf8, 0x00, 0x00, 0x50, 0xf8,
  0x00, 0x00, 0x3d, 0xf9, 0x00, 0x00, 0x3d, 0xf9, 0x00, 0x00, 0xc5, 0xf9,
  0x00, 0x00, 0xc5, 0xf9, 0x00, 0x00, 0x8f, 0xfa, 0x00, 0x00, 0x8f, 0xfa,
  0x00, 0x00, 0x85, 0xfa, 0x00, 0x00, 0x85, 0xfa, 0x00, 0x00, 0x3e, 0xfa,
  0x00, 0x00, 0x3e, 0xfa, 0x00, 0x00, 0xf6, 0xf9, 0x00, 0x00, 0xf6, 0xf9,
  0x00, 0x00, 0x37, 0xf9, 0x00, 0x00, 0x37, 0xf9, 0x00, 0x00, 0xd0, 0xf9,
  0x00, 0x00, 0xd0, 0xf9, 0x00, 0x00, 0x3d, 0xfa, 0x00, 0x00, 0x3d, 0xfa,
  0x00, 0x00, 0xf1, 0xf9, 0x00, 0x00, 0xf1, 0xf9, 0x00, 0x00, 0x30, 0xfa,
  0x00, 0x00, 0x30, 0xfa, 0x00, 0x00, 0xdc, 0xf9, 0x00, 0x00, 0xdc, 0xf9,
  0x00, 0x00, 0xc3, 0xf9, 0x00, 0x00, 0xc3, 0xf9, 0x00, 0x00, 0x3f, 0xfa,
  0x00, 0x00, 0x3f, 0xfa, 0x00, 0x00, 0x3a, 0xfa, 0x00, 0x00, 0x3a, 0xfa,
  0x00, 0x00, 0x3f, 0xfb, 0x00, 0x00, 0x3f, 0xfb, 0x00, 0x00, 0x99, 0xfc,
  0x00, 0x00, 0x99, 0xfc, 0x00, 0x00, 0x2b, 0xfd, 0x00, 0x00, 0x2b, 0xfd,
  0x00, 0x00, 0xe4, 0xfd, 0x00, 0x00, 0xe4, 0xfd, 0x00, 0x00, 0x65, 0xfe,
  0x00, 0x00, 0x65, 0xfe, 0x00, 0x00, 0x62, 0xfe, 0x00, 0x00, 0x62, 0xfe,
  0x00, 0x00, 0x0d, 0xfe, 0x00, 0x00, 0x0d, 0xfe, 0x00, 0x00, 0x91, 0xfd,
  0x00, 0x00, 0x91, 0xfd, 0x00, 0x00, 0x35, 0xfd, 0x00, 0x00, 0x35, 0xfd,
  0x00, 0x00, 0xea, 0xfc, 0x00, 0x00, 0xea, 0xfc, 0x00, 0x00, 0x2f, 0xfc,
  0x00, 0x00, 0x2f, 0xfc, 0x00, 0x00, 0x61, 0xfb, 0x00, 0x00, 0x61, 0xfb,
  0x00, 0x00, 0xfc, 0xfa, 0x00, 0x00, 0xfc, 0xfa, 0x00, 0x00, 0x68, 0xfa,
  0x00, 0x00, 0x68, 0xfa, 0x00, 0x00, 0xfe, 0xf9, 0x00, 0x00, 0xfe, 0xf9,
  0x00, 0x00, 0xd1, 0xf9, 0x00, 0x00, 0xd1, 0xf9, 0x00, 0x00, 0xea, 0xf9,
  0x00, 0x00, 0xea, 0xf9, 0x00, 0x00, 0x89, 0xfa, 0x00, 0x00, 0x89, 0xfa,
  0x00, 0x00, 0xaf, 0xfa, 0x00, 0x00, 0xaf, 0xfa, 0x00, 0x00, 0x43, 0xfb,
  0x00, 0x00, 0x43, 0xfb, 0x00, 0x00, 0x19, 0xfc, 0x00, 0x00, 0x19, 0xfc,
  0x00, 0x00, 0x6e, 0xfc, 0x00, 0x00, 0x6e, 0xfc, 0x00, 0x00, 0xf4, 0xfc,
  0x00, 0x00, 0xf4, 0xfc, 0x00, 0x00, 0x3a, 0xfd, 0x00, 0x00, 0x3a, 0xfd,
  0x00, 0x00, 0x8f, 0xfd, 0x00, 0x00, 0x8f, 0xfd, 0x00, 0x00, 0xdb, 0xfd,
  0x00, 0x00, 0xdb, 0xfd, 0x00, 0x00, 0xb4, 0xfd, 0x00, 0x00, 0xb4, 0xfd,
  0x00, 0x00, 0xb5, 0xfd, 0x00, 0x00, 0xb5, 0xfd, 0x00, 0x00, 0xd1, 0xfd,
  0x00, 0x00, 0xd1, 0xfd, 0x00, 0x00, 0x70, 0xfd, 0x00, 0x00, 0x70, 0xfd,
  0x00, 0x00, 0x51, 0xfd, 0x00, 0x00, 0x51, 0xfd, 0x00, 0x00, 0x56, 0xfd,
  0x00, 0x00, 0x56, 0xfd, 0x00, 0x00, 0xf6, 0xfc, 0x00, 0x00, 0xf6, 0xfc,
  0x00, 0x00, 0x2b, 0xfd, 0x00, 0x00, 0x2b, 0xfd, 0x00, 0x00, 0x53, 0xfd,
  0x00, 0x00, 0x53, 0xfd, 0x00, 0x00, 0x34, 0xfd, 0x00, 0x00, 0x34, 0xfd,
  0x00, 0x00, 0xb8, 0xfd, 0x00, 0x00, 0xb8, 0xfd, 0x00, 0x00, 0x00, 0xfe,
  0x00, 0x00, 0x00, 0xfe, 0x00, 0x00, 0xee, 0xfd, 0x00, 0x00, 0xee, 0xfd,
  0x00, 0x00, 0x62, 0xfe, 0x00, 0x00, 0x62, 0xfe, 0x00, 0x00, 0x73, 0xfe,
  0x00, 0x00, 0x73, 0xfe, 0x00, 0x00, 0x7d, 0xfe, 0x00, 0x00, 0x7d, 0xfe,
  0x00, 0x00, 0xe6, 0xfe, 0x00, 0x00, 0xe6, 0xfe, 0x00, 0x00, 0xd7, 0xfe,
  0x00, 0x00, 0xd7, 0xfe, 0x00, 0x00, 0xf2, 0xfe, 0x00, 0x00, 0xf2, 0xfe,
  0x00, 0x00, 0x1c, 0xff, 0x00, 0x00, 0x1c, 0xff, 0x00, 0x00, 0x30, 0xff,
  0x00, 0x00, 0x30, 0xff, 0x00, 0x00, 0x05, 0xff, 0x00, 0x00, 0x05, 0xff,
  0x00, 0x00, 0xa5, 0xfe, 0x00, 0x00, 0xa5, 0xfe, 0x00, 0x00, 0xb7, 0xfe,
  0x00, 0x00, 0xb7, 0xfe, 0x00, 0x00, 0x55, 0xfe, 0x00, 0x00, 0x55, 0xfe,
  0x00, 0x00, 0x70, 0xfd, 0x00, 0x00, 0x70, 0xfd, 0x00, 0x00, 0xc4, 0xfb,
  0x00, 0x00, 0xc4, 0xfb, 0x00, 0x00, 0x10, 0xfb, 0x00, 0x00, 0x10, 0xfb,
  0x00, 0x00, 0xa1, 0x01, 0x00, 0x00, 0xa1, 0x01, 0x00, 0x00, 0x75, 0x0d,
  0x00, 0x00, 0x75, 0x0d, 0x00, 0x00, 0xb5, 0x18, 0x00, 0x00, 0xb5, 0x18,
  0x00, 0x00, 0xca, 0x21, 0x00, 0x00, 0xca, 0x21, 0x00, 0x00, 0x8e, 0x24,
  0x00, 0x00, 0x8e, 0x24, 0x00, 0x00, 0x87, 0x22, 0x00, 0x00, 0x87, 0x22,
  0x00, 0x00, 0x89, 0x1e, 0x00, 0x00, 0x89, 0x1e, 0x00, 0x00, 0x96, 0x17,
  0x00, 0x00, 0x96, 0x17, 0x00, 0x00, 0x01, 0x10, 0x00, 0x00, 0x01, 0x10,
  0x00, 0x00, 0x4f, 0x09, 0x00, 0x00, 0x4f, 0x09, 0x00, 0x00, 0x47, 0x04,
  0x00, 0x00, 0x47, 0x04, 0x00, 0x00, 0x8c, 0x02, 0x00, 0x00, 0x8c, 0x02,
  0x00, 0x00, 0x7b, 0x02, 0x00, 0x00, 0x7b, 0x02, 0x00, 0x00, 0x40, 0x00,
  0x00, 0x00, 0x40, 0x00, 0x00, 0x00, 0x97, 0xfb, 0x00, 0x00, 0x97, 0xfb,
  0x00, 0x00, 0x2c, 0xf7, 0x00, 0x00, 0x2c, 0xf7, 0x00, 0x00, 0x5d, 0xf7,
  0x00, 0x00, 0x5d, 0xf7, 0x00, 0x00, 0x2b, 0xfd, 0x00, 0x00, 0x2b, 0xfd,
  0x00, 0x00, 0x68, 0x05, 0x00, 0x00, 0x68, 0x05, 0x00, 0x00, 0x2c, 0x0e,
  0x00, 0x00, 0x2c, 0x0e, 0x00, 0x00, 0xc9, 0x14, 0x00, 0x00, 0xc9, 0x14,
  0x00, 0x00, 0x4f, 0x18, 0x00, 0x00, 0x4f, 0x18, 0x00, 0x00, 0xdf, 0x18,
  0x00, 0x00, 0xdf, 0x18, 0x00, 0x00, 0x41, 0x16, 0x00, 0x00, 0x41, 0x16,
  0x00, 0x00, 0xd3, 0x11, 0x00, 0x00, 0xd3, 0x11, 0x00, 0x00, 0x05, 0x0d,
  0x00, 0x00, 0x05, 0x0d, 0x00, 0x00, 0x97, 0x09, 0x00, 0x00, 0x97, 0x09,
  0x00, 0x00, 0x9e, 0x08, 0x00, 0x00, 0x9e, 0x08, 0x00, 0x00, 0x36, 0x08,
  0x00, 0x00, 0x36, 0x08, 0x00, 0x00, 0x60, 0x05, 0x00, 0x00, 0x60, 0x05,
  0x00, 0x00, 0xe2, 0x00, 0x00, 0x00, 0xe2, 0x00, 0x00, 0x00, 0x16, 0xfc,
  0x00, 0x00, 0x16, 0xfc, 0x00, 0x00, 0xc8, 0xf7, 0x00, 0x00, 0xc8, 0xf7,
  0x00, 0x00, 0xca, 0xf5, 0x00, 0x00, 0xca, 0xf5, 0x00, 0x00, 0x71, 0xf5,
  0x00, 0x00, 0x71, 0xf5, 0x00, 0x00, 0xb4, 0xf6, 0x00, 0x00, 0xb4, 0xf6,
  0x00, 0x00, 0x20, 0xf9, 0x00, 0x00, 0x20, 0xf9, 0x00, 0x00, 0xe0, 0xfa,
  0x00, 0x00, 0xe0, 0xfa, 0x00, 0x00, 0x57, 0xfc, 0x00, 0x00, 0x57, 0xfc,
  0x00, 0x00, 0x1c, 0xfd, 0x00, 0x00, 0x1c, 0xfd, 0x00, 0x00, 0xdb, 0xfc,
  0x00, 0x00, 0xdb, 0xfc, 0x00, 0x00, 0x64, 0xfc, 0x00, 0x00, 0x64, 0xfc,
  0x00, 0x00, 0x9f, 0xfc, 0x00, 0x00, 0x9f, 0xfc, 0x00, 0x00, 0xb6, 0xfd,
  0x00, 0x00, 0xb6, 0xfd, 0x00, 0x00, 0x84, 0xfe, 0x00, 0x00, 0x84, 0xfe,
  0x00, 0x00, 0x2f, 0xfe, 0x00, 0x00, 0x2f, 0xfe, 0x00, 0x00, 0xf9, 0xfc,
  0x00, 0x00, 0xf9, 0xfc, 0x00, 0x00, 0xaa, 0xfb, 0x00, 0x00, 0xaa, 0xfb,
  0x00, 0x00, 0x11, 0xfa, 0x00, 0x00, 0x11, 0xfa, 0x00, 0x00, 0xbe, 0xf8,
  0x00, 0x00, 0xbe, 0xf8, 0x00, 0x00, 0x5f, 0xf8, 0x00, 0x00, 0x5f, 0xf8,
  0x00, 0x00, 0x86, 0xf8, 0x00, 0x00, 0x86, 0xf8, 0x00, 0x00, 0x41, 0xf9,
  0x00, 0x00, 0x41, 0xf9, 0x00, 0x00, 0xeb, 0xf9, 0x00, 0x00, 0xeb, 0xf9,
  0x00, 0x00, 0x50, 0xfa, 0x00, 0x00, 0x50, 0xfa, 0x00, 0x00, 0x6c, 0xfa,
  0x00, 0x00, 0x6c, 0xfa, 0x00, 0x00, 0xe1, 0xf9, 0x00, 0x00, 0xe1, 0xf9,
  0x00, 0x00, 0xa2, 0xf9, 0x00, 0x00, 0xa2, 0xf9, 0x00, 0x00, 0x77, 0xf9,
  0x00, 0x00, 0x77, 0xf9, 0x00, 0x00, 0x5c, 0xf9, 0x00, 0x00, 0x5c, 0xf9,
  0x00, 0x00, 0x83, 0xf9, 0x00, 0x00, 0x83, 0xf9, 0x00, 0x00, 0x96, 0xf9,
  0x00, 0x00, 0x96, 0xf9, 0x00, 0x00, 0x8a, 0xf9, 0x00, 0x00, 0x8a, 0xf9,
  0x00, 0x00, 0x39, 0xf9, 0x00, 0x00, 0x39, 0xf9, 0x00, 0x00, 0x5c, 0xf9,
  0x00, 0x00, 0x5c, 0xf9, 0x00, 0x00, 0xec, 0xf9, 0x00, 0x00, 0xec, 0xf9,
  0x00, 0x00, 0x60, 0xfa, 0x00, 0x00, 0x60, 0xfa, 0x00, 0x00, 0x1c, 0xfb,
  0x00, 0x00, 0x1c, 0xfb, 0x00, 0x00, 0x56, 0xfc, 0x00, 0x00, 0x56, 0xfc,
  0x00, 0x00, 0x44, 0xfd, 0x00, 0x00, 0x44, 0xfd, 0x00, 0x00, 0xea, 0xfd,
  0x00, 0x00, 0xea, 0xfd, 0x00, 0x00, 0x0a, 0xfe, 0x00, 0x00, 0x0a, 0xfe,
  0x00, 0x00, 0xea, 0xfd, 0x00, 0x00, 0xea, 0xfd, 0x00, 0x00, 0x22, 0xfe,
  0x00, 0x00, 0x22, 0xfe, 0x00, 0x00, 0x8d, 0xfd, 0x00, 0x00, 0x8d, 0xfd,
  0x00, 0x00, 0xfa, 0xfc, 0x00, 0x00, 0xfa, 0xfc, 0x00, 0x00, 0xeb, 0xfc,
  0x00, 0x00, 0xeb, 0xfc, 0x00, 0x00, 0x6c, 0xfc, 0x00, 0x00, 0x6c, 0xfc,
  0x00, 0x00, 0xc9, 0xfb, 0x00, 0x00, 0xc9, 0xfb, 0x00, 0x00, 0x55, 0xfb,
  0x00, 0x00, 0x55, 0xfb, 0x00, 0x00, 0xc2, 0xfa, 0x00, 0x00, 0xc2, 0xfa,
  0x00, 0x00, 0x73, 0xfa, 0x00, 0x00, 0x73, 0xfa, 0x00, 0x00, 0xa1, 0xfa,
  0x00, 0x00, 0xa1, 0xfa, 0x00, 0x00, 0x49, 0xfa, 0x00, 0x00, 0x49, 0xfa,
  0x00, 0x00, 0x9e, 0xfa, 0x00, 0x00, 0x9e, 0xfa, 0x00, 0x00, 0x77, 0xfb,
  0x00, 0x00, 0x77, 0xfb, 0x00, 0x00, 0x9b, 0xfb, 0x00, 0x00, 0x9b, 0xfb,
  0x00, 0x00, 0x09, 0xfc, 0x00, 0x00, 0x09, 0xfc, 0x00, 0x00, 0x32, 0xfc,
  0x00, 0x00, 0x32, 0xfc, 0x00, 0x00, 0xa3, 0xfc, 0x00, 0x00, 0xa3, 0xfc,
  0x00, 0x00, 0x38, 0xfd, 0x00, 0x00, 0x38, 0xfd, 0x00, 0x00, 0x10, 0xfd,
  0x00, 0x00, 0x10, 0xfd, 0x00, 0x00, 0x30, 0xfd, 0x00, 0x00, 0x30, 0xfd,
  0x00, 0x00, 0xa2, 0xfd, 0x00, 0x00, 0xa2, 0xfd, 0x00, 0x00, 0xa1, 0xfd,
  0x00, 0x00, 0xa1, 0xfd, 0x00, 0x00, 0x40, 0xfd, 0x00, 0x00, 0x40, 0xfd,
  0x00, 0x00, 0x5c, 0xfd, 0x00, 0x00, 0x5c, 0xfd, 0x00, 0x00, 0x70, 0xfd,
  0x00, 0x00, 0x70, 0xfd, 0x00, 0x00, 0x90, 0xfd, 0x00, 0x00, 0x90, 0xfd,
  0x00, 0x00, 0x84, 0xfd, 0x00, 0x00, 0x84, 0xfd, 0x00, 0x00, 0x54, 0xfd,
  0x00, 0x00, 0x54, 0xfd, 0x00, 0x00, 0xdb, 0xfd, 0x00, 0x00, 0xdb, 0xfd,
  0x00, 0x00, 0xf6, 0xfd, 0x00, 0x00, 0xf6, 0xfd, 0x00, 0x00, 0xca, 0xfd,
  0x00, 0x00, 0xca, 0xfd, 0x00, 0x00, 0xfd, 0xfd, 0x00, 0x00, 0xfd, 0xfd,
  0x00, 0x00, 0x4e, 0xfe, 0x00, 0x00, 0x4e, 0xfe, 0x00, 0x00, 0x7d, 0xfe,
  0x00, 0x00, 0x7d, 0xfe, 0x00, 0x00, 0x96, 0xfe, 0x00, 0x00, 0x96, 0xfe,
  0x00, 0x00, 0xce, 0xfe, 0x00, 0x00, 0xce, 0xfe, 0x00, 0x00, 0xff, 0xfe,
  0x00, 0x00, 0xff, 0xfe, 0x00, 0x00, 0x1c, 0xff, 0x00, 0x00, 0x1c, 0xff,
  0x00, 0x00, 0xdb, 0xfe, 0x00, 0x00, 0xdb, 0xfe, 0x00, 0x00, 0xfe, 0xfe,
  0x00, 0x00, 0xfe, 0xfe, 0x00, 0x00, 0x5d, 0xff, 0x00, 0x00, 0x5d, 0xff,
  0x00, 0x00, 0x07, 0xff, 0x00, 0x00, 0x07, 0xff, 0x00, 0x00, 0x32, 0xff,
  0x00, 0x00, 0x32, 0xff, 0x00, 0x00, 0x94, 0xff, 0x00, 0x00, 0x94, 0xff,
  0x00, 0x00, 0x5c, 0xff, 0x00, 0x00, 0x5c, 0xff, 0x00, 0x00, 0x2e, 0xff,
  0x00, 0x00, 0x2e, 0xff, 0x00, 0x00, 0x12, 0xff, 0x00, 0x00, 0x12, 0xff,
  0x00, 0x00, 0xe4, 0xfe, 0x00, 0x00, 0xe4, 0xfe, 0x00, 0x00, 0x79, 0xfe,
  0x00, 0x00, 0x79, 0xfe, 0x00, 0x00, 0x04, 0xfd, 0x00, 0x00, 0x04, 0xfd,
  0x00, 0x00, 0x4f, 0xfb, 0x00, 0x00, 0x4f, 0xfb, 0x00, 0x00, 0x20, 0xfe,
  0x00, 0x00, 0x20, 0xfe, 0x00, 0x00, 0x9d, 0x06, 0x00, 0x00, 0x9d, 0x06,
  0x00, 0x00, 0x85, 0x11, 0x00, 0x00, 0x85, 0x11, 0x00, 0x00, 0xb5, 0x1b,
  0x00, 0x00, 0xb5, 0x1b, 0x00, 0x00, 0x03, 0x21, 0x00, 0x00, 0x03, 0x21,
  0x00, 0x00, 0x8d, 0x21, 0x00, 0x00, 0x8d, 0x21, 0x00, 0x00, 0x47, 0x1f,
  0x00, 0x00, 0x47, 0x1f, 0x00, 0x00, 0x7a, 0x1a, 0x00, 0x00, 0x7a, 0x1a,
  0x00, 0x00, 0x0e, 0x14, 0x00, 0x00, 0x0e, 0x14, 0x00, 0x00, 0x5a, 0x0d,
  0x00, 0x00, 0x5a, 0x0d, 0x00, 0x00, 0xa6, 0x07, 0x00, 0x00, 0xa6, 0x07,
  0x00, 0x00, 0x59, 0x04, 0x00, 0x00, 0x59, 0x04, 0x00, 0x00, 0xe6, 0x03,
  0x00, 0x00, 0xe6, 0x03, 0x00, 0x00, 0xbb, 0x02, 0x00, 0x00, 0xbb, 0x02,
  0x00, 0x00, 0x69, 0xff, 0x00, 0x00, 0x69, 0xff, 0x00, 0x00, 0xa5, 0xfa,
  0x00, 0x00, 0xa5, 0xfa, 0x00, 0x00, 0x14, 0xf7, 0x00, 0x00, 0x14, 0xf7,
  0x00, 0x00, 0x34, 0xf9, 0x00, 0x00, 0x34, 0xf9, 0x00, 0x00, 0x57, 0xff,
  0x00, 0x00, 0x57, 0xff, 0x00, 0x00, 0x50, 0x07, 0x00, 0x00, 0x50, 0x07,
  0x00, 0x00, 0xe4, 0x0e, 0x00, 0x00, 0xe4, 0x0e, 0x00, 0x00, 0x48, 0x14,
  0x00, 0x00, 0x48, 0x14, 0x00, 0x00, 0x56, 0x17, 0x00, 0x00, 0x56, 0x17,
  0x00, 0x00, 0x28, 0x17, 0x00, 0x00, 0x28, 0x17, 0x00, 0x00, 0xb3, 0x14,
  0x00, 0x00, 0xb3, 0x14, 0x00, 0x00, 0x31, 0x10, 0x00, 0x00, 0x31, 0x10,
  0x00, 0x00, 0x55, 0x0c, 0x00, 0x00, 0x55, 0x0c, 0x00, 0x00, 0x75, 0x0a,
  0x00, 0x00, 0x75, 0x0a, 0x00, 0x00, 0x31, 0x09, 0x00, 0x00, 0x31, 0x09,
  0x00, 0x00, 0xa1, 0x08, 0x00, 0x00, 0xa1, 0x08, 0x00, 0x00, 0xbc, 0x05,
  0x00, 0x00, 0xbc, 0x05, 0x00, 0x00, 0x8d, 0x00, 0x00, 0x00, 0x8d, 0x00,
  0x00, 0x00, 0xc6, 0xfb, 0x00, 0x00, 0xc6, 0xfb, 0x00, 0x00, 0xb3, 0xf7,
  0x00, 0x00, 0xb3, 0xf7, 0x00, 0x00, 0xda, 0xf5, 0x00, 0x00, 0xda, 0xf5,
  0x00, 0x00, 0xe6, 0xf5, 0x00, 0x00, 0xe6, 0xf5, 0x00, 0x00, 0xbb, 0xf6,
  0x00, 0x00, 0xbb, 0xf6, 0x00, 0x00, 0xd8, 0xf8, 0x00, 0x00, 0xd8, 0xf8,
  0x00, 0x00, 0xda, 0xfa, 0x00, 0x00, 0xda, 0xfa, 0x00, 0x00, 0xf1, 0xfb,
  0x00, 0x00, 0xf1, 0xfb, 0x00, 0x00, 0x72, 0xfc, 0x00, 0x00, 0x72, 0xfc,
  0x00, 0x00, 0x2e, 0xfc, 0x00, 0x00, 0x2e, 0xfc, 0x00, 0x00, 0xd5, 0xfb,
  0x00, 0x00, 0xd5, 0xfb, 0x00, 0x00, 0x84, 0xfc, 0x00, 0x00, 0x84, 0xfc,
  0x00, 0x00, 0x83, 0xfd, 0x00, 0x00, 0x83, 0xfd, 0x00, 0x00, 0xd6, 0xfd,
  0x00, 0x00, 0xd6, 0xfd, 0x00, 0x00, 0xc7, 0xfd, 0x00, 0x00, 0xc7, 0xfd,
  0x00, 0x00, 0x99, 0xfc, 0x00, 0x00, 0x99, 0xfc, 0x00, 0x00, 0xfc, 0xfa,
  0x00, 0x00, 0xfc, 0xfa, 0x00, 0x00, 0xb8, 0xf9, 0x00, 0x00, 0xb8, 0xf9,
  0x00, 0x00, 0x72, 0xf8, 0x00, 0x00, 0x72, 0xf8, 0x00, 0x00, 0x36, 0xf8,
  0x00, 0x00, 0x36, 0xf8, 0x00, 0x00, 0x98, 0xf8, 0x00, 0x00, 0x98, 0xf8,
  0x00, 0x00, 0xc5, 0xf8, 0x00, 0x00, 0xc5, 0xf8, 0x00, 0x00, 0x6d, 0xf9,
  0x00, 0x00, 0x6d, 0xf9, 0x00, 0x00, 0xd4, 0xf9, 0x00, 0x00, 0xd4, 0xf9,
  0x00, 0x00, 0x5d, 0xf9, 0x00, 0x00, 0x5d, 0xf9, 0x00, 0x00, 0x3a, 0xf9,
  0x00, 0x00, 0x3a, 0xf9, 0x00, 0x00, 0x18, 0xf9, 0x00, 0x00, 0x18, 0xf9,
  0x00, 0x00, 0xd1, 0xf8, 0x00, 0x00, 0xd1, 0xf8, 0x00, 0x00, 0x29, 0xf9,
  0x00, 0x00, 0x29, 0xf9, 0x00, 0x00, 0x56, 0xf9, 0x00, 0x00, 0x56, 0xf9,
  0x00, 0x00, 0x30, 0xf9, 0x00, 0x00, 0x30, 0xf9, 0x00, 0x00, 0x4d, 0xf9,
  0x00, 0x00, 0x4d, 0xf9, 0x00, 0x00, 0x3f, 0xf9, 0x00, 0x00, 0x3f, 0xf9,
  0x00, 0x00, 0x70, 0xf9, 0x00, 0x00, 0x70, 0xf9, 0x00, 0x00, 0xd8, 0xf9,
  0x00, 0x00, 0xd8, 0xf9, 0x00, 0x00, 0x20, 0xfa, 0x00, 0x00, 0x20, 0xfa,
  0x00, 0x00, 0x4d, 0xfb, 0x00, 0x00, 0x4d, 0xfb, 0x00, 0x00, 0x2d, 0xfc,
  0x00, 0x00, 0x2d, 0xfc, 0x00, 0x00, 0xa7, 0xfc, 0x00, 0x00, 0xa7, 0xfc,
  0x00, 0x00, 0x3a, 0xfd, 0x00, 0x00, 0x3a, 0xfd, 0x00, 0x00, 0x6c, 0xfd,
  0x00, 0x00, 0x6c, 0xfd, 0x00, 0x00, 0xbb, 0xfd, 0x00, 0x00, 0xbb, 0xfd,
  0x00, 0x00, 0x3b, 0xfd, 0x00, 0x00, 0x3b, 0xfd, 0x00, 0x00, 0x15, 0xfd,
  0x00, 0x00, 0x15, 0xfd, 0x00, 0x00, 0x4d, 0xfd, 0x00, 0x00, 0x4d, 0xfd,
  0x00, 0x00, 0xa5, 0xfc, 0x00, 0x00, 0xa5, 0xfc, 0x00, 0x00, 0x4b, 0xfc,
  0x00, 0x00, 0x4b, 0xfc, 0x00, 0x00, 0x19, 0xfc, 0x00, 0x00, 0x19, 0xfc,
  0x00, 0x00, 0xb4, 0xfb, 0x00, 0x00, 0xb4, 0xfb, 0x00, 0x00, 0x41, 0xfb,
  0x00, 0x00, 0x41, 0xfb, 0x00, 0x00, 0x23, 0xfb, 0x00, 0x00, 0x23, 0xfb,
  0x00, 0x00, 0x21, 0xfb, 0x00, 0x00, 0x21, 0xfb, 0x00, 0x00, 0x15, 0xfb,
  0x00, 0x00, 0x15, 0xfb, 0x00, 0x00, 0x6e, 0xfb, 0x00, 0x00, 0x6e, 0xfb,
  0x00, 0x00, 0xdd, 0xfb, 0x00, 0x00, 0xdd, 0xfb, 0x00, 0x00, 0x42, 0xfc,
  0x00, 0x00, 0x42, 0xfc, 0x00, 0x00, 0x99, 0xfc, 0x00, 0x00, 0x99, 0xfc,
  0x00, 0x00, 0x0b, 0xfd, 0x00, 0x00, 0x0b, 0xfd, 0x00, 0x00, 0x75, 0xfd,
  0x00, 0x00, 0x75, 0xfd, 0x00, 0x00, 0xd0, 0xfd, 0x00, 0x00, 0xd0, 0xfd,
  0x00, 0x00, 0xd3, 0xfd, 0x00, 0x00, 0xd3, 0xfd, 0x00, 0x00, 0x00, 0xfe,
  0x00, 0x00, 0x00, 0xfe, 0x00, 0x00, 0x84, 0xfe, 0x00, 0x00, 0x84, 0xfe,
  0x00, 0x00, 0x01, 0xfe, 0x00, 0x00, 0x01, 0xfe, 0x00, 0x00, 0xf4, 0xfd,
  0x00, 0x00, 0xf4, 0xfd, 0x00, 0x00, 0x37, 0xfe, 0x00, 0x00, 0x37, 0xfe,
  0x00, 0x00, 0xb0, 0xfd, 0x00, 0x00, 0xb0, 0xfd, 0x00, 0x00, 0xaf, 0xfd,
  0x00, 0x00, 0xaf, 0xfd, 0x00, 0x00, 0x7b, 0xfd, 0x00, 0x00, 0x7b, 0xfd,
  0x00, 0x00, 0x5a, 0xfd, 0x00, 0x00, 0x5a, 0xfd, 0x00, 0x00, 0xae, 0xfd,
  0x00, 0x00, 0xae, 0xfd, 0x00, 0x00, 0x76, 0xfd, 0x00, 0x00, 0x76, 0xfd,
  0x00, 0x00, 0x89, 0xfd, 0x00, 0x00, 0x89, 0xfd, 0x00, 0x00, 0x08, 0xfe,
  0x00, 0x00, 0x08, 0xfe, 0x00, 0x00, 0x10, 0xfe, 0x00, 0x00, 0x10, 0xfe,
  0x00, 0x00, 0x2b, 0xfe, 0x00, 0x00, 0x2b, 0xfe, 0x00, 0x00, 0x7d, 0xfe,
  0x00, 0x00, 0x7d, 0xfe, 0x00, 0x00, 0x97, 0xfe, 0x00, 0x00, 0x97, 0xfe,
  0x00, 0x00, 0xb0, 0xfe, 0x00, 0x00, 0xb0, 0xfe, 0x00, 0x00, 0xca, 0xfe,
  0x00, 0x00, 0xca, 0xfe, 0x00, 0x00, 0x1d, 0xff, 0x00, 0x00, 0x1d, 0xff,
  0x00, 0x00, 0x4c, 0xff, 0x00, 0x00, 0x4c, 0xff, 0x00, 0x00, 0x53, 0xff,
  0x00, 0x00, 0x53, 0xff, 0x00, 0x00, 0x52, 0xff, 0x00, 0x00, 0x52, 0xff,
  0x00, 0x00, 0x32, 0xff, 0x00, 0x00, 0x32, 0xff, 0x00, 0x00, 0xc4, 0xff,
  0x00, 0x00, 0xc4, 0xff, 0x00, 0x00, 0xab, 0xff, 0x00, 0x00, 0xab, 0xff,
  0x00, 0x00, 0x1f, 0xff, 0x00, 0x00, 0x1f, 0xff, 0x00, 0x00, 0x79, 0xff,
  0x00, 0x00, 0x79, 0xff, 0x00, 0x00, 0x79, 0xff, 0x00, 0x00, 0x79, 0xff,
  0x00, 0x00, 0x6b, 0xff, 0x00, 0x00, 0x6b, 0xff, 0x00, 0x00, 0x6b, 0xff,
  0x00, 0x00, 0x6b, 0xff, 0x00, 0x00, 0xf0, 0xfe, 0x00, 0x00, 0xf0, 0xfe,
  0x00, 0x00, 0x4c, 0xfe, 0x00, 0x00, 0x4c, 0xfe, 0x00, 0x00, 0x58, 0xfd,
  0x00, 0x00, 0x58, 0xfd, 0x00, 0x00, 0x97, 0xfb, 0x00, 0x00, 0x97, 0xfb,
  0x00, 0x00, 0x0e, 0xfc, 0x00, 0x00, 0x0e, 0xfc, 0x00, 0x00, 0xbd, 0x01,
  0x00, 0x00, 0xbd, 0x01, 0x00, 0x00, 0xa3, 0x0a, 0x00, 0x00, 0xa3, 0x0a,
  0x00, 0x00, 0xba, 0x14, 0x00, 0x00, 0xba, 0x14, 0x00, 0x00, 0x33, 0x1c,
  0x00, 0x00, 0x33, 0x1c, 0x00, 0x00, 0x03, 0x1f, 0x00, 0x00, 0x03, 0x1f,
  0x00, 0x00, 0xa4, 0x1e, 0x00, 0x00, 0xa4, 0x1e, 0x00, 0x00, 0x17, 0x1b,
  0x00, 0x00, 0x17, 0x1b, 0x00, 0x00, 0xe8, 0x15, 0x00, 0x00, 0xe8, 0x15,
  0x00, 0x00, 0x95, 0x10, 0x00, 0x00, 0x95, 0x10, 0x00, 0x00, 0xef, 0x0b,
  0x00, 0x00, 0xef, 0x0b, 0x00, 0x00, 0xb7, 0x08, 0x00, 0x00, 0xb7, 0x08,
  0x00, 0x00, 0x23, 0x07, 0x00, 0x00, 0x23, 0x07, 0x00, 0x00, 0x02, 0x06,
  0x00, 0x00, 0x02, 0x06, 0x00, 0x00, 0xff, 0x02, 0x00, 0x00, 0xff, 0x02,
  0x00, 0x00, 0x5f, 0xfe, 0x00, 0x00, 0x5f, 0xfe, 0x00, 0x00, 0x19, 0xfa,
  0x00, 0x00, 0x19, 0xfa, 0x00, 0x00, 0xe5, 0xf8, 0x00, 0x00, 0xe5, 0xf8,
  0x00, 0x00, 0x34, 0xfc, 0x00, 0x00, 0x34, 0xfc, 0x00, 0x00, 0x41, 0x02,
  0x00, 0x00, 0x41, 0x02, 0x00, 0x00, 0x3d, 0x09, 0x00, 0x00, 0x3d, 0x09,
  0x00, 0x00, 0x63, 0x0f, 0x00, 0x00, 0x63, 0x0f, 0x00, 0x00, 0x39, 0x13,
  0x00, 0x00, 0x39, 0x13, 0x00, 0x00, 0x87, 0x14, 0x00, 0x00, 0x87, 0x14,
  0x00, 0x00, 0x7c, 0x13, 0x00, 0x00, 0x7c, 0x13, 0x00, 0x00, 0xfa, 0x10,
  0x00, 0x00, 0xfa, 0x10, 0x00, 0x00, 0x0a, 0x0e, 0x00, 0x00, 0x0a, 0x0e,
  0x00, 0x00, 0xc5, 0x0c, 0x00, 0x00, 0xc5, 0x0c, 0x00, 0x00, 0x7a, 0x0c,
  0x00, 0x00, 0x7a, 0x0c, 0x00, 0x00, 0x3e, 0x0b, 0x00, 0x00, 0x3e, 0x0b,
  0x00, 0x00, 0x6e, 0x09, 0x00, 0x00, 0x6e, 0x09, 0x00, 0x00, 0x45, 0x05,
  0x00, 0x00, 0x45, 0x05, 0x00, 0x00, 0x00, 0x00, 0x00, 0x00, 0x00, 0x00,
  0x00, 0x00, 0x98, 0xfb, 0x00, 0x00, 0x98, 0xfb, 0x00, 0x00, 0x3c, 0xf8,
  0x00, 0x00, 0x3c, 0xf8, 0x00, 0x00, 0x5c, 0xf7, 0x00, 0x00, 0x5c, 0xf7,
  0x00, 0x00, 0x25, 0xf7, 0x00, 0x00, 0x25, 0xf7, 0x00, 0x00, 0xc1, 0xf7,
  0x00, 0x00, 0xc1, 0xf7, 0x00, 0x00, 0xbc, 0xf9, 0x00, 0x00, 0xbc, 0xf9,
  0x00, 0x00, 0xa7, 0xfa, 0x00, 0x00, 0xa7, 0xfa, 0x00, 0x00, 0x18, 0xfb,
  0x00, 0x00, 0x18, 0xfb, 0x00, 0x00, 0xed, 0xfa, 0x00, 0x00, 0xed, 0xfa,
  0x00, 0x00, 0x1f, 0xfa, 0x00, 0x00, 0x1f, 0xfa, 0x00, 0x00, 0x74, 0xfa,
  0x00, 0x00, 0x74, 0xfa, 0x00, 0x00, 0x6c, 0xfb, 0x00, 0x00, 0x6c, 0xfb,
  0x00, 0x00, 0xcf, 0xfc, 0x00, 0x00, 0xcf, 0xfc, 0x00, 0x00, 0x70, 0xfd,
  0x00, 0x00, 0x70, 0xfd, 0x00, 0x00, 0x89, 0xfc, 0x00, 0x00, 0x89, 0xfc,
  0x00, 0x00, 0x43, 0xfb, 0x00, 0x00, 0x43, 0xfb, 0x00, 0x00, 0x77, 0xf9,
  0x00, 0x00, 0x77, 0xf9, 0x00, 0x00, 0xee, 0xf7, 0x00, 0x00, 0xee, 0xf7,
  0x00, 0x00, 0x41, 0xf7, 0x00, 0x00, 0x41, 0xf7, 0x00, 0x00, 0x6a, 0xf7,
  0x00, 0x00, 0x6a, 0xf7, 0x00, 0x00, 0xf9, 0xf7, 0x00, 0x00, 0xf9, 0xf7,
  0x00, 0x00, 0x19, 0xf8, 0x00, 0x00, 0x19, 0xf8, 0x00, 0x00, 0xfe, 0xf7,
  0x00, 0x00, 0xfe, 0xf7, 0x00, 0x00, 0xca, 0xf7, 0x00, 0x00, 0xca, 0xf7,
  0x00, 0x00, 0xd7, 0xf7, 0x00, 0x00, 0xd7, 0xf7, 0x00, 0x00, 0xe2, 0xf7,
  0x00, 0x00, 0xe2, 0xf7, 0x00, 0x00, 0xd2, 0xf7, 0x00, 0x00, 0xd2, 0xf7,
  0x00, 0x00, 0x96, 0xf7, 0x00, 0x00, 0x96, 0xf7, 0x00, 0x00, 0x7c, 0xf7,
  0x00, 0x00, 0x7c, 0xf7, 0x00, 0x00, 0xe8, 0xf7, 0x00, 0x00, 0xe8, 0xf7,
  0x00, 0x00, 0x71, 0xf8, 0x00, 0x00, 0x71, 0xf8, 0x00, 0x00, 0x09, 0xf9,
  0x00, 0x00, 0x09, 0xf9, 0x00, 0x00, 0xc5, 0xf8, 0x00, 0x00, 0xc5, 0xf8,
  0x00, 0x00, 0x40, 0xf8, 0x00, 0x00, 0x40, 0xf8, 0x00, 0x00, 0x40, 0xf8,
  0x00, 0x00, 0x40, 0xf8, 0x00, 0x00, 0xd1, 0xf8, 0x00, 0x00, 0xd1, 0xf8,
  0x00, 0x00, 0xc5, 0xfa, 0x00, 0x00, 0xc5, 0xfa, 0x00, 0x00, 0xf8, 0xfb,
  0x00, 0x00, 0xf8, 0xfb, 0x00, 0x00, 0xea, 0xfb, 0x00, 0x00, 0xea, 0xfb,
  0x00, 0x00, 0x39, 0xfc, 0x00, 0x00, 0x39, 0xfc, 0x00, 0x00, 0xee, 0xfb,
  0x00, 0x00, 0xee, 0xfb, 0x00, 0x00, 0x09, 0xfc, 0x00, 0x00, 0x09, 0xfc,
  0x00, 0x00, 0xf0, 0xfc, 0x00, 0x00, 0xf0, 0xfc, 0x00, 0x00, 0xf7, 0xfc,
  0x00, 0x00, 0xf7, 0xfc, 0x00, 0x00, 0x20, 0xfd, 0x00, 0x00, 0x20, 0xfd,
  0x00, 0x00, 0x0f, 0xfd, 0x00, 0x00, 0x0f, 0xfd, 0x00, 0x00, 0x78, 0xfc,
  0x00, 0x00, 0x78, 0xfc, 0x00, 0x00, 0xa6, 0xfc, 0x00, 0x00, 0xa6, 0xfc,
  0x00, 0x00, 0xa3, 0xfc, 0x00, 0x00, 0xa3, 0xfc, 0x00, 0x00, 0x27, 0xfc,
  0x00, 0x00, 0x27, 0xfc, 0x00, 0x00, 0xc8, 0xfb, 0x00, 0x00, 0xc8, 0xfb,
  0x00, 0x00, 0xaf, 0xfb, 0x00, 0x00, 0xaf, 0xfb, 0x00, 0x00, 0x51, 0xfc,
  0x00, 0x00, 0x51, 0xfc, 0x00, 0x00, 0x1c, 0xfd, 0x00, 0x00, 0x1c, 0xfd,
  0x00, 0x00, 0x3f, 0xfd, 0x00, 0x00, 0x3f, 0xfd, 0x00, 0x00, 0x31, 0xfd,
  0x00, 0x00, 0x31, 0xfd, 0x00, 0x00, 0x5e, 0xfd, 0x00, 0x00, 0x5e, 0xfd,
  0x00, 0x00, 0x5e, 0xfd, 0x00, 0x00, 0x5e, 0xfd, 0x00, 0x00, 0xbc, 0xfd,
  0x00, 0x00, 0xbc, 0xfd, 0x00, 0x00, 0xc7, 0xfe, 0x00, 0x00, 0xc7, 0xfe,
  0x00, 0x00, 0x2f, 0xff, 0x00, 0x00, 0x2f, 0xff, 0x00, 0x00, 0x0c, 0xff,
  0x00, 0x00, 0x0c, 0xff, 0x00, 0x00, 0x39, 0xff, 0x00, 0x00, 0x39, 0xff,
  0x00, 0x00, 0x39, 0xff, 0x00, 0x00, 0x39, 0xff, 0x00, 0x00, 0x7a, 0xff,
  0x00, 0x00, 0x7a, 0xff, 0x00, 0x00, 0x86, 0xff, 0x00, 0x00, 0x86, 0xff,
  0x00, 0x00, 0xa9, 0xfe, 0x00, 0x00, 0xa9, 0xfe, 0x00, 0x00, 0xbf, 0xfe,
  0x00, 0x00, 0xbf, 0xfe, 0x00, 0x00, 0x11, 0xff, 0x00, 0x00, 0x11, 0xff,
  0x00, 0x00, 0xf6, 0xfe, 0x00, 0x00, 0xf6, 0xfe, 0x00, 0x00, 0x7d, 0xff,
  0x00, 0x00, 0x7d, 0xff, 0x00, 0x00, 0xec, 0xfe, 0x00, 0x00, 0xec, 0xfe,
  0x00, 0x00, 0x50, 0xfe, 0x00, 0x00, 0x50, 0xfe, 0x00, 0x00, 0xc8, 0xfe,
  0x00, 0x00, 0xc8, 0xfe, 0x00, 0x00, 0x89, 0xfe, 0x00, 0x00, 0x89, 0xfe,
  0x00, 0x00, 0xfa, 0xfe, 0x00, 0x00, 0xfa, 0xfe, 0x00, 0x00, 0x19, 0xff,
  0x00, 0x00, 0x19, 0xff, 0x00, 0x00, 0x2c, 0xfe, 0x00, 0x00, 0x2c, 0xfe,
  0x00, 0x00, 0x3a, 0xff, 0x00, 0x00, 0x3a, 0xff, 0x00, 0x00, 0x05, 0x00,
  0x00, 0x00, 0x05, 0x00, 0x00, 0x00, 0x6d, 0xff, 0x00, 0x00, 0x6d, 0xff,
  0x00, 0x00, 0x1c, 0xff, 0x00, 0x00, 0x1c, 0xff, 0x00, 0x00, 0x56, 0xfe,
  0x00, 0x00, 0x56, 0xfe, 0x00, 0x00, 0x10, 0xff, 0x00, 0x00, 0x10, 0xff,
  0x00, 0x00, 0x22, 0x00, 0x00, 0x00, 0x22, 0x00, 0x00, 0x00, 0x3e, 0xff,
  0x00, 0x00, 0x3e, 0xff, 0x00, 0x00, 0x3f, 0xff, 0x00, 0x00, 0x3f, 0xff,
  0x00, 0x00, 0x4d, 0xff, 0x00, 0x00, 0x4d, 0xff, 0x00, 0x00, 0x0f, 0xff,
  0x00, 0x00, 0x0f, 0xff, 0x00, 0x00, 0xbc, 0xff, 0x00, 0x00, 0xbc, 0xff,
  0x00, 0x00, 0x52, 0xff, 0x00, 0x00, 0x52, 0xff, 0x00, 0x00, 0x95, 0xfe,
  0x00, 0x00, 0x95, 0xfe, 0x00, 0x00, 0x05, 0xfe, 0x00, 0x00, 0x05, 0xfe,
  0x00, 0x00, 0x20, 0xfe, 0x00, 0x00, 0x20, 0xfe, 0x00, 0x00, 0x04, 0xff,
  0x00, 0x00, 0x04, 0xff, 0x00, 0x00, 0xd9, 0xfe, 0x00, 0x00, 0xd9, 0xfe,
  0x00, 0x00, 0x21, 0xfe, 0x00, 0x00, 0x21, 0xfe, 0x00, 0x00, 0xdf, 0xfc,
  0x00, 0x00, 0xdf, 0xfc, 0x00, 0x00, 0xf0, 0xfb, 0x00, 0x00, 0xf0, 0xfb,
  0x00, 0x00, 0x3a, 0xfb, 0x00, 0x00, 0x3a, 0xfb, 0x00, 0x00, 0x62, 0xfb,
  0x00, 0x00, 0x62, 0xfb, 0x00, 0x00, 0xa4, 0xff, 0x00, 0x00, 0xa4, 0xff,
  0x00, 0x00, 0xb4, 0x06, 0x00, 0x00, 0xb4, 0x06, 0x00, 0x00, 0xeb, 0x0e,
  0x00, 0x00, 0xeb, 0x0e, 0x00, 0x00, 0xb9, 0x15, 0x00, 0x00, 0xb9, 0x15,
  0x00, 0x00, 0xa9, 0x18, 0x00, 0x00, 0xa9, 0x18, 0x00, 0x00, 0x1b, 0x19,
  0x00, 0x00, 0x1b, 0x19, 0x00, 0x00, 0x8f, 0x17, 0x00, 0x00, 0x8f, 0x17,
  0x00, 0x00, 0x0a, 0x15, 0x00, 0x00, 0x0a, 0x15, 0x00, 0x00, 0xa3, 0x12,
  0x00, 0x00, 0xa3, 0x12, 0x00, 0x00, 0x1b, 0x10, 0x00, 0x00, 0x1b, 0x10,
  0x00, 0x00, 0xf9, 0x0d, 0x00, 0x00, 0xf9, 0x0d, 0x00, 0x00, 0xac, 0x0c,
  0x00, 0x00, 0xac, 0x0c, 0x00, 0x00, 0x1e, 0x0b, 0x00, 0x00, 0x1e, 0x0b,
  0x00, 0x00, 0x46, 0x08, 0x00, 0x00, 0x46, 0x08, 0x00, 0x00, 0x52, 0x04,
  0x00, 0x00, 0x52, 0x04, 0x00, 0x00, 0x22, 0x00, 0x00, 0x00, 0x22, 0x00,
  0x00, 0x00, 0x02, 0xfe, 0x00, 0x00, 0x02, 0xfe, 0x00, 0x00, 0xba, 0xfe,
  0x00, 0x00, 0xba, 0xfe, 0x00, 0x00, 0x77, 0x01, 0x00, 0x00, 0x77, 0x01,
  0x00, 0x00, 0x05, 0x06, 0x00, 0x00, 0x05, 0x06, 0x00, 0x00, 0x15, 0x0a,
  0x00, 0x00, 0x15, 0x0a, 0x00, 0x00, 0xd0, 0x0c, 0x00, 0x00, 0xd0, 0x0c,
  0x00, 0x00, 0xe9, 0x0e, 0x00, 0x00, 0xe9, 0x0e, 0x00, 0x00, 0x4e, 0x0f,
  0x00, 0x00, 0x4e, 0x0f, 0x00, 0x00, 0x80, 0x0f, 0x00, 0x00, 0x80, 0x0f,
  0x00, 0x00, 0x97, 0x0f, 0x00, 0x00, 0x97, 0x0f, 0x00, 0x00, 0x05, 0x0f,
  0x00, 0x00, 0x05, 0x0f, 0x00, 0x00, 0xf1, 0x0e, 0x00, 0x00, 0xf1, 0x0e,
  0x00, 0x00, 0xdf, 0x0d, 0x00, 0x00, 0xdf, 0x0d, 0x00, 0x00, 0xbe, 0x0c,
  0x00, 0x00, 0xbe, 0x0c, 0x00, 0x00, 0x1c, 0x0b, 0x00, 0x00, 0x1c, 0x0b,
  0x00, 0x00, 0x62, 0x07, 0x00, 0x00, 0x62, 0x07, 0x00, 0x00, 0xcb, 0x03,
  0x00, 0x00, 0xcb, 0x03, 0x00, 0x00, 0x67, 0x00, 0x00, 0x00, 0x67, 0x00,
  0x00, 0x00, 0x26, 0xfe, 0x00, 0x00, 0x26, 0xfe, 0x00, 0x00, 0x20, 0xfd,
  0x00, 0x00, 0x20, 0xfd, 0x00, 0x00, 0xf8, 0xfb, 0x00, 0x00, 0xf8, 0xfb,
  0x00, 0x00, 0xa5, 0xfb, 0x00, 0x00, 0xa5, 0xfb, 0x00, 0x00, 0x2b, 0xfb,
  0x00, 0x00, 0x2b, 0xfb, 0x00, 0x00, 0x6c, 0xfa, 0x00, 0x00, 0x6c, 0xfa,
  0x00, 0x00, 0x2a, 0xfa, 0x00, 0x00, 0x2a, 0xfa, 0x00, 0x00, 0x41, 0xfa,
  0x00, 0x00, 0x41, 0xfa, 0x00, 0x00, 0x86, 0xfa, 0x00, 0x00, 0x86, 0xfa,
  0x00, 0x00, 0x02, 0xfb, 0x00, 0x00, 0x02, 0xfb, 0x00, 0x00, 0x02, 0xfc,
  0x00, 0x00, 0x02, 0xfc, 0x00, 0x00, 0x51, 0xfc, 0x00, 0x00, 0x51, 0xfc,
  0x00, 0x00, 0xfc, 0xfb, 0x00, 0x00, 0xfc, 0xfb, 0x00, 0x00, 0xe6, 0xfa,
  0x00, 0x00, 0xe6, 0xfa, 0x00, 0x00, 0xa3, 0xf9, 0x00, 0x00, 0xa3, 0xf9,
  0x00, 0x00, 0x1b, 0xf9, 0x00, 0x00, 0x1b, 0xf9, 0x00, 0x00, 0xef, 0xf7,
  0x00, 0x00, 0xef, 0xf7, 0x00, 0x00, 0x77, 0xf7, 0x00, 0x00, 0x77, 0xf7,
  0x00, 0x00, 0x94, 0xf7, 0x00, 0x00, 0x94, 0xf7, 0x00, 0x00, 0x76, 0xf7,
  0x00, 0x00, 0x76, 0xf7, 0x00, 0x00, 0xc9, 0xf7, 0x00, 0x00, 0xc9, 0xf7,
  0x00, 0x00, 0x6c, 0xf7, 0x00, 0x00, 0x6c, 0xf7, 0x00, 0x00, 0xc2, 0xf6,
  0x00, 0x00, 0xc2, 0xf6, 0x00, 0x00, 0x0f, 0xf6, 0x00, 0x00, 0x0f, 0xf6,
  0x00, 0x00, 0x77, 0xf5, 0x00, 0x00, 0x77, 0xf5, 0x00, 0x00, 0x86, 0xf5,
  0x00, 0x00, 0x86, 0xf5, 0x00, 0x00, 0xd8, 0xf5, 0x00, 0x00, 0xd8, 0xf5,
  0x00, 0x00, 0x2f, 0xf6, 0x00, 0x00, 0x2f, 0xf6, 0x00, 0x00, 0xa2, 0xf6,
  0x00, 0x00, 0xa2, 0xf6, 0x00, 0x00, 0x32, 0xf7, 0x00, 0x00, 0x32, 0xf7,
  0x00, 0x00, 0xc5, 0xf6, 0x00, 0x00, 0xc5, 0xf6, 0x00, 0x00, 0x7e, 0xf6,
  0x00, 0x00, 0x7e, 0xf6, 0x00, 0x00, 0xdb, 0xf6, 0x00, 0x00, 0xdb, 0xf6,
  0x00, 0x00, 0xd8, 0xf6, 0x00, 0x00, 0xd8, 0xf6, 0x00, 0x00, 0x9e, 0xf7,
  0x00, 0x00, 0x9e, 0xf7, 0x00, 0x00, 0x8a, 0xf8, 0x00, 0x00, 0x8a, 0xf8,
  0x00, 0x00, 0xaa, 0xf9, 0x00, 0x00, 0xaa, 0xf9, 0x00, 0x00, 0xec, 0xfa,
  0x00, 0x00, 0xec, 0xfa, 0x00, 0x00, 0x3f, 0xfb, 0x00, 0x00, 0x3f, 0xfb,
  0x00, 0x00, 0x00, 0xfc, 0x00, 0x00, 0x00, 0xfc, 0x00, 0x00, 0x75, 0xfc,
  0x00, 0x00, 0x75, 0xfc, 0x00, 0x00, 0x2a, 0xfc, 0x00, 0x00, 0x2a, 0xfc,
  0x00, 0x00, 0x45, 0xfc, 0x00, 0x00, 0x45, 0xfc, 0x00, 0x00, 0x72, 0xfc,
  0x00, 0x00, 0x72, 0xfc, 0x00, 0x00, 0xd3, 0xfc, 0x00, 0x00, 0xd3, 0xfc,
  0x00, 0x00, 0xdf, 0xfc, 0x00, 0x00, 0xdf, 0xfc, 0x00, 0x00, 0x5d, 0xfc,
  0x00, 0x00, 0x5d, 0xfc, 0x00, 0x00, 0x47, 0xfc, 0x00, 0x00, 0x47, 0xfc,
  0x00, 0x00, 0x3d, 0xfc, 0x00, 0x00, 0x3d, 0xfc, 0x00, 0x00, 0x64, 0xfc,
  0x00, 0x00, 0x64, 0xfc, 0x00, 0x00, 0x87, 0xfc, 0x00, 0x00, 0x87, 0xfc,
  0x00, 0x00, 0x08, 0xfc, 0x00, 0x00, 0x08, 0xfc, 0x00, 0x00, 0x18, 0xfc,
  0x00, 0x00, 0x18, 0xfc, 0x00, 0x00, 0x3a, 0xfc, 0x00, 0x00, 0x3a, 0xfc,
  0x00, 0x00, 0x4f, 0xfc, 0x00, 0x00, 0x4f, 0xfc, 0x00, 0x00, 0xf4, 0xfc,
  0x00, 0x00, 0xf4, 0xfc, 0x00, 0x00, 0x71, 0xfd, 0x00, 0x00, 0x71, 0xfd,
  0x00, 0x00, 0x0c, 0xfe, 0x00, 0x00, 0x0c, 0xfe, 0x00, 0x00, 0x98, 0xfe,
  0x00, 0x00, 0x98, 0xfe, 0x00, 0x00, 0xee, 0xfe, 0x00, 0x00, 0xee, 0xfe,
  0x00, 0x00, 0xf6, 0xfe, 0x00, 0x00, 0xf6, 0xfe, 0x00, 0x00, 0x91, 0xfe,
  0x00, 0x00, 0x91, 0xfe, 0x00, 0x00, 0x05, 0xfe, 0x00, 0x00, 0x05, 0xfe,
  0x00, 0x00, 0x80, 0xfe, 0x00, 0x00, 0x80, 0xfe, 0x00, 0x00, 0xa0, 0xff,
  0x00, 0x00, 0xa0, 0xff, 0x00, 0x00, 0x94, 0xff, 0x00, 0x00, 0x94, 0xff,
  0x00, 0x00, 0x46, 0xff, 0x00, 0x00, 0x46, 0xff, 0x00, 0x00, 0xa3, 0xfe,
  0x00, 0x00, 0xa3, 0xfe, 0x00, 0x00, 0x7d, 0xfe, 0x00, 0x00, 0x7d, 0xfe,
  0x00, 0x00, 0xb9, 0xfe, 0x00, 0x00, 0xb9, 0xfe, 0x00, 0x00, 0x6f, 0xfe,
  0x00, 0x00, 0x6f, 0xfe, 0x00, 0x00, 0xd2, 0xfe, 0x00, 0x00, 0xd2, 0xfe,
  0x00, 0x00, 0x82, 0xfe, 0x00, 0x00, 0x82, 0xfe, 0x00, 0x00, 0x1f, 0xfe,
  0x00, 0x00, 0x1f, 0xfe, 0x00, 0x00, 0x80, 0xfe, 0x00, 0x00, 0x80, 0xfe,
  0x00, 0x00, 0x12, 0xff, 0x00, 0x00, 0x12, 0xff, 0x00, 0x00, 0x2e, 0xff,
  0x00, 0x00, 0x2e, 0xff, 0x00, 0x00, 0x78, 0xfe, 0x00, 0x00, 0x78, 0xfe,
  0x00, 0x00, 0x7f, 0xfe, 0x00, 0x00, 0x7f, 0xfe, 0x00, 0x00, 0x31, 0xff,
  0x00, 0x00, 0x31, 0xff, 0x00, 0x00, 0xa0, 0xff, 0x00, 0x00, 0xa0, 0xff,
  0x00, 0x00, 0x1a, 0xff, 0x00, 0x00, 0x1a, 0xff, 0x00, 0x00, 0xd6, 0xfe,
  0x00, 0x00, 0xd6, 0xfe, 0x00, 0x00, 0x0f, 0xff, 0x00, 0x00, 0x0f, 0xff,
  0x00, 0x00, 0x0a, 0xff, 0x00, 0x00, 0x0a, 0xff, 0x00, 0x00, 0x8f, 0xff,
  0x00, 0x00, 0x8f, 0xff, 0x00, 0x00, 0xc9, 0xff, 0x00, 0x00, 0xc9, 0xff,
  0x00, 0x00, 0x6c, 0xff, 0x00, 0x00, 0x6c, 0xff, 0x00, 0x00, 0x29, 0xff,
  0x00, 0x00, 0x29, 0xff, 0x00, 0x00, 0x77, 0xff, 0x00, 0x00, 0x77, 0xff,
  0x00, 0x00, 0xc1, 0xff, 0x00, 0x00, 0xc1, 0xff, 0x00, 0x00, 0x42, 0xff,
  0x00, 0x00, 0x42, 0xff, 0x00, 0x00, 0x8e, 0xfe, 0x00, 0x00, 0x8e, 0xfe,
  0x00, 0x00, 0xe5, 0xfe, 0x00, 0x00, 0xe5, 0xfe, 0x00, 0x00, 0xb5, 0xff,
  0x00, 0x00, 0xb5, 0xff, 0x00, 0x00, 0x7a, 0xff, 0x00, 0x00, 0x7a, 0xff,
  0x00, 0x00, 0xdf, 0xfe, 0x00, 0x00, 0xdf, 0xfe, 0x00, 0x00, 0x0f, 0xfe,
  0x00, 0x00, 0x0f, 0xfe, 0x00, 0x00, 0x4b, 0xfd, 0x00, 0x00, 0x4b, 0xfd,
  0x00, 0x00, 0x2b, 0xfd, 0x00, 0x00, 0x2b, 0xfd, 0x00, 0x00, 0x72, 0xfd,
  0x00, 0x00, 0x72, 0xfd, 0x00, 0x00, 0xf3, 0xfc, 0x00, 0x00, 0xf3, 0xfc,
  0x00, 0x00, 0xc8, 0xfc, 0x00, 0x00, 0xc8, 0xfc, 0x00, 0x00, 0x35, 0x00,
  0x00, 0x00, 0x35, 0x00, 0x00, 0x00, 0x8c, 0x05, 0x00, 0x00, 0x8c, 0x05,
  0x00, 0x00, 0x4f, 0x0b, 0x00, 0x00, 0x4f, 0x0b, 0x00, 0x00, 0xa5, 0x0f,
  0x00, 0x00, 0xa5, 0x0f, 0x00, 0x00, 0x4e, 0x11, 0x00, 0x00, 0x4e, 0x11,
  0x00, 0x00, 0x21, 0x13, 0x00, 0x00, 0x21, 0x13, 0x00, 0x00, 0x6a, 0x13,
  0x00, 0x00, 0x6a, 0x13, 0x00, 0x00, 0x4b, 0x13, 0x00, 0x00, 0x4b, 0x13,
  0x00, 0x00, 0x20, 0x13, 0x00, 0x00, 0x20, 0x13, 0x00, 0x00, 0xb3, 0x0f,
  0x00, 0x00, 0xb3, 0x0f, 0x00, 0x00, 0x85, 0x0d, 0x00, 0x00, 0x85, 0x0d,
  0x00, 0x00, 0x1a, 0x0d, 0x00, 0x00, 0x1a, 0x0d, 0x00, 0x00, 0x53, 0x0c,
  0x00, 0x00, 0x53, 0x0c, 0x00, 0x00, 0x51, 0x0b, 0x00, 0x00, 0x51, 0x0b,
  0x00, 0x00, 0x32, 0x08, 0x00, 0x00, 0x32, 0x08, 0x00, 0x00, 0xe4, 0x04,
  0x00, 0x00, 0xe4, 0x04, 0x00, 0x00, 0xd2, 0x02, 0x00, 0x00, 0xd2, 0x02,
  0x00, 0x00, 0xdf, 0x01, 0x00, 0x00, 0xdf, 0x01, 0x00, 0x00, 0x34, 0x03,
  0x00, 0x00, 0x34, 0x03, 0x00, 0x00, 0x64, 0x05, 0x00, 0x00, 0x64, 0x05,
  0x00, 0x00, 0x28, 0x07, 0x00, 0x00, 0x28, 0x07, 0x00, 0x00, 0x85, 0x09,
  0x00, 0x00, 0x85, 0x09, 0x00, 0x00, 0x0c, 0x0c, 0x00, 0x00, 0x0c, 0x0c,
  0x00, 0x00, 0xd4, 0x0d, 0x00, 0x00, 0xd4, 0x0d, 0x00, 0x00, 0x64, 0x0e,
  0x00, 0x00, 0x64, 0x0e, 0x00, 0x00, 0x97, 0x0d, 0x00, 0x00, 0x97, 0x0d,
  0x00, 0x00, 0x07, 0x0d, 0x00, 0x00, 0x07, 0x0d, 0x00, 0x00, 0xdb, 0x0c,
  0x00, 0x00, 0xdb, 0x0c, 0x00, 0x00, 0xc0, 0x0c, 0x00, 0x00, 0xc0, 0x0c,
  0x00, 0x00, 0xcf, 0x0c, 0x00, 0x00, 0xcf, 0x0c, 0x00, 0x00, 0xaf, 0x0b,
  0x00, 0x00, 0xaf, 0x0b, 0x00, 0x00, 0x73, 0x09, 0x00, 0x00, 0x73, 0x09,
  0x00, 0x00, 0x16, 0x07, 0x00, 0x00, 0x16, 0x07, 0x00, 0x00, 0x98, 0x04,
  0x00, 0x00, 0x98, 0x04, 0x00, 0x00, 0x76, 0x02, 0x00, 0x00, 0x76, 0x02,
  0x00, 0x00, 0x41, 0x00, 0x00, 0x00, 0x41, 0x00, 0x00, 0x00, 0x02, 0xfe,
  0x00, 0x00, 0x02, 0xfe, 0x00, 0x00, 0x8c, 0xfd, 0x00, 0x00, 0x8c, 0xfd,
  0x00, 0x00, 0x3c, 0xfd, 0x00, 0x00, 0x3c, 0xfd, 0x00, 0x00, 0xca, 0xfc,
  0x00, 0x00, 0xca, 0xfc, 0x00, 0x00, 0x24, 0xfd, 0x00, 0x00, 0x24, 0xfd,
  0x00, 0x00, 0x6a, 0xfc, 0x00, 0x00, 0x6a, 0xfc, 0x00, 0x00, 0xd3, 0xfb,
  0x00, 0x00, 0xd3, 0xfb, 0x00, 0x00, 0x5f, 0xfb, 0x00, 0x00, 0x5f, 0xfb,
  0x00, 0x00, 0x05, 0xfb, 0x00, 0x00, 0x05, 0xfb, 0x00, 0x00, 0x9d, 0xfb,
  0x00, 0x00, 0x9d, 0xfb, 0x00, 0x00, 0x48, 0xfb, 0x00, 0x00, 0x48, 0xfb,
  0x00, 0x00, 0x21, 0xfb, 0x00, 0x00, 0x21, 0xfb, 0x00, 0x00, 0x28, 0xfb,
  0x00, 0x00, 0x28, 0xfb, 0x00, 0x00, 0x7a, 0xfa, 0x00, 0x00, 0x7a, 0xfa,
  0x00, 0x00, 0xff, 0xf9, 0x00, 0x00, 0xff, 0xf9, 0x00, 0x00, 0xf3, 0xf8,
  0x00, 0x00, 0xf3, 0xf8, 0x00, 0x00, 0xc4, 0xf7, 0x00, 0x00, 0xc4, 0xf7,
  0x00, 0x00, 0xa4, 0xf7, 0x00, 0x00, 0xa4, 0xf7, 0x00, 0x00, 0x2b, 0xf8,
  0x00, 0x00, 0x2b, 0xf8, 0x00, 0x00, 0x43, 0xf8, 0x00, 0x00, 0x43, 0xf8,
  0x00, 0x00, 0xc0, 0xf7, 0x00, 0x00, 0xc0, 0xf7, 0x00, 0x00, 0xe7, 0xf6,
  0x00, 0x00, 0xe7, 0xf6, 0x00, 0x00, 0x34, 0xf6, 0x00, 0x00, 0x34, 0xf6,
  0x00, 0x00, 0x1a, 0xf6, 0x00, 0x00, 0x1a, 0xf6, 0x00, 0x00, 0x38, 0xf6,
  0x00, 0x00, 0x38, 0xf6, 0x00, 0x00, 0x7b, 0xf6, 0x00, 0x00, 0x7b, 0xf6,
  0x00, 0x00, 0x2e, 0xf6, 0x00, 0x00, 0x2e, 0xf6, 0x00, 0x00, 0x92, 0xf5,
  0x00, 0x00, 0x92, 0xf5, 0x00, 0x00, 0x10, 0xf6, 0x00, 0x00, 0x10, 0xf6,
  0x00, 0x00, 0x60, 0xf6, 0x00, 0x00, 0x60, 0xf6, 0x00, 0x00, 0xed, 0xf5,
  0x00, 0x00, 0xed, 0xf5, 0x00, 0x00, 0xf0, 0xf5, 0x00, 0x00, 0xf0, 0xf5,
  0x00, 0x00, 0x4c, 0xf6, 0x00, 0x00, 0x4c, 0xf6, 0x00, 0x00, 0x68, 0xf7,
  0x00, 0x00, 0x68, 0xf7, 0x00, 0x00, 0xc3, 0xf8, 0x00, 0x00, 0xc3, 0xf8,
  0x00, 0x00, 0xdf, 0xf9, 0x00, 0x00, 0xdf, 0xf9, 0x00, 0x00, 0xab, 0xfa,
  0x00, 0x00, 0xab, 0xfa, 0x00, 0x00, 0x43, 0xfa, 0x00, 0x00, 0x43, 0xfa,
  0x00, 0x00, 0x42, 0xfa, 0x00, 0x00, 0x42, 0xfa, 0x00, 0x00, 0x16, 0xfb,
  0x00, 0x00, 0x16, 0xfb, 0x00, 0x00, 0xac, 0xfb, 0x00, 0x00, 0xac, 0xfb,
  0x00, 0x00, 0x14, 0xfc, 0x00, 0x00, 0x14, 0xfc, 0x00, 0x00, 0x81, 0xfc,
  0x00, 0x00, 0x81, 0xfc, 0x00, 0x00, 0x1a, 0xfd, 0x00, 0x00, 0x1a, 0xfd,
  0x00, 0x00, 0x65, 0xfd, 0x00, 0x00, 0x65, 0xfd, 0x00, 0x00, 0xd3, 0xfc,
  0x00, 0x00, 0xd3, 0xfc, 0x00, 0x00, 0xac, 0xfb, 0x00, 0x00, 0xac, 0xfb,
  0x00, 0x00, 0x59, 0xfb, 0x00, 0x00, 0x59, 0xfb, 0x00, 0x00, 0x69, 0xfb,
  0x00, 0x00, 0x69, 0xfb, 0x00, 0x00, 0xa8, 0xfb, 0x00, 0x00, 0xa8, 0xfb,
  0x00, 0x00, 0x98, 0xfc, 0x00, 0x00, 0x98, 0xfc, 0x00, 0x00, 0xe7, 0xfc,
  0x00, 0x00, 0xe7, 0xfc, 0x00, 0x00, 0xf0, 0xfc, 0x00, 0x00, 0xf0, 0xfc,
  0x00, 0x00, 0x01, 0xfd, 0x00, 0x00, 0x01, 0xfd, 0x00, 0x00, 0xcb, 0xfc,
  0x00, 0x00, 0xcb, 0xfc, 0x00, 0x00, 0x08, 0xfd, 0x00, 0x00, 0x08, 0xfd,
  0x00, 0x00, 0x53, 0xfd, 0x00, 0x00, 0x53, 0xfd, 0x00, 0x00, 0xd8, 0xfd,
  0x00, 0x00, 0xd8, 0xfd, 0x00, 0x00, 0xc7, 0xfe, 0x00, 0x00, 0xc7, 0xfe,
  0x00, 0x00, 0xff, 0xfe, 0x00, 0x00, 0xff, 0xfe, 0x00, 0x00, 0xec, 0xfe,
  0x00, 0x00, 0xec, 0xfe, 0x00, 0x00, 0x04, 0xff, 0x00, 0x00, 0x04, 0xff,
  0x00, 0x00, 0x23, 0xff, 0x00, 0x00, 0x23, 0xff, 0x00, 0x00, 0x1b, 0xff,
  0x00, 0x00, 0x1b, 0xff, 0x00, 0x00, 0x02, 0xff, 0x00, 0x00, 0x02, 0xff,
  0x00, 0x00, 0xee, 0xfe, 0x00, 0x00, 0xee, 0xfe, 0x00, 0x00, 0x92, 0xfe,
  0x00, 0x00, 0x92, 0xfe, 0x00, 0x00, 0xd6, 0xfe, 0x00, 0x00, 0xd6, 0xfe,
  0x00, 0x00, 0x01, 0xff, 0x00, 0x00, 0x01, 0xff, 0x00, 0x00, 0xb3, 0xfe,
  0x00, 0x00, 0xb3, 0xfe, 0x00, 0x00, 0xc8, 0xfe, 0x00, 0x00, 0xc8, 0xfe,
  0x00, 0x00, 0xbb, 0xfe, 0x00, 0x00, 0xbb, 0xfe, 0x00, 0x00, 0xa1, 0xfe,
  0x00, 0x00, 0xa1, 0xfe, 0x00, 0x00, 0xd9, 0xfe, 0x00, 0x00, 0xd9, 0xfe,
  0x00, 0x00, 0xa0, 0xfe, 0x00, 0x00, 0xa0, 0xfe, 0x00, 0x00, 0x66, 0xfe,
  0x00, 0x00, 0x66, 0xfe, 0x00, 0x00, 0xdd, 0xfe, 0x00, 0x00, 0xdd, 0xfe,
  0x00, 0x00, 0xcf, 0xfe, 0x00, 0x00, 0xcf, 0xfe, 0x00, 0x00, 0x57, 0xff,
  0x00, 0x00, 0x57, 0xff, 0x00, 0x00, 0x42, 0xff, 0x00, 0x00, 0x42, 0xff,
  0x00, 0x00, 0xb4, 0xfe, 0x00, 0x00, 0xb4, 0xfe, 0x00, 0x00, 0x59, 0xff,
  0x00, 0x00, 0x59, 0xff, 0x00, 0x00, 0xfd, 0xfe, 0x00, 0x00, 0xfd, 0xfe,
  0x00, 0x00, 0x50, 0xff, 0x00, 0x00, 0x50, 0xff, 0x00, 0x00, 0xc8, 0xff,
  0x00, 0x00, 0xc8, 0xff, 0x00, 0x00, 0x91, 0xff, 0x00, 0x00, 0x91, 0xff,
  0x00, 0x00, 0x4f, 0xff, 0x00, 0x00, 0x4f, 0xff, 0x00, 0x00, 0x01, 0xff,
  0x00, 0x00, 0x01, 0xff, 0x00, 0x00, 0x56, 0xff, 0x00, 0x00, 0x56, 0xff,
  0x00, 0x00, 0x0a, 0xff, 0x00, 0x00, 0x0a, 0xff, 0x00, 0x00, 0x38, 0xff,
  0x00, 0x00, 0x38, 0xff, 0x00, 0x00, 0x24, 0xff, 0x00, 0x00, 0x24, 0xff,
  0x00, 0x00, 0x0c, 0xff, 0x00, 0x00, 0x0c, 0xff, 0x00, 0x00, 0x53, 0xff,
  0x00, 0x00, 0x53, 0xff, 0x00, 0x00, 0xd8, 0xfe, 0x00, 0x00, 0xd8, 0xfe,
  0x00, 0x00, 0xe1, 0xfe, 0x00, 0x00, 0xe1, 0xfe, 0x00, 0x00, 0x70, 0xfe,
  0x00, 0x00, 0x70, 0xfe, 0x00, 0x00, 0xf2, 0xfd, 0x00, 0x00, 0xf2, 0xfd,
  0x00, 0x00, 0xdf, 0xfd, 0x00, 0x00, 0xdf, 0xfd, 0x00, 0x00, 0x84, 0xfd,
  0x00, 0x00, 0x84, 0xfd, 0x00, 0x00, 0x53, 0xfd, 0x00, 0x00, 0x53, 0xfd,
  0x00, 0x00, 0x12, 0xfd, 0x00, 0x00, 0x12, 0xfd, 0x00, 0x00, 0x70, 0xfc,
  0x00, 0x00, 0x70, 0xfc, 0x00, 0x00, 0x0b, 0xfe, 0x00, 0x00, 0x0b, 0xfe,
  0x00, 0x00, 0x58, 0x02, 0x00, 0x00, 0x58, 0x02, 0x00, 0x00, 0x82, 0x06,
  0x00, 0x00, 0x82, 0x06, 0x00, 0x00, 0x75, 0x0a, 0x00, 0x00, 0x75, 0x0a,
  0x00, 0x00, 0x6b, 0x0c, 0x00, 0x00, 0x6b, 0x0c, 0x00, 0x00, 0xce, 0x0d,
  0x00, 0x00, 0xce, 0x0d, 0x00, 0x00, 0x59, 0x0f, 0x00, 0x00, 0x59, 0x0f,
  0x00, 0x00, 0x6f, 0x0f, 0x00, 0x00, 0x6f, 0x0f, 0x00, 0x00, 0x07, 0x10,
  0x00, 0x00, 0x07, 0x10, 0x00, 0x00, 0x68, 0x0f, 0x00, 0x00, 0x68, 0x0f,
  0x00, 0x00, 0x7b, 0x0e, 0x00, 0x00, 0x7b, 0x0e, 0x00, 0x00, 0xa8, 0x0e,
  0x00, 0x00, 0xa8, 0x0e, 0x00, 0x00, 0x1f, 0x0e, 0x00, 0x00, 0x1f, 0x0e,
  0x00, 0x00, 0xae, 0x0c, 0x00, 0x00, 0xae, 0x0c, 0x00, 0x00, 0x1b, 0x0a,
  0x00, 0x00, 0x1b, 0x0a, 0x00, 0x00, 0xf3, 0x06, 0x00, 0x00, 0xf3, 0x06,
  0x00, 0x00, 0xc2, 0x04, 0x00, 0x00, 0xc2, 0x04, 0x00, 0x00, 0x77, 0x04,
  0x00, 0x00, 0x77, 0x04, 0x00, 0x00, 0xc6, 0x04, 0x00, 0x00, 0xc6, 0x04,
  0x00, 0x00, 0xb4, 0x05, 0x00, 0x00, 0xb4, 0x05, 0x00, 0x00, 0x56, 0x07,
  0x00, 0x00, 0x56, 0x07, 0x00, 0x00, 0xf9, 0x08, 0x00, 0x00, 0xf9, 0x08,
  0x00, 0x00, 0xd8, 0x0a, 0x00, 0x00, 0xd8, 0x0a, 0x00, 0x00, 0x7a, 0x0b,
  0x00, 0x00, 0x7a, 0x0b, 0x00, 0x00, 0x20, 0x0b, 0x00, 0x00, 0x20, 0x0b,
  0x00, 0x00, 0x59, 0x0b, 0x00, 0x00, 0x59, 0x0b, 0x00, 0x00, 0xd0, 0x0b,
  0x00, 0x00, 0xd0, 0x0b, 0x00, 0x00, 0x77, 0x0c, 0x00, 0x00, 0x77, 0x0c,
  0x00, 0x00, 0x76, 0x0d, 0x00, 0x00, 0x76, 0x0d, 0x00, 0x00, 0x51, 0x0d,
  0x00, 0x00, 0x51, 0x0d, 0x00, 0x00, 0x5b, 0x0c, 0x00, 0x00, 0x5b, 0x0c,
  0x00, 0x00, 0x1f, 0x0b, 0x00, 0x00, 0x1f, 0x0b, 0x00, 0x00, 0x41, 0x09,
  0x00, 0x00, 0x41, 0x09, 0x00, 0x00, 0xa3, 0x07, 0x00, 0x00, 0xa3, 0x07,
  0x00, 0x00, 0x27, 0x05, 0x00, 0x00, 0x27, 0x05, 0x00, 0x00, 0xc4, 0x02,
  0x00, 0x00, 0xc4, 0x02, 0x00, 0x00, 0xbd, 0x01, 0x00, 0x00, 0xbd, 0x01,
  0x00, 0x00, 0xf5, 0x00, 0x00, 0x00, 0xf5, 0x00, 0x00, 0x00, 0xa0, 0x00,
  0x00, 0x00, 0xa0, 0x00, 0x00, 0x00, 0x01, 0x00, 0x00, 0x00, 0x01, 0x00,
  0x00, 0x00, 0xd8, 0xfe, 0x00, 0x00, 0xd8, 0xfe, 0x00, 0x00, 0xa7, 0xfd,
  0x00, 0x00, 0xa7, 0xfd, 0x00, 0x00, 0xf3, 0xfc, 0x00, 0x00, 0xf3, 0xfc,
  0x00, 0x00, 0xce, 0xfc, 0x00, 0x00, 0xce, 0xfc, 0x00, 0x00, 0xd1, 0xfc,
  0x00, 0x00, 0xd1, 0xfc, 0x00, 0x00, 0xa0, 0xfc, 0x00, 0x00, 0xa0, 0xfc,
  0x00, 0x00, 0x6b, 0xfc, 0x00, 0x00, 0x6b, 0xfc, 0x00, 0x00, 0xb6, 0xfc,
  0x00, 0x00, 0xb6, 0xfc, 0x00, 0x00, 0x11, 0xfc, 0x00, 0x00, 0x11, 0xfc,
  0x00, 0x00, 0x54, 0xfb, 0x00, 0x00, 0x54, 0xfb, 0x00, 0x00, 0x6f, 0xfa,
  0x00, 0x00, 0x6f, 0xfa, 0x00, 0x00, 0x47, 0xf9, 0x00, 0x00, 0x47, 0xf9,
  0x00, 0x00, 0x78, 0xf9, 0x00, 0x00, 0x78, 0xf9, 0x00, 0x00, 0x41, 0xf9,
  0x00, 0x00, 0x41, 0xf9, 0x00, 0x00, 0x40, 0xf9, 0x00, 0x00, 0x40, 0xf9,
  0x00, 0x00, 0x03, 0xf9, 0x00, 0x00, 0x03, 0xf9, 0x00, 0x00, 0x44, 0xf8,
  0x00, 0x00, 0x44, 0xf8, 0x00, 0x00, 0x28, 0xf8, 0x00, 0x00, 0x28, 0xf8,
  0x00, 0x00, 0x54, 0xf7, 0x00, 0x00, 0x54, 0xf7, 0x00, 0x00, 0xdc, 0xf6,
  0x00, 0x00, 0xdc, 0xf6, 0x00, 0x00, 0x80, 0xf6, 0x00, 0x00, 0x80, 0xf6,
  0x00, 0x00, 0x3f, 0xf6, 0x00, 0x00, 0x3f, 0xf6, 0x00, 0x00, 0xc4, 0xf6,
  0x00, 0x00, 0xc4, 0xf6, 0x00, 0x00, 0x41, 0xf7, 0x00, 0x00, 0x41, 0xf7,
  0x00, 0x00, 0x26, 0xf7, 0x00, 0x00, 0x26, 0xf7, 0x00, 0x00, 0x29, 0xf6,
  0x00, 0x00, 0x29, 0xf6, 0x00, 0x00, 0xe5, 0xf5, 0x00, 0x00, 0xe5, 0xf5,
  0x00, 0x00, 0x50, 0xf6, 0x00, 0x00, 0x50, 0xf6, 0x00, 0x00, 0x00, 0xf7,
  0x00, 0x00, 0x00, 0xf7, 0x00, 0x00, 0xa8, 0xf7, 0x00, 0x00, 0xa8, 0xf7,
  0x00, 0x00, 0xed, 0xf7, 0x00, 0x00, 0xed, 0xf7, 0x00, 0x00, 0x80, 0xf8,
  0x00, 0x00, 0x80, 0xf8, 0x00, 0x00, 0xfb, 0xf8, 0x00, 0x00, 0xfb, 0xf8,
  0x00, 0x00, 0xe0, 0xf9, 0x00, 0x00, 0xe0, 0xf9, 0x00, 0x00, 0xb7, 0xfa,
  0x00, 0x00, 0xb7, 0xfa, 0x00, 0x00, 0xb8, 0xfa, 0x00, 0x00, 0xb8, 0xfa,
  0x00, 0x00, 0xcf, 0xfa, 0x00, 0x00, 0xcf, 0xfa, 0x00, 0x00, 0x4c, 0xfb,
  0x00, 0x00, 0x4c, 0xfb, 0x00, 0x00, 0x14, 0xfc, 0x00, 0x00, 0x14, 0xfc,
  0x00, 0x00, 0x55, 0xfc, 0x00, 0x00, 0x55, 0xfc, 0x00, 0x00, 0xff, 0xfb,
  0x00, 0x00, 0xff, 0xfb, 0x00, 0x00, 0x13, 0xfc, 0x00, 0x00, 0x13, 0xfc,
  0x00, 0x00, 0x24, 0xfc, 0x00, 0x00, 0x24, 0xfc, 0x00, 0x00, 0x45, 0xfc,
  0x00, 0x00, 0x45, 0xfc, 0x00, 0x00, 0x61, 0xfc, 0x00, 0x00, 0x61, 0xfc,
  0x00, 0x00, 0xf9, 0xfb, 0x00, 0x00, 0xf9, 0xfb, 0x00, 0x00, 0xf9, 0xfb,
  0x00, 0x00, 0xf9, 0xfb, 0x00, 0x00, 0x22, 0xfc, 0x00, 0x00, 0x22, 0xfc,
  0x00, 0x00, 0x80, 0xfc, 0x00, 0x00, 0x80, 0xfc, 0x00, 0x00, 0xdd, 0xfc,
  0x00, 0x00, 0xdd, 0xfc, 0x00, 0x00, 0xa6, 0xfc, 0x00, 0x00, 0xa6, 0xfc,
  0x00, 0x00, 0xc5, 0xfc, 0x00, 0x00, 0xc5, 0xfc, 0x00, 0x00, 0x2f, 0xfd,
  0x00, 0x00, 0x2f, 0xfd, 0x00, 0x00, 0xa8, 0xfd, 0x00, 0x00, 0xa8, 0xfd,
  0x00, 0x00, 0xf9, 0xfd, 0x00, 0x00, 0xf9, 0xfd, 0x00, 0x00, 0x30, 0xfe,
  0x00, 0x00, 0x30, 0xfe, 0x00, 0x00, 0x60, 0xfe, 0x00, 0x00, 0x60, 0xfe,
  0x00, 0x00, 0xb0, 0xfe, 0x00, 0x00, 0xb0, 0xfe, 0x00, 0x00, 0xe7, 0xfe,
  0x00, 0x00, 0xe7, 0xfe, 0x00, 0x00, 0xb8, 0xfe, 0x00, 0x00, 0xb8, 0xfe,
  0x00, 0x00, 0xb2, 0xfe, 0x00, 0x00, 0xb2, 0xfe, 0x00, 0x00, 0x5d, 0xfe,
  0x00, 0x00, 0x5d, 0xfe, 0x00, 0x00, 0x6d, 0xfe, 0x00, 0x00, 0x6d, 0xfe,
  0x00, 0x00, 0xbb, 0xfe, 0x00, 0x00, 0xbb, 0xfe, 0x00, 0x00, 0xbd, 0xfe,
  0x00, 0x00, 0xbd, 0xfe, 0x00, 0x00, 0xd5, 0xfe, 0x00, 0x00, 0xd5, 0xfe,
  0x00, 0x00, 0x7a, 0xfe, 0x00, 0x00, 0x7a, 0xfe, 0x00, 0x00, 0x90, 0xfe,
  0x00, 0x00, 0x90, 0xfe, 0x00, 0x00, 0xc0, 0xfe, 0x00, 0x00, 0xc0, 0xfe,
  0x00, 0x00, 0x6a, 0xfe, 0x00, 0x00, 0x6a, 0xfe, 0x00, 0x00, 0x01, 0xfe,
  0x00, 0x00, 0x01, 0xfe, 0x00, 0x00, 0xe7, 0xfd, 0x00, 0x00, 0xe7, 0xfd,
  0x00, 0x00, 0x75, 0xfe, 0x00, 0x00, 0x75, 0xfe, 0x00, 0x00, 0xc4, 0xfe,
  0x00, 0x00, 0xc4, 0xfe, 0x00, 0x00, 0xf8, 0xfe, 0x00, 0x00, 0xf8, 0xfe,
  0x00, 0x00, 0x21, 0xff, 0x00, 0x00, 0x21, 0xff, 0x00, 0x00, 0xf6, 0xfe,
  0x00, 0x00, 0xf6, 0xfe, 0x00, 0x00, 0xc0, 0xfe, 0x00, 0x00, 0xc0, 0xfe,
  0x00, 0x00, 0x95, 0xfe, 0x00, 0x00, 0x95, 0xfe, 0x00, 0x00, 0x0a, 0xff,
  0x00, 0x00, 0x0a, 0xff, 0x00, 0x00, 0x1a, 0xff, 0x00, 0x00, 0x1a, 0xff,
  0x00, 0x00, 0xc2, 0xfe, 0x00, 0x00, 0xc2, 0xfe, 0x00, 0x00, 0x2f, 0xff,
  0x00, 0x00, 0x2f, 0xff, 0x00, 0x00, 0xa2, 0xff, 0x00, 0x00, 0xa2, 0xff,
  0x00, 0x00, 0xbe, 0xff, 0x00, 0x00, 0xbe, 0xff, 0x00, 0x00, 0x28, 0xff,
  0x00, 0x00, 0x28, 0xff, 0x00, 0x00, 0xbb, 0xfe, 0x00, 0x00, 0xbb, 0xfe,
  0x00, 0x00, 0xd0, 0xfe, 0x00, 0x00, 0xd0, 0xfe, 0x00, 0x00, 0xe4, 0xfe,
  0x00, 0x00, 0xe4, 0xfe, 0x00, 0x00, 0x5c, 0xff, 0x00, 0x00, 0x5c, 0xff,
  0x00, 0x00, 0x38, 0xff, 0x00, 0x00, 0x38, 0xff, 0x00, 0x00, 0x10, 0xff,
  0x00, 0x00, 0x10, 0xff, 0x00, 0x00, 0x1f, 0xff, 0x00, 0x00, 0x1f, 0xff,
  0x00, 0x00, 0x13, 0xff, 0x00, 0x00, 0x13, 0xff, 0x00, 0x00, 0x27, 0xff,
  0x00, 0x00, 0x27, 0xff, 0x00, 0x00, 0xac, 0xfe, 0x00, 0x00, 0xac, 0xfe,
  0x00, 0x00, 0xec, 0xfd, 0x00, 0x00, 0xec, 0xfd, 0x00, 0x00, 0x7d, 0xfd,
  0x00, 0x00, 0x7d, 0xfd, 0x00, 0x00, 0xb2, 0xfd, 0x00, 0x00, 0xb2, 0xfd,
  0x00, 0x00, 0x1a, 0xfe, 0x00, 0x00, 0x1a, 0xfe, 0x00, 0x00, 0x23, 0xfe,
  0x00, 0x00, 0x23, 0xfe, 0x00, 0x00, 0x24, 0xfd, 0x00, 0x00, 0x24, 0xfd,
  0x00, 0x00, 0x61, 0xfd, 0x00, 0x00, 0x61, 0xfd, 0x00, 0x00, 0x22, 0x00,
  0x00, 0x00, 0x22, 0x00, 0x00, 0x00, 0x31, 0x03, 0x00, 0x00, 0x31, 0x03,
  0x00, 0x00, 0xe8, 0x06, 0x00, 0x00, 0xe8, 0x06, 0x00, 0x00, 0x55, 0x09,
  0x00, 0x00, 0x55, 0x09, 0x00, 0x00, 0x4c, 0x0a, 0x00, 0x00, 0x4c, 0x0a,
  0x00, 0x00, 0x92, 0x0b, 0x00, 0x00, 0x92, 0x0b, 0x00, 0x00, 0x4e, 0x0c,
  0x00, 0x00, 0x4e, 0x0c, 0x00, 0x00, 0x5d, 0x0d, 0x00, 0x00, 0x5d, 0x0d,
  0x00, 0x00, 0x8b, 0x0d, 0x00, 0x00, 0x8b, 0x0d, 0x00, 0x00, 0xd0, 0x0c,
  0x00, 0x00, 0xd0, 0x0c, 0x00, 0x00, 0x01, 0x0d, 0x00, 0x00, 0x01, 0x0d,
  0x00, 0x00, 0x59, 0x0d, 0x00, 0x00, 0x59, 0x0d, 0x00, 0x00, 0xcc, 0x0c,
  0x00, 0x00, 0xcc, 0x0c, 0x00, 0x00, 0x77, 0x0b, 0x00, 0x00, 0x77, 0x0b,
  0x00, 0x00, 0x57, 0x09, 0x00, 0x00, 0x57, 0x09, 0x00, 0x00, 0xf0, 0x06,
  0x00, 0x00, 0xf0, 0x06, 0x00, 0x00, 0x54, 0x06, 0x00, 0x00, 0x54, 0x06,
  0x00, 0x00, 0x70, 0x06, 0x00, 0x00, 0x70, 0x06, 0x00, 0x00, 0xb4, 0x06,
  0x00, 0x00, 0xb4, 0x06, 0x00, 0x00, 0x9d, 0x07, 0x00, 0x00, 0x9d, 0x07,
  0x00, 0x00, 0x25, 0x08, 0x00, 0x00, 0x25, 0x08, 0x00, 0x00, 0x7d, 0x09,
  0x00, 0x00, 0x7d, 0x09, 0x00, 0x00, 0x74, 0x0a, 0x00, 0x00, 0x74, 0x0a,
  0x00, 0x00, 0x60, 0x0a, 0x00, 0x00, 0x60, 0x0a, 0x00, 0x00, 0xd8, 0x0a,
  0x00, 0x00, 0xd8, 0x0a, 0x00, 0x00, 0xd1, 0x0a, 0x00, 0x00, 0xd1, 0x0a,
  0x00, 0x00, 0x3d, 0x0b, 0x00, 0x00, 0x3d, 0x0b, 0x00, 0x00, 0x72, 0x0c,
  0x00, 0x00, 0x72, 0x0c, 0x00, 0x00, 0x65, 0x0c, 0x00, 0x00, 0x65, 0x0c,
  0x00, 0x00, 0xaf, 0x0b, 0x00, 0x00, 0xaf, 0x0b, 0x00, 0x00, 0xaa, 0x0a,
  0x00, 0x00, 0xaa, 0x0a, 0x00, 0x00, 0x8b, 0x09, 0x00, 0x00, 0x8b, 0x09,
  0x00, 0x00, 0xa3, 0x08, 0x00, 0x00, 0xa3, 0x08, 0x00, 0x00, 0x5d, 0x07,
  0x00, 0x00, 0x5d, 0x07, 0x00, 0x00, 0x1a, 0x06, 0x00, 0x00, 0x1a, 0x06,
  0x00, 0x00, 0xe7, 0x04, 0x00, 0x00, 0xe7, 0x04, 0x00, 0x00, 0xc8, 0x03,
  0x00, 0x00, 0xc8, 0x03, 0x00, 0x00, 0xc7, 0x02, 0x00, 0x00, 0xc7, 0x02,
  0x00, 0x00, 0x11, 0x02, 0x00, 0x00, 0x11, 0x02, 0x00, 0x00, 0x0e, 0x01,
  0x00, 0x00, 0x0e, 0x01, 0x00, 0x00, 0xbe, 0xff, 0x00, 0x00, 0xbe, 0xff,
  0x00, 0x00, 0x45, 0xff, 0x00, 0x00, 0x45, 0xff, 0x00, 0x00, 0x0a, 0xff,
  0x00, 0x00, 0x0a, 0xff, 0x00, 0x00, 0xdf, 0xfe, 0x00, 0x00, 0xdf, 0xfe,
  0x00, 0x00, 0xae, 0xfe, 0x00, 0x00, 0xae, 0xfe, 0x00, 0x00, 0x3b, 0xfe,
  0x00, 0x00, 0x3b, 0xfe, 0x00, 0x00, 0xb3, 0xfd, 0x00, 0x00, 0xb3, 0xfd,
  0x00, 0x00, 0x44, 0xfd, 0x00, 0x00, 0x44, 0xfd, 0x00, 0x00, 0x9f, 0xfc,
  0x00, 0x00, 0x9f, 0xfc, 0x00, 0x00, 0xd8, 0xfb, 0x00, 0x00, 0xd8, 0xfb,
  0x00, 0x00, 0x48, 0xfb, 0x00, 0x00, 0x48, 0xfb, 0x00, 0x00, 0x8e, 0xfa,
  0x00, 0x00, 0x8e, 0xfa, 0x00, 0x00, 0x88, 0xfa, 0x00, 0x00, 0x88, 0xfa,
  0x00, 0x00, 0x78, 0xfa, 0x00, 0x00, 0x78, 0xfa, 0x00, 0x00, 0x2a, 0xfa,
  0x00, 0x00, 0x2a, 0xfa, 0x00, 0x00, 0xe4, 0xf9, 0x00, 0x00, 0xe4, 0xf9,
  0x00, 0x00, 0xee, 0xf8, 0x00, 0x00, 0xee, 0xf8, 0x00, 0x00, 0x58, 0xf8,
  0x00, 0x00, 0x58, 0xf8, 0x00, 0x00, 0xf2, 0xf7, 0x00, 0x00, 0xf2, 0xf7,
  0x00, 0x00, 0x9e, 0xf7, 0x00, 0x00, 0x9e, 0xf7, 0x00, 0x00, 0x9c, 0xf7,
  0x00, 0x00, 0x9c, 0xf7, 0x00, 0x00, 0x78, 0xf7, 0x00, 0x00, 0x78, 0xf7,
  0x00, 0x00, 0x8d, 0xf7, 0x00, 0x00, 0x8d, 0xf7, 0x00, 0x00, 0xaa, 0xf7,
  0x00, 0x00, 0xaa, 0xf7, 0x00, 0x00, 0x90, 0xf7, 0x00, 0x00, 0x90, 0xf7,
  0x00, 0x00, 0x81, 0xf7, 0x00, 0x00, 0x81, 0xf7, 0x00, 0x00, 0x47, 0xf7,
  0x00, 0x00, 0x47, 0xf7, 0x00, 0x00, 0x38, 0xf7, 0x00, 0x00, 0x38, 0xf7,
  0x00, 0x00, 0x7c, 0xf7, 0x00, 0x00, 0x7c, 0xf7, 0x00, 0x00, 0xc9, 0xf7,
  0x00, 0x00, 0xc9, 0xf7, 0x00, 0x00, 0x6c, 0xf8, 0x00, 0x00, 0x6c, 0xf8,
  0x00, 0x00, 0xff, 0xf8, 0x00, 0x00, 0xff, 0xf8, 0x00, 0x00, 0x61, 0xf9,
  0x00, 0x00, 0x61, 0xf9, 0x00, 0x00, 0xad, 0xf9, 0x00, 0x00, 0xad, 0xf9,
  0x00, 0x00, 0xe9, 0xf9, 0x00, 0x00, 0xe9, 0xf9, 0x00, 0x00, 0x2a, 0xfa,
  0x00, 0x00, 0x2a, 0xfa, 0x00, 0x00, 0x7f, 0xfa, 0x00, 0x00, 0x7f, 0xfa,
  0x00, 0x00, 0x9b, 0xfa, 0x00, 0x00, 0x9b, 0xfa, 0x00, 0x00, 0x93, 0xfa,
  0x00, 0x00, 0x93, 0xfa, 0x00, 0x00, 0x25, 0xfb, 0x00, 0x00, 0x25, 0xfb,
  0x00, 0x00, 0x83, 0xfb, 0x00, 0x00, 0x83, 0xfb, 0x00, 0x00, 0xdb, 0xfb,
  0x00, 0x00, 0xdb, 0xfb, 0x00, 0x00, 0x16, 0xfc, 0x00, 0x00, 0x16, 0xfc,
  0x00, 0x00, 0xd9, 0xfb, 0x00, 0x00, 0xd9, 0xfb, 0x00, 0x00, 0xe2, 0xfb,
  0x00, 0x00, 0xe2, 0xfb, 0x00, 0x00, 0xb4, 0xfb, 0x00, 0x00, 0xb4, 0xfb,
  0x00, 0x00, 0xf0, 0xfb, 0x00, 0x00, 0xf0, 0xfb, 0x00, 0x00, 0x7f, 0xfc,
  0x00, 0x00, 0x7f, 0xfc, 0x00, 0x00, 0x6b, 0xfc, 0x00, 0x00, 0x6b, 0xfc,
  0x00, 0x00, 0x63, 0xfc, 0x00, 0x00, 0x63, 0xfc, 0x00, 0x00, 0xac, 0xfc,
  0x00, 0x00, 0xac, 0xfc, 0x00, 0x00, 0xff, 0xfc, 0x00, 0x00, 0xff, 0xfc,
  0x00, 0x00, 0x31, 0xfd, 0x00, 0x00, 0x31, 0xfd, 0x00, 0x00, 0x7f, 0xfd,
  0x00, 0x00, 0x7f, 0xfd, 0x00, 0x00, 0xc4, 0xfd, 0x00, 0x00, 0xc4, 0xfd,
  0x00, 0x00, 0xda, 0xfd, 0x00, 0x00, 0xda, 0xfd, 0x00, 0x00, 0xfb, 0xfd,
  0x00, 0x00, 0xfb, 0xfd, 0x00, 0x00, 0x22, 0xfe, 0x00, 0x00, 0x22, 0xfe,
  0x00, 0x00, 0x46, 0xfe, 0x00, 0x00, 0x46, 0xfe, 0x00, 0x00, 0x1f, 0xfe,
  0x00, 0x00, 0x1f, 0xfe, 0x00, 0x00, 0xfe, 0xfd, 0x00, 0x00, 0xfe, 0xfd,
  0x00, 0x00, 0x11, 0xfe, 0x00, 0x00, 0x11, 0xfe, 0x00, 0x00, 0x49, 0xfe,
  0x00, 0x00, 0x49, 0xfe, 0x00, 0x00, 0x95, 0xfe, 0x00, 0x00, 0x95, 0xfe,
  0x00, 0x00, 0xf6, 0xfe, 0x00, 0x00, 0xf6, 0xfe, 0x00, 0x00, 0x4a, 0xff,
  0x00, 0x00, 0x4a, 0xff, 0x00, 0x00, 0xb6, 0xfe, 0x00, 0x00, 0xb6, 0xfe,
  0x00, 0x00, 0x5d, 0xfe, 0x00, 0x00, 0x5d, 0xfe, 0x00, 0x00, 0x3d, 0xfe,
  0x00, 0x00, 0x3d, 0xfe, 0x00, 0x00, 0x06, 0xfe, 0x00, 0x00, 0x06, 0xfe,
  0x00, 0x00, 0x66, 0xfe, 0x00, 0x00, 0x66, 0xfe, 0x00, 0x00, 0x8b, 0xfe,
  0x00, 0x00, 0x8b, 0xfe, 0x00, 0x00, 0xce, 0xfe, 0x00, 0x00, 0xce, 0xfe,
  0x00, 0x00, 0x2e, 0xff, 0x00, 0x00, 0x2e, 0xff, 0x00, 0x00, 0x2b, 0xff,
  0x00, 0x00, 0x2b, 0xff, 0x00, 0x00, 0xdb, 0xfe, 0x00, 0x00, 0xdb, 0xfe,
  0x00, 0x00, 0xb9, 0xfe, 0x00, 0x00, 0xb9, 0xfe, 0x00, 0x00, 0x50, 0xfe,
  0x00, 0x00, 0x50, 0xfe, 0x00, 0x00, 0x4d, 0xfe, 0x00, 0x00, 0x4d, 0xfe,
  0x00, 0x00, 0xd2, 0xfe, 0x00, 0x00, 0xd2, 0xfe, 0x00, 0x00, 0x87, 0xfe,
  0x00, 0x00, 0x87, 0xfe, 0x00, 0x00, 0x26, 0xff, 0x00, 0x00, 0x26, 0xff,
  0x00, 0x00, 0x3b, 0xff, 0x00, 0x00, 0x3b, 0xff, 0x00, 0x00, 0xd2, 0xfe,
  0x00, 0x00, 0xd2, 0xfe, 0x00, 0x00, 0x26, 0xff, 0x00, 0x00, 0x26, 0xff,
  0x00, 0x00, 0x67, 0xfe, 0x00, 0x00, 0x67, 0xfe, 0x00, 0x00, 0x41, 0xfe,
  0x00, 0x00, 0x41, 0xfe, 0x00, 0x00, 0x89, 0xfe, 0x00, 0x00, 0x89, 0xfe,
  0x00, 0x00, 0x8a, 0xfe, 0x00, 0x00, 0x8a, 0xfe, 0x00, 0x00, 0xfd, 0xfe,
  0x00, 0x00, 0xfd, 0xfe, 0x00, 0x00, 0x23, 0xff, 0x00, 0x00, 0x23, 0xff,
  0x00, 0x00, 0xc3, 0xfe, 0x00, 0x00, 0xc3, 0xfe, 0x00, 0x00, 0x72, 0xfe,
  0x00, 0x00, 0x72, 0xfe, 0x00, 0x00, 0x1e, 0xfe, 0x00, 0x00, 0x1e, 0xfe,
  0x00, 0x00, 0x12, 0xfe, 0x00, 0x00, 0x12, 0xfe, 0x00, 0x00, 0xa2, 0xfe,
  0x00, 0x00, 0xa2, 0xfe, 0x00, 0x00, 0x53, 0xfe, 0x00, 0x00, 0x53, 0xfe,
  0x00, 0x00, 0x3b, 0xfe, 0x00, 0x00, 0x3b, 0xfe, 0x00, 0x00, 0x6c, 0xfe,
  0x00, 0x00, 0x6c, 0xfe, 0x00, 0x00, 0xe1, 0xfd, 0x00, 0x00, 0xe1, 0xfd,
  0x00, 0x00, 0x91, 0xfd, 0x00, 0x00, 0x91, 0xfd, 0x00, 0x00, 0x3f, 0xfd,
  0x00, 0x00, 0x3f, 0xfd, 0x00, 0x00, 0x2e, 0xfd, 0x00, 0x00, 0x2e, 0xfd,
  0x00, 0x00, 0xcb, 0xfc, 0x00, 0x00, 0xcb, 0xfc, 0x00, 0x00, 0x5d, 0xfd,
  0x00, 0x00, 0x5d, 0xfd, 0x00, 0x00, 0x90, 0xff, 0x00, 0x00, 0x90, 0xff,
  0x00, 0x00, 0xb0, 0x01, 0x00, 0x00, 0xb0, 0x01, 0x00, 0x00, 0xb3, 0x03,
  0x00, 0x00, 0xb3, 0x03, 0x00, 0x00, 0x01, 0x05, 0x00, 0x00, 0x01, 0x05,
  0x00, 0x00, 0x81, 0x06, 0x00, 0x00, 0x81, 0x06, 0x00, 0x00, 0xa1, 0x07,
  0x00, 0x00, 0xa1, 0x07, 0x00, 0x00, 0x35, 0x08, 0x00, 0x00, 0x35, 0x08,
  0x00, 0x00, 0x7f, 0x09, 0x00, 0x00, 0x7f, 0x09, 0x00, 0x00, 0x1c, 0x0a,
  0x00, 0x00, 0x1c, 0x0a, 0x00, 0x00, 0x74, 0x0a, 0x00, 0x00, 0x74, 0x0a,
  0x00, 0x00, 0x03, 0x0b, 0x00, 0x00, 0x03, 0x0b, 0x00, 0x00, 0x89, 0x0b,
  0x00, 0x00, 0x89, 0x0b, 0x00, 0x00, 0x68, 0x0b, 0x00, 0x00, 0x68, 0x0b,
  0x00, 0x00, 0x41, 0x0a, 0x00, 0x00, 0x41, 0x0a, 0x00, 0x00, 0x38, 0x09,
  0x00, 0x00, 0x38, 0x09, 0x00, 0x00, 0x9a, 0x08, 0x00, 0x00, 0x9a, 0x08,
  0x00, 0x00, 0x49, 0x08, 0x00, 0x00, 0x49, 0x08, 0x00, 0x00, 0x39, 0x08,
  0x00, 0x00, 0x39, 0x08, 0x00, 0x00, 0x90, 0x08, 0x00, 0x00, 0x90, 0x08,
  0x00, 0x00, 0x01, 0x09, 0x00, 0x00, 0x01, 0x09, 0x00, 0x00, 0x46, 0x09,
  0x00, 0x00, 0x46, 0x09, 0x00, 0x00, 0x8b, 0x09, 0x00, 0x00, 0x8b, 0x09,
  0x00, 0x00, 0xad, 0x09, 0x00, 0x00, 0xad, 0x09, 0x00, 0x00, 0x8b, 0x09,
  0x00, 0x00, 0x8b, 0x09, 0x00, 0x00, 0x74, 0x09, 0x00, 0x00, 0x74, 0x09,
  0x00, 0x00, 0xd3, 0x09, 0x00, 0x00, 0xd3, 0x09, 0x00, 0x00, 0x9b, 0x0a,
  0x00, 0x00, 0x9b, 0x0a, 0x00, 0x00, 0x22, 0x0b, 0x00, 0x00, 0x22, 0x0b,
  0x00, 0x00, 0x2a, 0x0b, 0x00, 0x00, 0x2a, 0x0b, 0x00, 0x00, 0x05, 0x0b,
  0x00, 0x00, 0x05, 0x0b, 0x00, 0x00, 0x53, 0x0a, 0x00, 0x00, 0x53, 0x0a,
  0x00, 0x00, 0x95, 0x09, 0x00, 0x00, 0x95, 0x09, 0x00, 0x00, 0xab, 0x08,
  0x00, 0x00, 0xab, 0x08, 0x00, 0x00, 0xca, 0x07, 0x00, 0x00, 0xca, 0x07,
  0x00, 0x00, 0x79, 0x07, 0x00, 0x00, 0x79, 0x07, 0x00, 0x00, 0xde, 0x06,
  0x00, 0x00, 0xde, 0x06, 0x00, 0x00, 0x96, 0x06, 0x00, 0x00, 0x96, 0x06,
  0x00, 0x00, 0x1c, 0x06, 0x00, 0x00, 0x1c, 0x06, 0x00, 0x00, 0x2a, 0x05,
  0x00, 0x00, 0x2a, 0x05, 0x00, 0x00, 0x4a, 0x04, 0x00, 0x00, 0x4a, 0x04,
  0x00, 0x00, 0x5a, 0x03, 0x00, 0x00, 0x5a, 0x03, 0x00, 0x00, 0xc8, 0x02,
  0x00, 0x00, 0xc8, 0x02, 0x00, 0x00, 0x4c, 0x02, 0x00, 0x00, 0x4c, 0x02,
  0x00, 0x00, 0x94, 0x01, 0x00, 0x00, 0x94, 0x01, 0x00, 0x00, 0x1a, 0x01,
  0x00, 0x00, 0x1a, 0x01, 0x00, 0x00, 0x17, 0x01, 0x00, 0x00, 0x17, 0x01,
  0x00, 0x00, 0x95, 0x00, 0x00, 0x00, 0x95, 0x00, 0x00, 0x00, 0x0e, 0x00,
  0x00, 0x00, 0x0e, 0x00, 0x00, 0x00, 0x7d, 0xff, 0x00, 0x00, 0x7d, 0xff,
  0x00, 0x00, 0xaa, 0xfe, 0x00, 0x00, 0xaa, 0xfe, 0x00, 0x00, 0x34, 0xfe,
  0x00, 0x00, 0x34, 0xfe, 0x00, 0x00, 0xa3, 0xfd, 0x00, 0x00, 0xa3, 0xfd,
  0x00, 0x00, 0x65, 0xfd, 0x00, 0x00, 0x65, 0xfd, 0x00, 0x00, 0xd3, 0xfc,
  0x00, 0x00, 0xd3, 0xfc, 0x00, 0x00, 0xee, 0xfb, 0x00, 0x00, 0xee, 0xfb,
  0x00, 0x00, 0x90, 0xfb, 0x00, 0x00, 0x90, 0xfb, 0x00, 0x00, 0x65, 0xfb,
  0x00, 0x00, 0x65, 0xfb, 0x00, 0x00, 0x0c, 0xfb, 0x00, 0x00, 0x0c, 0xfb,
  0x00, 0x00, 0xa0, 0xfa, 0x00, 0x00, 0xa0, 0xfa, 0x00, 0x00, 0x84, 0xfa,
  0x00, 0x00, 0x84, 0xfa, 0x00, 0x00, 0x6c, 0xfa, 0x00, 0x00, 0x6c, 0xfa,
  0x00, 0x00, 0x81, 0xfa, 0x00, 0x00, 0x81, 0xfa, 0x00, 0x00, 0x6d, 0xfa,
  0x00, 0x00, 0x6d, 0xfa, 0x00, 0x00, 0x35, 0xfa, 0x00, 0x00, 0x35, 0xfa,
  0x00, 0x00, 0xb7, 0xf9, 0x00, 0x00, 0xb7, 0xf9, 0x00, 0x00, 0x3e, 0xf9,
  0x00, 0x00, 0x3e, 0xf9, 0x00, 0x00, 0x79, 0xf9, 0x00, 0x00, 0x79, 0xf9,
  0x00, 0x00, 0x9d, 0xf9, 0x00, 0x00, 0x9d, 0xf9, 0x00, 0x00, 0xea, 0xf9,
  0x00, 0x00, 0xea, 0xf9, 0x00, 0x00, 0x18, 0xfa, 0x00, 0x00, 0x18, 0xfa,
  0x00, 0x00, 0x31, 0xfa, 0x00, 0x00, 0x31, 0xfa, 0x00, 0x00, 0x86, 0xfa,
  0x00, 0x00, 0x86, 0xfa, 0x00, 0x00, 0x86, 0xfa, 0x00, 0x00, 0x86, 0xfa,
  0x00, 0x00, 0x81, 0xfa, 0x00, 0x00, 0x81, 0xfa, 0x00, 0x00, 0x51, 0xfa,
  0x00, 0x00, 0x51, 0xfa, 0x00, 0x00, 0x21, 0xfa, 0x00, 0x00, 0x21, 0xfa,
  0x00, 0x00, 0x87, 0xfa, 0x00, 0x00, 0x87, 0xfa, 0x00, 0x00, 0x13, 0xfb,
  0x00, 0x00, 0x13, 0xfb, 0x00, 0x00, 0x5c, 0xfb, 0x00, 0x00, 0x5c, 0xfb,
  0x00, 0x00, 0x78, 0xfb, 0x00, 0x00, 0x78, 0xfb, 0x00, 0x00, 0x85, 0xfb,
  0x00, 0x00, 0x85, 0xfb, 0x00, 0x00, 0x6d, 0xfb, 0x00, 0x00, 0x6d, 0xfb,
  0x00, 0x00, 0x84, 0xfb, 0x00, 0x00, 0x84, 0xfb, 0x00, 0x00, 0xc9, 0xfb,
  0x00, 0x00, 0xc9, 0xfb, 0x00, 0x00, 0xa0, 0xfb, 0x00, 0x00, 0xa0, 0xfb,
  0x00, 0x00, 0xa5, 0xfb, 0x00, 0x00, 0xa5, 0xfb, 0x00, 0x00, 0xc1, 0xfb,
  0x00, 0x00, 0xc1, 0xfb, 0x00, 0x00, 0x1a, 0xfc, 0x00, 0x00, 0x1a, 0xfc,
  0x00, 0x00, 0xbf, 0xfc, 0x00, 0x00, 0xbf, 0xfc, 0x00, 0x00, 0xae, 0xfc,
  0x00, 0x00, 0xae, 0xfc, 0x00, 0x00, 0xc6, 0xfc, 0x00, 0x00, 0xc6, 0xfc,
  0x00, 0x00, 0xbe, 0xfc, 0x00, 0x00, 0xbe, 0xfc, 0x00, 0x00, 0xa1, 0xfc,
  0x00, 0x00, 0xa1, 0xfc, 0x00, 0x00, 0xee, 0xfc, 0x00, 0x00, 0xee, 0xfc,
  0x00, 0x00, 0xfa, 0xfc, 0x00, 0x00, 0xfa, 0xfc, 0x00, 0x00, 0x02, 0xfd,
  0x00, 0x00, 0x02, 0xfd, 0x00, 0x00, 0xfc, 0xfc, 0x00, 0x00, 0xfc, 0xfc,
  0x00, 0x00, 0x4a, 0xfd, 0x00, 0x00, 0x4a, 0xfd, 0x00, 0x00, 0x70, 0xfd,
  0x00, 0x00, 0x70, 0xfd, 0x00, 0x00, 0x60, 0xfd, 0x00, 0x00, 0x60, 0xfd,
  0x00, 0x00, 0x75, 0xfd, 0x00, 0x00, 0x75, 0xfd, 0x00, 0x00, 0x50, 0xfd,
  0x00, 0x00, 0x50, 0xfd, 0x00, 0x00, 0x41, 0xfd, 0x00, 0x00, 0x41, 0xfd,
  0x00, 0x00, 0x35, 0xfd, 0x00, 0x00, 0x35, 0xfd, 0x00, 0x00, 0x7b, 0xfd,
  0x00, 0x00, 0x7b, 0xfd, 0x00, 0x00, 0x6d, 0xfd, 0x00, 0x00, 0x6d, 0xfd,
  0x00, 0x00, 0x48, 0xfd, 0x00, 0x00, 0x48, 0xfd, 0x00, 0x00, 0x88, 0xfd,
  0x00, 0x00, 0x88, 0xfd, 0x00, 0x00, 0xb0, 0xfd, 0x00, 0x00, 0xb0, 0xfd,
  0x00, 0x00, 0xda, 0xfd, 0x00, 0x00, 0xda, 0xfd, 0x00, 0x00, 0xc1, 0xfd,
  0x00, 0x00, 0xc1, 0xfd, 0x00, 0x00, 0xca, 0xfd, 0x00, 0x00, 0xca, 0xfd,
  0x00, 0x00, 0xc4, 0xfd, 0x00, 0x00, 0xc4, 0xfd, 0x00, 0x00, 0xa2, 0xfd,
  0x00, 0x00, 0xa2, 0xfd, 0x00, 0x00, 0xac, 0xfd, 0x00, 0x00, 0xac, 0xfd,
  0x00, 0x00, 0xbd, 0xfd, 0x00, 0x00, 0xbd, 0xfd, 0x00, 0x00, 0x60, 0xfd,
  0x00, 0x00, 0x60, 0xfd, 0x00, 0x00, 0x59, 0xfd, 0x00, 0x00, 0x59, 0xfd,
  0x00, 0x00, 0xd3, 0xfd, 0x00, 0x00, 0xd3, 0xfd, 0x00, 0x00, 0x98, 0xfd,
  0x00, 0x00, 0x98, 0xfd, 0x00, 0x00, 0xb2, 0xfd, 0x00, 0x00, 0xb2, 0xfd,
  0x00, 0x00, 0xc2, 0xfd, 0x00, 0x00, 0xc2, 0xfd, 0x00, 0x00, 0xb6, 0xfd,
  0x00, 0x00, 0xb6, 0xfd, 0x00, 0x00, 0xde, 0xfd, 0x00, 0x00, 0xde, 0xfd,
  0x00, 0x00, 0xa5, 0xfd, 0x00, 0x00, 0xa5, 0xfd, 0x00, 0x00, 0xab, 0xfd,
  0x00, 0x00, 0xab, 0xfd, 0x00, 0x00, 0xa2, 0xfd, 0x00, 0x00, 0xa2, 0xfd,
  0x00, 0x00, 0x8b, 0xfd, 0x00, 0x00, 0x8b, 0xfd, 0x00, 0x00, 0xf8, 0xfd,
  0x00, 0x00, 0xf8, 0xfd, 0x00, 0x00, 0x58, 0xfe, 0x00, 0x00, 0x58, 0xfe,
  0x00, 0x00, 0xfe, 0xfd, 0x00, 0x00, 0xfe, 0xfd, 0x00, 0x00, 0xe8, 0xfd,
  0x00, 0x00, 0xe8, 0xfd, 0x00, 0x00, 0xe1, 0xfd, 0x00, 0x00, 0xe1, 0xfd,
  0x00, 0x00, 0x87, 0xfd, 0x00, 0x00, 0x87, 0xfd, 0x00, 0x00, 0x63, 0xfd,
  0x00, 0x00, 0x63, 0xfd, 0x00, 0x00, 0x21, 0xfd, 0x00, 0x00, 0x21, 0xfd,
  0x00, 0x00, 0x3a, 0xfd, 0x00, 0x00, 0x3a, 0xfd, 0x00, 0x00, 0x50, 0xfd,
  0x00, 0x00, 0x50, 0xfd, 0x00, 0x00, 0x6a, 0xfd, 0x00, 0x00, 0x6a, 0xfd,
  0x00, 0x00, 0xac, 0xfd, 0x00, 0x00, 0xac, 0xfd, 0x00, 0x00, 0x97, 0xfd,
  0x00, 0x00, 0x97, 0xfd, 0x00, 0x00, 0x4d, 0xfd, 0x00, 0x00, 0x4d, 0xfd,
  0x00, 0x00, 0xf0, 0xfc, 0x00, 0x00, 0xf0, 0xfc, 0x00, 0x00, 0x40, 0xfd,
  0x00, 0x00, 0x40, 0xfd, 0x00, 0x00, 0x85, 0xfd, 0x00, 0x00, 0x85, 0xfd,
  0x00, 0x00, 0x62, 0xfe, 0x00, 0x00, 0x62, 0xfe, 0x00, 0x00, 0xe3, 0xff,
  0x00, 0x00, 0xe3, 0xff, 0x00, 0x00, 0x6e, 0x00, 0x00, 0x00, 0x6e, 0x00,
  0x00, 0x00, 0x81, 0x01, 0x00, 0x00, 0x81, 0x01, 0x00, 0x00, 0x17, 0x02,
  0x00, 0x00, 0x17, 0x02, 0x00, 0x00, 0x32, 0x02, 0x00, 0x00, 0x32, 0x02,
  0x00, 0x00, 0xef, 0x02, 0x00, 0x00, 0xef, 0x02, 0x00, 0x00, 0x03, 0x03,
  0x00, 0x00, 0x03, 0x03, 0x00, 0x00, 0xcf, 0x03, 0x00, 0x00, 0xcf, 0x03,
  0x00, 0x00, 0xa1, 0x04, 0x00, 0x00, 0xa1, 0x04, 0x00, 0x00, 0x21, 0x05,
  0x00, 0x00, 0x21, 0x05, 0x00, 0x00, 0xc3, 0x05, 0x00, 0x00, 0xc3, 0x05,
  0x00, 0x00, 0x92, 0x05, 0x00, 0x00, 0x92, 0x05, 0x00, 0x00, 0xde, 0x05,
  0x00, 0x00, 0xde, 0x05, 0x00, 0x00, 0xd4, 0x05, 0x00, 0x00, 0xd4, 0x05,
  0x00, 0x00, 0x9d, 0x05, 0x00, 0x00, 0x9d, 0x05, 0x00, 0x00, 0x09, 0x06,
  0x00, 0x00, 0x09, 0x06, 0x00, 0x00, 0xf9, 0x05, 0x00, 0x00, 0xf9, 0x05,
  0x00, 0x00, 0x81, 0x06, 0x00, 0x00, 0x81, 0x06, 0x00, 0x00, 0xfa, 0x06,
  0x00, 0x00, 0xfa, 0x06, 0x00, 0x00, 0x23, 0x07, 0x00, 0x00, 0x23, 0x07,
  0x00, 0x00, 0x96, 0x07, 0x00, 0x00, 0x96, 0x07, 0x00, 0x00, 0x08, 0x07,
  0x00, 0x00, 0x08, 0x07, 0x00, 0x00, 0xf5, 0x06, 0x00, 0x00, 0xf5, 0x06,
  0x00, 0x00, 0x67, 0x07, 0x00, 0x00, 0x67, 0x07, 0x00, 0x00, 0xa7, 0x07,
  0x00, 0x00, 0xa7, 0x07, 0x00, 0x00, 0xf3, 0x07, 0x00, 0x00, 0xf3, 0x07,
  0x00, 0x00, 0xdc, 0x07, 0x00, 0x00, 0xdc, 0x07, 0x00, 0x00, 0x4c, 0x08,
  0x00, 0x00, 0x4c, 0x08, 0x00, 0x00, 0xee, 0x07, 0x00, 0x00, 0xee, 0x07,
  0x00, 0x00, 0xba, 0x07, 0x00, 0x00, 0xba, 0x07, 0x00, 0x00, 0x9a, 0x07,
  0x00, 0x00, 0x9a, 0x07, 0x00, 0x00, 0x24, 0x07, 0x00, 0x00, 0x24, 0x07,
  0x00, 0x00, 0x69, 0x07, 0x00, 0x00, 0x69, 0x07, 0x00, 0x00, 0xc6, 0x06,
  0x00, 0x00, 0xc6, 0x06, 0x00, 0x00, 0xd7, 0x06, 0x00, 0x00, 0xd7, 0x06,
  0x00, 0x00, 0xc9, 0x06, 0x00, 0x00, 0xc9, 0x06, 0x00, 0x00, 0x5e, 0x06,
  0x00, 0x00, 0x5e, 0x06, 0x00, 0x00, 0x31, 0x06, 0x00, 0x00, 0x31, 0x06,
  0x00, 0x00, 0xc4, 0x05, 0x00, 0x00, 0xc4, 0x05, 0x00, 0x00, 0xa2, 0x05,
  0x00, 0x00, 0xa2, 0x05, 0x00, 0x00, 0xd2, 0x04, 0x00, 0x00, 0xd2, 0x04,
  0x00, 0x00, 0x9e, 0x04, 0x00, 0x00, 0x9e, 0x04, 0x00, 0x00, 0x66, 0x04,
  0x00, 0x00, 0x66, 0x04, 0x00, 0x00, 0x39, 0x04, 0x00, 0x00, 0x39, 0x04,
  0x00, 0x00, 0xe5, 0x03, 0x00, 0x00, 0xe5, 0x03, 0x00, 0x00, 0x12, 0x03,
  0x00, 0x00, 0x12, 0x03, 0x00, 0x00, 0x5c, 0x03, 0x00, 0x00, 0x5c, 0x03,
  0x00, 0x00, 0x80, 0x02, 0x00, 0x00, 0x80, 0x02, 0x00, 0x00, 0xdf, 0x01,
  0x00, 0x00, 0xdf, 0x01, 0x00, 0x00, 0xdf, 0x01, 0x00, 0x00, 0xdf, 0x01,
  0x00, 0x00, 0xb7, 0x00, 0x00, 0x00, 0xb7, 0x00, 0x00, 0x00, 0xb8, 0x00,
  0x00, 0x00, 0xb8, 0x00, 0x00, 0x00, 0x6a, 0x00, 0x00, 0x00, 0x6a, 0x00,
  0x00, 0x00, 0x0e, 0x00, 0x00, 0x00, 0x0e, 0x00, 0x00, 0x00, 0x41, 0x00,
  0x00, 0x00, 0x41, 0x00, 0x00, 0x00, 0x1d, 0xff, 0x00, 0x00, 0x1d, 0xff,
  0x00, 0x00, 0xef, 0xfe, 0x00, 0x00, 0xef, 0xfe, 0x00, 0x00, 0xd7, 0xfe,
  0x00, 0x00, 0xd7, 0xfe, 0x00, 0x00, 0x2e, 0xfe, 0x00, 0x00, 0x2e, 0xfe,
  0x00, 0x00, 0x32, 0xfe, 0x00, 0x00, 0x32, 0xfe, 0x00, 0x00, 0xd7, 0xfd,
  0x00, 0x00, 0xd7, 0xfd, 0x00, 0x00, 0xd3, 0xfd, 0x00, 0x00, 0xd3, 0xfd,
  0x00, 0x00, 0x8e, 0xfd, 0x00, 0x00, 0x8e, 0xfd, 0x00, 0x00, 0x9b, 0xfd,
  0x00, 0x00, 0x9b, 0xfd, 0x00, 0x00, 0xba, 0xfd, 0x00, 0x00, 0xba, 0xfd,
  0x00, 0x00, 0x11, 0xfd, 0x00, 0x00, 0x11, 0xfd, 0x00, 0x00, 0x15, 0xfd,
  0x00, 0x00, 0x15, 0xfd, 0x00, 0x00, 0xad, 0xfc, 0x00, 0x00, 0xad, 0xfc,
  0x00, 0x00, 0x95, 0xfc, 0x00, 0x00, 0x95, 0xfc, 0x00, 0x00, 0xa5, 0xfc,
  0x00, 0x00, 0xa5, 0xfc, 0x00, 0x00, 0xa9, 0xfc, 0x00, 0x00, 0xa9, 0xfc,
  0x00, 0x00, 0x04, 0xfd, 0x00, 0x00, 0x04, 0xfd, 0x00, 0x00, 0xad, 0xfc,
  0x00, 0x00, 0xad, 0xfc, 0x00, 0x00, 0x86, 0xfc, 0x00, 0x00, 0x86, 0xfc,
  0x00, 0x00, 0x6f, 0xfc, 0x00, 0x00, 0x6f, 0xfc, 0x00, 0x00, 0x58, 0xfc,
  0x00, 0x00, 0x58, 0xfc, 0x00, 0x00, 0xfa, 0xfb, 0x00, 0x00, 0xfa, 0xfb,
  0x00, 0x00, 0x39, 0xfc, 0x00, 0x00, 0x39, 0xfc, 0x00, 0x00, 0x93, 0xfc,
  0x00, 0x00, 0x93, 0xfc, 0x00, 0x00, 0x41, 0xfc, 0x00, 0x00, 0x41, 0xfc,
  0x00, 0x00, 0xd7, 0xfc, 0x00, 0x00, 0xd7, 0xfc, 0x00, 0x00, 0xc6, 0xfc,
  0x00, 0x00, 0xc6, 0xfc, 0x00, 0x00, 0xde, 0xfc, 0x00, 0x00, 0xde, 0xfc,
  0x00, 0x00, 0x25, 0xfd, 0x00, 0x00, 0x25, 0xfd, 0x00, 0x00, 0x41, 0xfc,
  0x00, 0x00, 0x41, 0xfc, 0x00, 0x00, 0x7f, 0xfc, 0x00, 0x00, 0x7f, 0xfc,
  0x00, 0x00, 0xb3, 0xfc, 0x00, 0x00, 0xb3, 0xfc, 0x00, 0x00, 0x91, 0xfc,
  0x00, 0x00, 0x91, 0xfc, 0x00, 0x00, 0xf5, 0xfc, 0x00, 0x00, 0xf5, 0xfc,
  0x00, 0x00, 0x3d, 0xfd, 0x00, 0x00, 0x3d, 0xfd, 0x00, 0x00, 0x8a, 0xfd,
  0x00, 0x00, 0x8a, 0xfd, 0x00, 0x00, 0xd6, 0xfc, 0x00, 0x00, 0xd6, 0xfc,
  0x00, 0x00, 0x15, 0xfd, 0x00, 0x00, 0x15, 0xfd, 0x00, 0x00, 0x2e, 0xfd,
  0x00, 0x00, 0x2e, 0xfd, 0x00, 0x00, 0xc5, 0xfc, 0x00, 0x00, 0xc5, 0xfc,
  0x00, 0x00, 0x43, 0xfd, 0x00, 0x00, 0x43, 0xfd, 0x00, 0x00, 0xf1, 0xfc,
  0x00, 0x00, 0xf1, 0xfc, 0x00, 0x00, 0x7e, 0xfd, 0x00, 0x00, 0x7e, 0xfd,
  0x00, 0x00, 0xd2, 0xfd, 0x00, 0x00, 0xd2, 0xfd, 0x00, 0x00, 0x5a, 0xfd,
  0x00, 0x00, 0x5a, 0xfd, 0x00, 0x00, 0x90, 0xfd, 0x00, 0x00, 0x90, 0xfd,
  0x00, 0x00, 0x5c, 0xfd, 0x00, 0x00, 0x5c, 0xfd, 0x00, 0x00, 0x25, 0xfd,
  0x00, 0x00, 0x25, 0xfd, 0x00, 0x00, 0x5d, 0xfd, 0x00, 0x00, 0x5d, 0xfd,
  0x00, 0x00, 0x41, 0xfd, 0x00, 0x00, 0x41, 0xfd, 0x00, 0x00, 0x9c, 0xfd,
  0x00, 0x00, 0x9c, 0xfd, 0x00, 0x00, 0xd7, 0xfd, 0x00, 0x00, 0xd7, 0xfd,
  0x00, 0x00, 0xb4, 0xfd, 0x00, 0x00, 0xb4, 0xfd, 0x00, 0x00, 0xe4, 0xfd,
  0x00, 0x00, 0xe4, 0xfd, 0x00, 0x00, 0xaf, 0xfd, 0x00, 0x00, 0xaf, 0xfd,
  0x00, 0x00, 0xa9, 0xfd, 0x00, 0x00, 0xa9, 0xfd, 0x00, 0x00, 0x59, 0xfd,
  0x00, 0x00, 0x59, 0xfd, 0x00, 0x00, 0x60, 0xfd, 0x00, 0x00, 0x60, 0xfd,
  0x00, 0x00, 0xd9, 0xfd, 0x00, 0x00, 0xd9, 0xfd, 0x00, 0x00, 0x81, 0xfd,
  0x00, 0x00, 0x81, 0xfd, 0x00, 0x00, 0xcb, 0xfd, 0x00, 0x00, 0xcb, 0xfd,
  0x00, 0x00, 0x0d, 0xfe, 0x00, 0x00, 0x0d, 0xfe, 0x00, 0x00, 0xa2, 0xfd,
  0x00, 0x00, 0xa2, 0xfd, 0x00, 0x00, 0xba, 0xfd, 0x00, 0x00, 0xba, 0xfd,
  0x00, 0x00, 0xca, 0xfd, 0x00, 0x00, 0xca, 0xfd, 0x00, 0x00, 0x8d, 0xfd,
  0x00, 0x00, 0x8d, 0xfd, 0x00, 0x00, 0x5b, 0xfd, 0x00, 0x00, 0x5b, 0xfd,
  0x00, 0x00, 0xfc, 0xfd, 0x00, 0x00, 0xfc, 0xfd, 0x00, 0x00, 0xb9, 0xfd,
  0x00, 0x00, 0xb9, 0xfd, 0x00, 0x00, 0x97, 0xfd, 0x00, 0x00, 0x97, 0xfd,
  0x00, 0x00, 0x7a, 0xfe, 0x00, 0x00, 0x7a, 0xfe, 0x00, 0x00, 0xb8, 0xfd,
  0x00, 0x00, 0xb8, 0xfd, 0x00, 0x00, 0xe1, 0xfd, 0x00, 0x00, 0xe1, 0xfd,
  0x00, 0x00, 0x0e, 0xfe, 0x00, 0x00, 0x0e, 0xfe, 0x00, 0x00, 0xf3, 0xfc,
  0x00, 0x00, 0xf3, 0xfc, 0x00, 0x00, 0xdc, 0xfd, 0x00, 0x00, 0xdc, 0xfd,
  0x00, 0x00, 0xaa, 0xfd, 0x00, 0x00, 0xaa, 0xfd, 0x00, 0x00, 0xb5, 0xfd,
  0x00, 0x00, 0xb5, 0xfd, 0x00, 0x00, 0x2e, 0xfe, 0x00, 0x00, 0x2e, 0xfe,
  0x00, 0x00, 0x89, 0xfd, 0x00, 0x00, 0x89, 0xfd, 0x00, 0x00, 0x3f, 0xfe,
  0x00, 0x00, 0x3f, 0xfe, 0x00, 0x00, 0x88, 0xfd, 0x00, 0x00, 0x88, 0xfd,
  0x00, 0x00, 0xf5, 0xfd, 0x00, 0x00, 0xf5, 0xfd, 0x00, 0x00, 0x75, 0xfd,
  0x00, 0x00, 0x75, 0xfd, 0x00, 0x00, 0x49, 0xfd, 0x00, 0x00, 0x49, 0xfd,
  0x00, 0x00, 0x07, 0xfe, 0x00, 0x00, 0x07, 0xfe, 0x00, 0x00, 0x39, 0xfd,
  0x00, 0x00, 0x39, 0xfd, 0x00, 0x00, 0x4b, 0xfe, 0x00, 0x00, 0x4b, 0xfe,
  0x00, 0x00, 0xd3, 0xfd, 0x00, 0x00, 0xd3, 0xfd, 0x00, 0x00, 0x4b, 0xff,
  0x00, 0x00, 0x4b, 0xff, 0x00, 0x00, 0x4b, 0xff, 0x00, 0x00, 0x4b, 0xff,
  0x00, 0x00, 0x33, 0xfe, 0x00, 0x00, 0x33, 0xfe, 0x00, 0x00, 0x27, 0x01,
  0x00, 0x00, 0x27, 0x01, 0x00, 0x00, 0xb9, 0xff, 0x00, 0x00, 0xb9, 0xff,
  0x00, 0x00, 0xf3, 0xff, 0x00, 0x00, 0xf3, 0xff, 0x00, 0x00, 0x2e, 0x01,
  0x00, 0x00, 0x2e, 0x01, 0x00, 0x00, 0x4b, 0x00, 0x00, 0x00, 0x4b, 0x00,
  0x00, 0x00, 0xed, 0x01, 0x00, 0x00, 0xed, 0x01, 0x00, 0x00, 0x94, 0x00,
  0x00, 0x00, 0x94, 0x00, 0x00, 0x00, 0xb7, 0x01, 0x00, 0x00, 0xb7, 0x01,
  0x00, 0x00, 0xde, 0x02, 0x00, 0x00, 0xde, 0x02, 0x00, 0x00, 0x46, 0x01,
  0x00, 0x00, 0x46, 0x01, 0x00, 0x00, 0xf4, 0x02, 0x00, 0x00, 0xf4, 0x02,
  0x00, 0x00, 0x79, 0x02, 0x00, 0x00, 0x79, 0x02, 0x00, 0x00, 0x19, 0x03,
  0x00, 0x00, 0x19, 0x03, 0x00, 0x00, 0x19, 0x03, 0x00, 0x00, 0x19, 0x03,
  0x00, 0x00, 0x7e, 0x02, 0x00, 0x00, 0x7e, 0x02, 0x00, 0x00, 0x15, 0x04,
  0x00, 0x00, 0x15, 0x04, 0x00, 0x00, 0x5e, 0x03, 0x00, 0x00, 0x5e, 0x03,
  0x00, 0x00, 0x3d, 0x04, 0x00, 0x00, 0x3d, 0x04, 0x00, 0x00, 0x2e, 0x04,
  0x00, 0x00, 0x2e, 0x04, 0x00, 0x00, 0x6c, 0x04, 0x00, 0x00, 0x6c, 0x04,
  0x00, 0x00, 0x22, 0x05, 0x00, 0x00, 0x22, 0x05, 0x00, 0x00, 0x32, 0x04,
  0x00, 0x00, 0x32, 0x04, 0x00, 0x00, 0x3d, 0x05, 0x00, 0x00, 0x3d, 0x05,
  0x00, 0x00, 0x95, 0x05, 0x00, 0x00, 0x95, 0x05, 0x00, 0x00, 0x8d, 0x04,
  0x00, 0x00, 0x8d, 0x04, 0x00, 0x00, 0xfc, 0x04, 0x00, 0x00, 0xfc, 0x04,
  0x00, 0x00, 0x4d, 0x05, 0x00, 0x00, 0x4d, 0x05, 0x00, 0x00, 0xe8, 0x04,
  0x00, 0x00, 0xe8, 0x04, 0x00, 0x00, 0x05, 0x06, 0x00, 0x00, 0x05, 0x06,
  0x00, 0x00, 0xf6, 0x05, 0x00, 0x00, 0xf6, 0x05, 0x00, 0x00, 0x86, 0x04,
  0x00, 0x00, 0x86, 0x04, 0x00, 0x00, 0xa9, 0x05, 0x00, 0x00, 0xa9, 0x05,
  0x00, 0x00, 0x05, 0x06, 0x00, 0x00, 0x05, 0x06, 0x00, 0x00, 0x4a, 0x04,
  0x00, 0x00, 0x4a, 0x04, 0x00, 0x00, 0x95, 0x05, 0x00, 0x00, 0x95, 0x05,
  0x00, 0x00, 0xca, 0x04, 0x00, 0x00, 0xca, 0x04, 0x00, 0x00, 0x79, 0x03,
  0x00, 0x00, 0x79, 0x03, 0x00, 0x00, 0x00, 0x06, 0x00, 0x00, 0x00, 0x06,
  0x00, 0x00, 0xaa, 0x04, 0x00, 0x00, 0xaa, 0x04, 0x00, 0x00, 0x20, 0x04,
  0x00, 0x00, 0x20, 0x04, 0x00, 0x00, 0x48, 0x05, 0x00, 0x00, 0x48, 0x05,
  0x00, 0x00, 0x84, 0x03, 0x00, 0x00, 0x84, 0x03, 0x00, 0x00, 0x33, 0x03,
  0x00, 0x00, 0x33, 0x03, 0x00, 0x00, 0x87, 0x03, 0x00, 0x00, 0x87, 0x03,
  0x00, 0x00, 0x09, 0x04, 0x00, 0x00, 0x09, 0x04, 0x00, 0x00, 0xce, 0x02,
  0x00, 0x00, 0xce, 0x02, 0x00, 0x00, 0x26, 0x02, 0x00, 0x00, 0x26, 0x02,
  0x00, 0x00, 0x04, 0x03, 0x00, 0x00, 0x04, 0x03, 0x00, 0x00, 0x57, 0x02,
  0x00, 0x00, 0x57, 0x02, 0x00, 0x00, 0xb1, 0x02, 0x00, 0x00, 0xb1, 0x02,
  0x00, 0x00, 0xfa, 0x00, 0x00, 0x00, 0xfa, 0x00, 0x00, 0x00, 0x0f, 0x02,
  0x00, 0x00, 0x0f, 0x02, 0x00, 0x00, 0xeb, 0x00, 0x00, 0x00, 0xeb, 0x00,
  0x00, 0x00, 0x53, 0xff, 0x00, 0x00, 0x53, 0xff, 0x00, 0x00, 0x20, 0x02,
  0x00, 0x00, 0x20, 0x02, 0x00, 0x00, 0x8a, 0xff, 0x00, 0x00, 0x8a, 0xff,
  0x00, 0x00, 0x6f, 0x00, 0x00, 0x00, 0x6f, 0x00, 0x00, 0x00, 0x09, 0x00,
  0x00, 0x00, 0x09, 0x00, 0x00, 0x00, 0x73, 0xfe, 0x00, 0x00, 0x73, 0xfe,
  0x00, 0x00, 0x46, 0x00, 0x00, 0x00, 0x46, 0x00, 0x00, 0x00, 0xb6, 0xfe,
  0x00, 0x00, 0xb6, 0xfe, 0x00, 0x00, 0x20, 0xfe, 0x00, 0x00, 0x20, 0xfe,
  0x00, 0x00, 0xf2, 0xfe, 0x00, 0x00, 0xf2, 0xfe, 0x00, 0x00, 0x1f, 0xfe,
  0x00, 0x00, 0x1f, 0xfe, 0x00, 0x00, 0xdd, 0xfe, 0x00, 0x00, 0xdd, 0xfe,
  0x00, 0x00, 0x00, 0xfe, 0x00, 0x00, 0x00, 0xfe, 0x00, 0x00, 0x6d, 0xfd,
  0x00, 0x00, 0x6d, 0xfd, 0x00, 0x00, 0x12, 0xff, 0x00, 0x00, 0x12, 0xff,
  0x00, 0x00, 0x60, 0xfc, 0x00, 0x00, 0x60, 0xfc, 0x00, 0x00, 0xf8, 0xfd,
  0x00, 0x00, 0xf8, 0xfd, 0x00, 0x00, 0xa5, 0xfd, 0x00, 0x00, 0xa5, 0xfd,
  0x00, 0x00, 0xc5, 0xfc, 0x00, 0x00, 0xc5, 0xfc, 0x00, 0x00, 0x3f, 0xfe,
  0x00, 0x00, 0x3f, 0xfe, 0x00, 0x00, 0x38, 0xfc, 0x00, 0x00, 0x38, 0xfc,
  0x00, 0x00, 0x0b, 0xfe, 0x00, 0x00, 0x0b, 0xfe, 0x00, 0x00, 0xe2, 0xfc,
  0x00, 0x00, 0xe2, 0xfc, 0x00, 0x00, 0xd6, 0xfc, 0x00, 0x00, 0xd6, 0xfc,
  0x00, 0x00, 0xcb, 0xfd, 0x00, 0x00, 0xcb, 0xfd, 0x00, 0x00, 0xdd, 0xfc,
  0x00, 0x00, 0xdd, 0xfc, 0x00, 0x00, 0x81, 0xfd, 0x00, 0x00, 0x81, 0xfd,
  0x00, 0x00, 0xd0, 0xfc, 0x00, 0x00, 0xd0, 0xfc, 0x00, 0x00, 0x2d, 0xfd,
  0x00, 0x00, 0x2d, 0xfd, 0x00, 0x00, 0x80, 0xfd, 0x00, 0x00, 0x80, 0xfd,
  0x00, 0x00, 0x10, 0xfd, 0x00, 0x00, 0x10, 0xfd, 0x00, 0x00, 0xcd, 0xfc,
  0x00, 0x00, 0xcd, 0xfc, 0x00, 0x00, 0x4f, 0xfe, 0x00, 0x00, 0x4f, 0xfe,
  0x00, 0x00, 0x5d, 0xfd, 0x00, 0x00, 0x5d, 0xfd, 0x00, 0x00, 0x00, 0xfd,
  0x00, 0x00, 0x00, 0xfd, 0x00, 0x00, 0xc6, 0xfe, 0x00, 0x00, 0xc6, 0xfe,
  0x00, 0x00, 0x25, 0xfd, 0x00, 0x00, 0x25, 0xfd, 0x00, 0x00, 0xc9, 0xfd,
  0x00, 0x00, 0xc9, 0xfd, 0x00, 0x00, 0xe5, 0xfd, 0x00, 0x00, 0xe5, 0xfd,
  0x00, 0x00, 0xef, 0xfc, 0x00, 0x00, 0xef, 0xfc, 0x00, 0x00, 0x3e, 0xff,
  0x00, 0x00, 0x3e, 0xff, 0x00, 0x00, 0x7b, 0xfd, 0x00, 0x00, 0x7b, 0xfd,
  0x00, 0x00, 0x09, 0xfe, 0x00, 0x00, 0x09, 0xfe, 0x00, 0x00, 0x55, 0xff,
  0x00, 0x00, 0x55, 0xff, 0x00, 0x00, 0xb0, 0xfd, 0x00, 0x00, 0xb0, 0xfd,
  0x00, 0x00, 0xda, 0xfe, 0x00, 0x00, 0xda, 0xfe, 0x00, 0x00, 0x3a, 0xfe,
  0x00, 0x00, 0x3a, 0xfe, 0x00, 0x00, 0x81, 0xfe, 0x00, 0x00, 0x81, 0xfe,
  0x00, 0x00, 0x23, 0xff, 0x00, 0x00, 0x23, 0xff, 0x00, 0x00, 0x17, 0xfe,
  0x00, 0x00, 0x17, 0xfe, 0x00, 0x00, 0x78, 0xff, 0x00, 0x00, 0x78, 0xff,
  0x00, 0x00, 0x77, 0xfe, 0x00, 0x00, 0x77, 0xfe, 0x00, 0x00, 0x01, 0xff,
  0x00, 0x00, 0x01, 0xff, 0x00, 0x00, 0x47, 0x00, 0x00, 0x00, 0x47, 0x00,
  0x00, 0x00, 0x67, 0xfd, 0x00, 0x00, 0x67, 0xfd, 0x00, 0x00, 0x99, 0x00,
  0x00, 0x00, 0x99, 0x00, 0x00, 0x00, 0x30, 0xfe, 0x00, 0x00, 0x30, 0xfe,
  0x00, 0x00, 0x2a, 0x00, 0x00, 0x00, 0x2a, 0x00, 0x00, 0x00, 0x3e, 0x00,
  0x00, 0x00, 0x3e, 0x00, 0x00, 0x00, 0x66, 0xfd, 0x00, 0x00, 0x66, 0xfd,
  0x00, 0x00, 0x3e, 0x02, 0x00, 0x00, 0x3e, 0x02, 0x00, 0x00, 0x23, 0xfd,
  0x00, 0x00, 0x23, 0xfd, 0x00, 0x00, 0x3b, 0x00, 0x00, 0x00, 0x3b, 0x00,
  0x00, 0x00, 0x22, 0x00, 0x00, 0x00, 0x22, 0x00, 0x00, 0x00, 0x11, 0xff,
  0x00, 0x00, 0x11, 0xff, 0x00, 0x00, 0xd2, 0x00, 0x00, 0x00, 0xd2, 0x00,
  0x00, 0x00, 0xff, 0xfe, 0x00, 0x00, 0xff, 0xfe, 0x00, 0x00, 0x38, 0x01,
  0x00, 0x00, 0x38, 0x01, 0x00, 0x00, 0x7e, 0xfe, 0x00, 0x00, 0x7e, 0xfe,
  0x00, 0x00, 0x8a, 0x00, 0x00, 0x00, 0x8a, 0x00, 0x00, 0x00, 0x49, 0xff,
  0x00, 0x00, 0x49, 0xff, 0x00, 0x00, 0x3c, 0xff, 0x00, 0x00, 0x3c, 0xff,
  0x00, 0x00, 0x93, 0x00, 0x00, 0x00, 0x93, 0x00, 0x00, 0x00, 0xde, 0xff,
  0x00, 0x00, 0xde, 0xff, 0x00, 0x00, 0x0c, 0x01, 0x00, 0x00, 0x0c, 0x01,
  0x00, 0x00, 0x79, 0xfe, 0x00, 0x00, 0x79, 0xfe, 0x00, 0x00, 0x78, 0x01,
  0x00, 0x00, 0x78, 0x01, 0x00, 0x00, 0x40, 0xff, 0x00, 0x00, 0x40, 0xff,
  0x00, 0x00, 0xc9, 0xfe, 0x00, 0x00, 0xc9, 0xfe, 0x00, 0x00, 0x24, 0x01,
  0x00, 0x00, 0x24, 0x01, 0x00, 0x00, 0xf8, 0xfe, 0x00, 0x00, 0xf8, 0xfe,
  0x00, 0x00, 0x70, 0x00, 0x00, 0x00, 0x70, 0x00, 0x00, 0x00, 0x31, 0x00,
  0x00, 0x00, 0x31, 0x00, 0x00, 0x00, 0xfb, 0xff, 0x00, 0x00, 0xfb, 0xff,
  0x00, 0x00, 0x26, 0x00, 0x00, 0x00, 0x26, 0x00, 0x00, 0x00, 0x95, 0xff,
  0x00, 0x00, 0x95, 0xff, 0x00, 0x00, 0xf9, 0xff, 0x00, 0x00, 0xf9, 0xff,
  0x00, 0x00, 0xdc, 0xff, 0x00, 0x00, 0xdc, 0xff, 0x00, 0x00, 0xa7, 0xff,
  0x00, 0x00, 0xa7, 0xff, 0x00, 0x00, 0x2e, 0x00, 0x00, 0x00, 0x2e, 0x00,
  0x00, 0x00, 0xe3, 0xff, 0x00, 0x00, 0xe3, 0xff, 0x00, 0x00, 0xd9, 0xff,
  0x00, 0x00, 0xd9, 0xff, 0x00, 0x00, 0x98, 0xff, 0x00, 0x00, 0x98, 0xff,
  0x00, 0x00, 0xe8, 0xff, 0x00, 0x00, 0xe8, 0xff, 0x00, 0x00, 0xa3, 0xff,
  0x00, 0x00, 0xa3, 0xff, 0x00, 0x00, 0x92, 0xff, 0x00, 0x00, 0x92, 0xff,
  0x00, 0x00, 0xde, 0xff, 0x00, 0x00, 0xde, 0xff, 0x00, 0x00, 0x8f, 0xff,
  0x00, 0x00, 0x8f, 0xff, 0x00, 0x00, 0x40, 0x00, 0x00, 0x00, 0x40, 0x00,
  0x00, 0x00, 0xbe, 0xff, 0x00, 0x00, 0xbe, 0xff, 0x00, 0x00, 0x6a, 0xff,
  0x00, 0x00, 0x6a, 0xff, 0x00, 0x00, 0x4e, 0x00, 0x00, 0x00, 0x4e, 0x00,
  0x00, 0x00, 0x8f, 0xff, 0x00, 0x00, 0x8f, 0xff, 0x00, 0x00, 0x6e, 0x00,
  0x00, 0x00, 0x6e, 0x00, 0x00, 0x00, 0xb5, 0x01, 0x00, 0x00, 0xb5, 0x01,
  0x00, 0x00, 0xaf, 0xfe, 0x00, 0x00, 0xaf, 0xfe, 0x00, 0x00, 0x49, 0x01,
  0x00, 0x00, 0x49, 0x01, 0x00, 0x00, 0x27, 0x00, 0x00, 0x00, 0x27, 0x00,
  0x00, 0x00, 0x0e, 0xff, 0x00, 0x00, 0x0e, 0xff, 0x00, 0x00, 0x1d, 0x02,
  0x00, 0x00, 0x1d, 0x02, 0x00, 0x00, 0x20, 0xff, 0x00, 0x00, 0x20, 0xff,
  0x00, 0x00, 0xe7, 0x02, 0x00, 0x00, 0xe7, 0x02, 0x00, 0x00, 0xde, 0x00,
  0x00, 0x00, 0xde, 0x00, 0x00, 0x00, 0xff, 0xff, 0x00, 0x00, 0xff, 0xff,
  0x00, 0x00, 0xd9, 0x02, 0x00, 0x00, 0xd9, 0x02, 0x00, 0x00, 0xf9, 0xfe,
  0x00, 0x00, 0xf9, 0xfe, 0x00, 0x00, 0xca, 0x01, 0x00, 0x00, 0xca, 0x01,
  0x00, 0x00, 0x0f, 0x01, 0x00, 0x00, 0x0f, 0x01, 0x00, 0x00, 0x95, 0x00,
  0x00, 0x00, 0x95, 0x00, 0x00, 0x00, 0xba, 0x01, 0x00, 0x00, 0xba, 0x01,
  0x00, 0x00, 0x3c, 0x01, 0x00, 0x00, 0x3c, 0x01, 0x00, 0x00, 0xa5, 0x01,
  0x00, 0x00, 0xa5, 0x01, 0x00, 0x00, 0xc2, 0x00, 0x00, 0x00, 0xc2, 0x00,
  0x00, 0x00, 0x20, 0x02, 0x00, 0x00, 0x20, 0x02, 0x00, 0x00, 0xb4, 0xff,
  0x00, 0x00, 0xb4, 0xff, 0x00, 0x00, 0x19, 0x01, 0x00, 0x00, 0x19, 0x01,
  0x00, 0x00, 0xcd, 0x02, 0x00, 0x00, 0xcd, 0x02, 0x00, 0x00, 0xaf, 0xff,
  0x00, 0x00, 0xaf, 0xff, 0x00, 0x00, 0x64, 0x02, 0x00, 0x00, 0x64, 0x02,
  0x00, 0x00, 0xb9, 0x01, 0x00, 0x00, 0xb9, 0x01, 0x00, 0x00, 0xcc, 0x00,
  0x00, 0x00, 0xcc, 0x00, 0x00, 0x00, 0x1b, 0x02, 0x00, 0x00, 0x1b, 0x02,
  0x00, 0x00, 0x8a, 0x00, 0x00, 0x00, 0x8a, 0x00, 0x00, 0x00, 0x77, 0x00,
  0x00, 0x00, 0x77, 0x00, 0x00, 0x00, 0x71, 0x01, 0x00, 0x00, 0x71, 0x01,
  0x00, 0x00, 0x0e, 0x01, 0x00, 0x00, 0x0e, 0x01, 0x00, 0x00, 0x6b, 0x00,
  0x00, 0x00, 0x6b, 0x00, 0x00, 0x00, 0x9f, 0x02, 0x00, 0x00, 0x9f, 0x02,
  0x00, 0x00, 0xb9, 0x00, 0x00, 0x00, 0xb9, 0x00, 0x00, 0x00, 0x93, 0x00,
  0x00, 0x00, 0x93, 0x00, 0x00, 0x00, 0xe9, 0x00, 0x00, 0x00, 0xe9, 0x00,
  0x00, 0x00, 0x8f, 0x00, 0x00, 0x00, 0x8f, 0x00, 0x00, 0x00, 0x14, 0x01,
  0x00, 0x00, 0x14, 0x01, 0x00, 0x00, 0x90, 0x00, 0x00, 0x00, 0x90, 0x00,
  0x00, 0x00, 0xc8, 0xff, 0x00, 0x00, 0xc8, 0xff, 0x00, 0x00, 0x03, 0x01,
  0x00, 0x00, 0x03, 0x01, 0x00, 0x00, 0x22, 0x02, 0x00, 0x00, 0x22, 0x02,
  0x00, 0x00, 0x14, 0xfe, 0x00, 0x00, 0x14, 0xfe, 0x00, 0x00, 0xab, 0x01,
  0x00, 0x00, 0xab, 0x01, 0x00, 0x00, 0x93, 0x00, 0x00, 0x00, 0x93, 0x00,
  0x00, 0x00, 0xb8, 0xfe, 0x00, 0x00, 0xb8, 0xfe, 0x00, 0x00, 0x45, 0x00,
  0x00, 0x00, 0x45, 0x00, 0x00, 0x00, 0x01, 0x00, 0x00, 0x00, 0x01, 0x00,
  0x00, 0x00, 0x1f, 0x00, 0x00, 0x00, 0x1f, 0x00, 0x00, 0x00, 0xdd, 0xff,
  0x00, 0x00, 0xdd, 0xff, 0x00, 0x00, 0x47, 0x00, 0x00, 0x00, 0x47, 0x00,
  0x00, 0x00, 0xd5, 0xfe, 0x00, 0x00, 0xd5, 0xfe, 0x00, 0x00, 0xff, 0x00,
  0x00, 0x00, 0xff, 0x00, 0x00, 0x00, 0x77, 0xfe, 0x00, 0x00, 0x77, 0xfe,
  0x00, 0x00, 0x10, 0xff, 0x00, 0x00, 0x10, 0xff, 0x00, 0x00, 0x92, 0x00,
  0x00, 0x00, 0x92, 0x00, 0x00, 0x00, 0x26, 0xff, 0x00, 0x00, 0x26, 0xff,
  0x00, 0x00, 0xa9, 0xff, 0x00, 0x00, 0xa9, 0xff, 0x00, 0x00, 0xed, 0xfe,
  0x00, 0x00, 0xed, 0xfe, 0x00, 0x00, 0x99, 0x00, 0x00, 0x00, 0x99, 0x00,
  0x00, 0x00, 0xcb, 0xfd, 0x00, 0x00, 0xcb, 0xfd, 0x00, 0x00, 0x6f, 0x00,
  0x00, 0x00, 0x6f, 0x00, 0x00, 0x00, 0x08, 0xff, 0x00, 0x00, 0x08, 0xff,
  0x00, 0x00, 0x6d, 0xfe, 0x00, 0x00, 0x6d, 0xfe, 0x00, 0x00, 0x57, 0x01,
  0x00, 0x00, 0x57, 0x01, 0x00, 0x00, 0x5b, 0xfd, 0x00, 0x00, 0x5b, 0xfd,
  0x00, 0x00, 0xb6, 0x00, 0x00, 0x00, 0xb6, 0x00, 0x00, 0x00, 0x69, 0xff,
  0x00, 0x00, 0x69, 0xff, 0x00, 0x00, 0xe5, 0xfe, 0x00, 0x00, 0xe5, 0xfe,
  0x00, 0x00, 0xd4, 0xff, 0x00, 0x00, 0xd4, 0xff, 0x00, 0x00, 0x09, 0xff,
  0x00, 0x00, 0x09, 0xff, 0x00, 0x00, 0x3a, 0xff, 0x00, 0x00, 0x3a, 0xff,
  0x00, 0x00, 0x77, 0xff, 0x00, 0x00, 0x77, 0xff, 0x00, 0x00, 0xc7, 0xff,
  0x00, 0x00, 0xc7, 0xff, 0x00, 0x00, 0xa9, 0xfe, 0x00, 0x00, 0xa9, 0xfe,
  0x00, 0x00, 0x16, 0x00, 0x00, 0x00, 0x16, 0x00, 0x00, 0x00, 0x14, 0x00,
  0x00, 0x00, 0x14, 0x00, 0x00, 0x00, 0x09, 0xff, 0x00, 0x00, 0x09, 0xff,
  0x00, 0x00, 0x85, 0xff, 0x00, 0x00, 0x85, 0xff, 0x00, 0x00, 0x05, 0x00,
  0x00, 0x00, 0x05, 0x00, 0x00, 0x00, 0x45, 0xff, 0x00, 0x00, 0x45, 0xff,
  0x00, 0x00, 0x51, 0xff, 0x00, 0x00, 0x51, 0xff, 0x00, 0x00, 0x79, 0xff,
  0x00, 0x00, 0x79, 0xff, 0x00, 0x00, 0x69, 0x00, 0x00, 0x00, 0x69, 0x00,
  0x00, 0x00, 0xea, 0xff, 0x00, 0x00, 0xea, 0xff, 0x00, 0x00, 0xd7, 0xfe,
  0x00, 0x00, 0xd7, 0xfe, 0x00, 0x00, 0xa9, 0x00, 0x00, 0x00, 0xa9, 0x00,
  0x00, 0x00, 0x3d, 0xff, 0x00, 0x00, 0x3d, 0xff, 0x00, 0x00, 0xd0, 0xff,
  0x00, 0x00, 0xd0, 0xff, 0x00, 0x00, 0xd7, 0xff, 0x00, 0x00, 0xd7, 0xff,
  0x00, 0x00, 0x51, 0xff, 0x00, 0x00, 0x51, 0xff, 0x00, 0x00, 0xf5, 0x00,
  0x00, 0x00, 0xf5, 0x00, 0x00, 0x00, 0xf6, 0xfe, 0x00, 0x00, 0xf6, 0xfe,
  0x00, 0x00, 0x82, 0x00, 0x00, 0x00, 0x82, 0x00, 0x00, 0x00, 0x7e, 0xff,
  0x00, 0x00, 0x7e, 0xff, 0x00, 0x00, 0x3c, 0x00, 0x00, 0x00, 0x3c, 0x00,
  0x00, 0x00, 0x67, 0xff, 0x00, 0x00, 0x67, 0xff, 0x00, 0x00, 0x08, 0x00,
  0x00, 0x00, 0x08, 0x00, 0x00, 0x00, 0x6a, 0x00, 0x00, 0x00, 0x6a, 0x00,
  0x00, 0x00, 0x01, 0xff, 0x00, 0x00, 0x01, 0xff, 0x00, 0x00, 0x62, 0x01,
  0x00, 0x00, 0x62, 0x01, 0x00, 0x00, 0x55, 0xff, 0x00, 0x00, 0x55, 0xff,
  0x00, 0x00, 0xe6, 0xff, 0x00, 0x00, 0xe6, 0xff, 0x00, 0x00, 0x29, 0x00,
  0x00, 0x00, 0x29, 0x00, 0x00, 0x00, 0x33, 0x00, 0x00, 0x00, 0x33, 0x00,
  0x00, 0x00, 0x50, 0xff, 0x00, 0x00, 0x50, 0xff, 0x00, 0x00, 0xf4, 0x00,
  0x00, 0x00, 0xf4, 0x00, 0x00, 0x00, 0xcc, 0xff, 0x00, 0x00, 0xcc, 0xff,
  0x00, 0x00, 0xb2, 0xff, 0x00, 0x00, 0xb2, 0xff, 0x00, 0x00, 0xc3, 0x00,
  0x00, 0x00, 0xc3, 0x00, 0x00, 0x00, 0x7c, 0xff, 0x00, 0x00, 0x7c, 0xff,
  0x00, 0x00, 0x49, 0x00, 0x00, 0x00, 0x49, 0x00, 0x00, 0x00, 0x0f, 0x00,
  0x00, 0x00, 0x0f, 0x00, 0x00, 0x00, 0xfd, 0xff, 0x00, 0x00, 0xfd, 0xff,
  0x00, 0x00, 0x13, 0x00, 0x00, 0x00, 0x13, 0x00, 0x00, 0x00, 0x4e, 0x00,
  0x00, 0x00, 0x4e, 0x00, 0x00, 0x00, 0x9f, 0xff, 0x00, 0x00, 0x9f, 0xff,
  0x00, 0x00, 0xcd, 0x00, 0x00, 0x00, 0xcd, 0x00, 0x00, 0x00, 0x2a, 0xff,
  0x00, 0x00, 0x2a, 0xff, 0x00, 0x00, 0x36, 0x01, 0x00, 0x00, 0x36, 0x01,
  0x00, 0x00, 0x3d, 0xff, 0x00, 0x00, 0x3d, 0xff, 0x00, 0x00, 0x0d, 0x00,
  0x00, 0x00, 0x0d, 0x00, 0x00, 0x00, 0x0e, 0x01, 0x00, 0x00, 0x0e, 0x01,
  0x00, 0x00, 0x65, 0xfe, 0x00, 0x00, 0x65, 0xfe, 0x00, 0x00, 0x12, 0x02,
  0x00, 0x00, 0x12, 0x02, 0x00, 0x00, 0x7c, 0xfe, 0x00, 0x00, 0x7c, 0xfe,
  0x00, 0x00, 0x93, 0x00, 0x00, 0x00, 0x93, 0x00, 0x00, 0x00, 0x23, 0x00,
  0x00, 0x00, 0x23, 0x00, 0x00, 0x00, 0xd5, 0xff, 0x00, 0x00, 0xd5, 0xff,
  0x00, 0x00, 0x6c, 0x00, 0x00, 0x00, 0x6c, 0x00, 0x00, 0x00, 0x28, 0xff,
  0x00, 0x00, 0x28, 0xff, 0x00, 0x00, 0x17, 0x01, 0x00, 0x00, 0x17, 0x01,
  0x00, 0x00, 0x38, 0xff, 0x00, 0x00, 0x38, 0xff, 0x00, 0x00, 0x99, 0x00,
  0x00, 0x00, 0x99, 0x00, 0x00, 0x00, 0x6d, 0xff, 0x00, 0x00, 0x6d, 0xff,
  0x00, 0x00, 0xa4, 0x00, 0x00, 0x00, 0xa4, 0x00, 0x00, 0x00, 0xc8, 0xff,
  0x00, 0x00, 0xc8, 0xff, 0x00, 0x00, 0xbf, 0xff, 0x00, 0x00, 0xbf, 0xff,
  0x00, 0x00, 0xbc, 0x00, 0x00, 0x00, 0xbc, 0x00, 0x00, 0x00, 0x0b, 0xff,
  0x00, 0x00, 0x0b, 0xff, 0x00, 0x00, 0xa4, 0x00, 0x00, 0x00, 0xa4, 0x00,
  0x00, 0x00, 0x4d, 0xff, 0x00, 0x00, 0x4d, 0xff, 0x00, 0x00, 0x58, 0x00,
  0x00, 0x00, 0x58, 0x00, 0x00, 0x00, 0x26, 0x00, 0x00, 0x00, 0x26, 0x00,
  0x00, 0x00, 0x6d, 0xff, 0x00, 0x00, 0x6d, 0xff, 0x00, 0x00, 0xb0, 0x00,
  0x00, 0x00, 0xb0, 0x00, 0x00, 0x00, 0xa7, 0xff, 0x00, 0x00, 0xa7, 0xff,
  0x00, 0x00, 0x0e, 0x00, 0x00, 0x00, 0x0e, 0x00, 0x00, 0x00, 0xd5, 0xff,
  0x00, 0x00, 0xd5, 0xff, 0x00, 0x00, 0xee, 0xff, 0x00, 0x00, 0xee, 0xff,
  0x00, 0x00, 0xf2, 0xff, 0x00, 0x00, 0xf2, 0xff, 0x00, 0x00, 0x8e, 0xff,
  0x00, 0x00, 0x8e, 0xff, 0x00, 0x00, 0xfe, 0x00, 0x00, 0x00, 0xfe, 0x00,
  0x00, 0x00, 0x62, 0xff, 0x00, 0x00, 0x62, 0xff, 0x00, 0x00, 0x30, 0x00,
  0x00, 0x00, 0x30, 0x00, 0x00, 0x00, 0x39, 0x00, 0x00, 0x00, 0x39, 0x00,
  0x00, 0x00, 0x8e, 0xff, 0x00, 0x00, 0x8e, 0xff, 0x00, 0x00, 0x17, 0x00,
  0x00, 0x00, 0x17, 0x00, 0x00, 0x00, 0xec, 0xff, 0x00, 0x00, 0xec, 0xff,
  0x00, 0x00, 0xb8, 0x00, 0x00, 0x00, 0xb8, 0x00, 0x00, 0x00, 0x14, 0xff,
  0x00, 0x00, 0x14, 0xff, 0x00, 0x00, 0x97, 0x00, 0x00, 0x00, 0x97, 0x00,
  0x00, 0x00, 0x03, 0x00, 0x00, 0x00, 0x03, 0x00, 0x00, 0x00, 0xf1, 0xff,
  0x00, 0x00, 0xf1, 0xff, 0x00, 0x00, 0x19, 0x00, 0x00, 0x00, 0x19, 0x00,
  0x00, 0x00, 0x99, 0xff, 0x00, 0x00, 0x99, 0xff, 0x00, 0x00, 0x6f, 0x00,
  0x00, 0x00, 0x6f, 0x00, 0x00, 0x00, 0x35, 0xff, 0x00, 0x00, 0x35, 0xff,
  0x00, 0x00, 0x28, 0x00, 0x00, 0x00, 0x28, 0x00, 0x00, 0x00, 0x40, 0x00,
  0x00, 0x00, 0x40, 0x00, 0x00, 0x00, 0x15, 0x00, 0x00, 0x00, 0x15, 0x00,
  0x00, 0x00, 0x55, 0xff, 0x00, 0x00, 0x55, 0xff, 0x00, 0x00, 0x95, 0x00,
  0x00, 0x00, 0x95, 0x00, 0x00, 0x00, 0xec, 0xff, 0x00, 0x00, 0xec, 0xff,
  0x00, 0x00, 0x5d, 0xff, 0x00, 0x00, 0x5d, 0xff, 0x00, 0x00, 0xc9, 0x00,
  0x00, 0x00, 0xc9, 0x00, 0x00, 0x00, 0x22, 0xff, 0x00, 0x00, 0x22, 0xff,
  0x00, 0x00, 0x72, 0x00, 0x00, 0x00, 0x72, 0x00, 0x00, 0x00, 0xd9, 0x00,
  0x00, 0x00, 0xd9, 0x00, 0x00, 0x00, 0x14, 0xff, 0x00, 0x00, 0x14, 0xff,
  0x00, 0x00, 0x88, 0x00, 0x00, 0x00, 0x88, 0x00, 0x00, 0x00, 0xd8, 0xff,
  0x00, 0x00, 0xd8, 0xff, 0x00, 0x00, 0xaa, 0xff, 0x00, 0x00, 0xaa, 0xff,
  0x00, 0x00, 0x2f, 0x00, 0x00, 0x00, 0x2f, 0x00, 0x00, 0x00, 0x89, 0xff,
  0x00, 0x00, 0x89, 0xff, 0x00, 0x00, 0x46, 0x00, 0x00, 0x00, 0x46, 0x00,
  0x00, 0x00, 0x65, 0xff, 0x00, 0x00, 0x65, 0xff, 0x00, 0x00, 0xca, 0x00,
  0x00, 0x00, 0xca, 0x00, 0x00, 0x00, 0x68, 0xff, 0x00, 0x00, 0x68, 0xff,
  0x00, 0x00, 0x2d, 0x00, 0x00, 0x00, 0x2d, 0x00, 0x00, 0x00, 0x47, 0x00,
  0x00, 0x00, 0x47, 0x00, 0x00, 0x00, 0x5a, 0xff, 0x00, 0x00, 0x5a, 0xff,
  0x00, 0x00, 0x81, 0x00, 0x00, 0x00, 0x81, 0x00, 0x00, 0x00, 0x7c, 0xff,
  0x00, 0x00, 0x7c, 0xff, 0x00, 0x00, 0x17, 0x00, 0x00, 0x00, 0x17, 0x00,
  0x00, 0x00, 0x16, 0x00, 0x00, 0x00, 0x16, 0x00, 0x00, 0x00, 0xdb, 0xff,
  0x00, 0x00, 0xdb, 0xff, 0x00, 0x00, 0x38, 0x00, 0x00, 0x00, 0x38, 0x00,
  0x00, 0x00, 0xb2, 0xff, 0x00, 0x00, 0xb2, 0xff, 0x00, 0x00, 0xfb, 0xff,
  0x00, 0x00, 0xfb, 0xff, 0x00, 0x00, 0x9c, 0x00, 0x00, 0x00, 0x9c, 0x00,
  0x00, 0x00, 0x35, 0xff, 0x00, 0x00, 0x35, 0xff, 0x00, 0x00, 0x96, 0x00,
  0x00, 0x00, 0x96, 0x00, 0x00, 0x00, 0xbd, 0xff, 0x00, 0x00, 0xbd, 0xff,
  0x00, 0x00, 0x24, 0x00, 0x00, 0x00, 0x24, 0x00, 0x00, 0x00, 0x0a, 0x00,
  0x00, 0x00, 0x0a, 0x00, 0x00, 0x00, 0xea, 0xff, 0x00, 0x00, 0xea, 0xff,
  0x00, 0x00, 0x1f, 0x00, 0x00, 0x00, 0x1f, 0x00, 0x00, 0x00, 0x00, 0x00,
  0x00, 0x00, 0x00, 0x00, 0x00, 0x00, 0x6b, 0x00, 0x00, 0x00, 0x6b, 0x00,
  0x00, 0x00, 0x88, 0xff, 0x00, 0x00, 0x88, 0xff, 0x00, 0x00, 0xd6, 0x00,
  0x00, 0x00, 0xd6, 0x00, 0x00, 0x00, 0x50, 0xff, 0x00, 0x00, 0x50, 0xff,
  0x00, 0x00, 0x0b, 0x00, 0x00, 0x00, 0x0b, 0x00, 0x00, 0x00, 0x00, 0x00,
  0x00, 0x00, 0x00, 0x00, 0x00, 0x00, 0x8f, 0xff, 0x00, 0x00, 0x8f, 0xff,
  0x00, 0x00, 0xbd, 0x00, 0x00, 0x00, 0xbd, 0x00, 0x00, 0x00, 0x3c, 0xff,
  0x00, 0x00, 0x3c, 0xff, 0x00, 0x00, 0x82, 0x00, 0x00, 0x00, 0x82, 0x00,
  0x00, 0x00, 0xf2, 0xff, 0x00, 0x00, 0xf2, 0xff, 0x00, 0x00, 0xa8, 0xff,
  0x00, 0x00, 0xa8, 0xff, 0x00, 0x00, 0x3b, 0x00, 0x00, 0x00, 0x3b, 0x00,
  0x00, 0x00, 0xa8, 0xff, 0x00, 0x00, 0xa8, 0xff, 0x00, 0x00, 0xc1, 0x00,
  0x00, 0x00, 0xc1, 0x00, 0x00, 0x00, 0xcd, 0xfe, 0x00, 0x00, 0xcd, 0xfe,
  0x00, 0x00, 0x0b, 0x01, 0x00, 0x00, 0x0b, 0x01, 0x00, 0x00, 0x85, 0xff,
  0x00, 0x00, 0x85, 0xff, 0x00, 0x00, 0x0d, 0x00, 0x00, 0x00, 0x0d, 0x00,
  0x00, 0x00, 0x33, 0x00, 0x00, 0x00, 0x33, 0x00, 0x00, 0x00, 0x23, 0xff,
  0x00, 0x00, 0x23, 0xff, 0x00, 0x00, 0x1c, 0x01, 0x00, 0x00, 0x1c, 0x01,
  0x00, 0x00, 0xcf, 0xfe, 0x00, 0x00, 0xcf, 0xfe, 0x00, 0x00, 0x13, 0x01,
  0x00, 0x00, 0x13, 0x01, 0x00, 0x00, 0x53, 0xff, 0x00, 0x00, 0x53, 0xff,
  0x00, 0x00, 0x5d, 0x00, 0x00, 0x00, 0x5d, 0x00, 0x00, 0x00, 0x28, 0x00,
  0x00, 0x00, 0x28, 0x00, 0x00, 0x00, 0x65, 0xff, 0x00, 0x00, 0x65, 0xff,
  0x00, 0x00, 0xb2, 0x00, 0x00, 0x00, 0xb2, 0x00, 0x00, 0x00, 0x20, 0xff,
  0x00, 0x00, 0x20, 0xff, 0x00, 0x00, 0x78, 0x00, 0x00, 0x00, 0x78, 0x00,
  0x00, 0x00, 0x55, 0xff, 0x00, 0x00, 0x55, 0xff, 0x00, 0x00, 0xf6, 0xff,
  0x00, 0x00, 0xf6, 0xff, 0x00, 0x00, 0xb3, 0x00, 0x00, 0x00, 0xb3, 0x00,
  0x00, 0x00, 0x87, 0xff, 0x00, 0x00, 0x87, 0xff, 0x00, 0x00, 0xe2, 0xff,
  0x00, 0x00, 0xe2, 0xff, 0x00, 0x00, 0x9e, 0x00, 0x00, 0x00, 0x9e, 0x00,
  0x00, 0x00, 0x28, 0xff, 0x00, 0x00, 0x28, 0xff, 0x00, 0x00, 0x2a, 0x00,
  0x00, 0x00, 0x2a, 0x00, 0x00, 0x00, 0x4f, 0x00, 0x00, 0x00, 0x4f, 0x00,
  0x00, 0x00, 0xb2, 0xff, 0x00, 0x00, 0xb2, 0xff, 0x00, 0x00, 0xcd, 0x00,
  0x00, 0x00, 0xcd, 0x00, 0x00, 0x00, 0x48, 0xff, 0x00, 0x00, 0x48, 0xff,
  0x00, 0x00, 0xb0, 0x00, 0x00, 0x00, 0xb0, 0x00, 0x00, 0x00, 0x35, 0x00,
  0x00, 0x00, 0x35, 0x00, 0x00, 0x00, 0x75, 0xff, 0x00, 0x00, 0x75, 0xff,
  0x00, 0x00, 0x47, 0x00, 0x00, 0x00, 0x47, 0x00, 0x00, 0x00, 0xab, 0xff,
  0x00, 0x00, 0xab, 0xff, 0x00, 0x00, 0xd0, 0xff, 0x00, 0x00, 0xd0, 0xff,
  0x00, 0x00, 0x5e, 0x00, 0x00, 0x00, 0x5e, 0x00, 0x00, 0x00, 0x93, 0xff,
  0x00, 0x00, 0x93, 0xff, 0x00, 0x00, 0x5c, 0x00, 0x00, 0x00, 0x5c, 0x00,
  0x00, 0x00, 0xf8, 0xff, 0x00, 0x00, 0xf8, 0xff, 0x00, 0x00, 0xb0, 0xff,
  0x00, 0x00, 0xb0, 0xff, 0x00, 0x00, 0x64, 0x00, 0x00, 0x00, 0x64, 0x00,
  0x00, 0x00, 0xd5, 0xff, 0x00, 0x00, 0xd5, 0xff, 0x00, 0x00, 0xe7, 0xff,
  0x00, 0x00, 0xe7, 0xff, 0x00, 0x00, 0x3b, 0x00, 0x00, 0x00, 0x3b, 0x00,
  0x00, 0x00, 0x1b, 0x00, 0x00, 0x00, 0x1b, 0x00, 0x00, 0x00, 0x61, 0xff,
  0x00, 0x00, 0x61, 0xff, 0x00, 0x00, 0xf1, 0x00, 0x00, 0x00, 0xf1, 0x00,
  0x00, 0x00, 0x14, 0xff, 0x00, 0x00, 0x14, 0xff, 0x00, 0x00, 0x85, 0x00,
  0x00, 0x00, 0x85, 0x00, 0x00, 0x00, 0xed, 0xff, 0x00, 0x00, 0xed, 0xff,
  0x00, 0x00, 0x56, 0xff, 0x00, 0x00, 0x56, 0xff, 0x00, 0x00, 0xd0, 0x00,
  0x00, 0x00, 0xd0, 0x00, 0x00, 0x00, 0x78, 0xff, 0x00, 0x00, 0x78, 0xff,
  0x00, 0x00, 0x52, 0x00, 0x00, 0x00, 0x52, 0x00, 0x00, 0x00, 0xc7, 0xff,
  0x00, 0x00, 0xc7, 0xff, 0x00, 0x00, 0x53, 0x00, 0x00, 0x00, 0x53, 0x00,
  0x00, 0x00, 0x95, 0xff, 0x00, 0x00, 0x95, 0xff, 0x00, 0x00, 0x0d, 0x00,
  0x00, 0x00, 0x0d, 0x00, 0x00, 0x00, 0x11, 0x00, 0x00, 0x00, 0x11, 0x00,
  0x00, 0x00, 0xeb, 0xff, 0x00, 0x00, 0xeb, 0xff, 0x00, 0x00, 0x0b, 0x00,
  0x00, 0x00, 0x0b, 0x00, 0x00, 0x00, 0x05, 0x00, 0x00, 0x00, 0x05, 0x00,
  0x00, 0x00, 0xe0, 0xff, 0x00, 0x00, 0xe0, 0xff, 0x00, 0x00, 0x39, 0x00,
  0x00, 0x00, 0x39, 0x00, 0x00, 0x00, 0xf6, 0xff, 0x00, 0x00, 0xf6, 0xff,
  0x00, 0x00, 0xa6, 0xff, 0x00, 0x00, 0xa6, 0xff, 0x00, 0x00, 0x99, 0x00,
  0x00, 0x00, 0x99, 0x00, 0x00, 0x00, 0x40, 0xff, 0x00, 0x00, 0x40, 0xff,
  0x00, 0x00, 0x91, 0x00, 0x00, 0x00, 0x91, 0x00, 0x00, 0x00, 0x6e, 0xff,
  0x00, 0x00, 0x6e, 0xff, 0x00, 0x00, 0x37, 0x00, 0x00, 0x00, 0x37, 0x00,
  0x00, 0x00, 0x68, 0x00, 0x00, 0x00, 0x68, 0x00, 0x00, 0x00, 0x63, 0xff,
  0x00, 0x00, 0x63, 0xff, 0x00, 0x00, 0x6d, 0x00, 0x00, 0x00, 0x6d, 0x00,
  0x00, 0x00, 0xc3, 0xff, 0x00, 0x00, 0xc3, 0xff, 0x00, 0x00, 0x80, 0x00,
  0x00, 0x00, 0x80, 0x00, 0x00, 0x00, 0x5f, 0xff, 0x00, 0x00, 0x5f, 0xff,
  0x00, 0x00, 0x2f, 0x00, 0x00, 0x00, 0x2f, 0x00, 0x00, 0x00, 0xf8, 0xff,
  0x00, 0x00, 0xf8, 0xff, 0x00, 0x00, 0xba, 0xff, 0x00, 0x00, 0xba, 0xff,
  0x00, 0x00, 0x5f, 0x00, 0x00, 0x00, 0x5f, 0x00, 0x00, 0x00, 0x91, 0xff,
  0x00, 0x00, 0x91, 0xff, 0x00, 0x00, 0xad, 0xff, 0x00, 0x00, 0xad, 0xff,
  0x00, 0x00, 0x8c, 0x00, 0x00, 0x00, 0x8c, 0x00, 0x00, 0x00, 0x64, 0xff,
  0x00, 0x00, 0x64, 0xff, 0x00, 0x00, 0xb3, 0x00, 0x00, 0x00, 0xb3, 0x00,
  0x00, 0x00, 0x09, 0x00, 0x00, 0x00, 0x09, 0x00, 0x00, 0x00, 0x24, 0xff,
  0x00, 0x00, 0x24, 0xff, 0x00, 0x00, 0x45, 0x01, 0x00, 0x00, 0x45, 0x01,
  0x00, 0x00, 0xf1, 0xfe, 0x00, 0x00, 0xf1, 0xfe, 0x00, 0x00, 0xad, 0x00,
  0x00, 0x00, 0xad, 0x00, 0x00, 0x00, 0xc5, 0xff, 0x00, 0x00, 0xc5, 0xff,
  0x00, 0x00, 0x28, 0x00, 0x00, 0x00, 0x28, 0x00, 0x00, 0x00, 0x17, 0x00,
  0x00, 0x00, 0x17, 0x00, 0x00, 0x00, 0xa8, 0xff, 0x00, 0x00, 0xa8, 0xff,
  0x00, 0x00, 0x6f, 0x00, 0x00, 0x00, 0x6f, 0x00, 0x00, 0x00, 0x9d, 0xff,
  0x00, 0x00, 0x9d, 0xff, 0x00, 0x00, 0x6f, 0x00, 0x00, 0x00, 0x6f, 0x00,
  0x00, 0x00, 0x23, 0xff, 0x00, 0x00, 0x23, 0xff, 0x00, 0x00, 0x8d, 0x00,
  0x00, 0x00, 0x8d, 0x00, 0x00, 0x00, 0x84, 0xff, 0x00, 0x00, 0x84, 0xff,
  0x00, 0x00, 0x0a, 0x00, 0x00, 0x00, 0x0a, 0x00, 0x00, 0x00, 0x1b, 0x00,
  0x00, 0x00, 0x1b, 0x00, 0x00, 0x00, 0xba, 0xff, 0x00, 0x00, 0xba, 0xff,
  0x00, 0x00, 0x2c, 0x00, 0x00, 0x00, 0x2c, 0x00, 0x00, 0x00, 0x0a, 0x00,
  0x00, 0x00, 0x0a, 0x00, 0x00, 0x00, 0x91, 0x00, 0x00, 0x00, 0x91, 0x00,
  0x00, 0x00, 0x67, 0xff, 0x00, 0x00, 0x67, 0xff, 0x00, 0x00, 0x31, 0x00,
  0x00, 0x00, 0x31, 0x00, 0x00, 0x00, 0x73, 0x00, 0x00, 0x00, 0x73, 0x00,
  0x00, 0x00, 0x5e, 0xff, 0x00, 0x00, 0x5e, 0xff, 0x00, 0x00, 0x0b, 0x00,
  0x00, 0x00, 0x0b, 0x00, 0x00, 0x00, 0xb4, 0x00, 0x00, 0x00, 0xb4, 0x00,
  0x00, 0x00, 0xfe, 0xfe, 0x00, 0x00, 0xfe, 0xfe, 0x00, 0x00, 0xcf, 0x00,
  0x00, 0x00, 0xcf, 0x00, 0x00, 0x00, 0x50, 0xff, 0x00, 0x00, 0x50, 0xff,
  0x00, 0x00, 0x3c, 0x00, 0x00, 0x00, 0x3c, 0x00, 0x00, 0x00, 0xb3, 0x00,
  0x00, 0x00, 0xb3, 0x00, 0x00, 0x00, 0x9b, 0xfe, 0x00, 0x00, 0x9b, 0xfe,
  0x00, 0x00, 0x15, 0x01, 0x00, 0x00, 0x15, 0x01, 0x00, 0x00, 0x3f, 0xff,
  0x00, 0x00, 0x3f, 0xff, 0x00, 0x00, 0x11, 0x00, 0x00, 0x00, 0x11, 0x00,
  0x00, 0x00, 0x4e, 0x00, 0x00, 0x00, 0x4e, 0x00, 0x00, 0x00, 0xb2, 0xff,
  0x00, 0x00, 0xb2, 0xff, 0x00, 0x00, 0xe1, 0x00, 0x00, 0x00, 0xe1, 0x00,
  0x00, 0x00, 0x28, 0xff, 0x00, 0x00, 0x28, 0xff, 0x00, 0x00, 0x7b, 0x00,
  0x00, 0x00, 0x7b, 0x00, 0x00, 0x00, 0xbc, 0xff, 0x00, 0x00, 0xbc, 0xff,
  0x00, 0x00, 0x6b, 0xff, 0x00, 0x00, 0x6b, 0xff, 0x00, 0x00, 0x9f, 0x00,
  0x00, 0x00, 0x9f, 0x00, 0x00, 0x00, 0x38, 0xff, 0x00, 0x00, 0x38, 0xff,
  0x00, 0x00, 0x16, 0x01, 0x00, 0x00, 0x16, 0x01, 0x00, 0x00, 0x62, 0xff,
  0x00, 0x00, 0x62, 0xff, 0x00, 0x00, 0x2b, 0x00, 0x00, 0x00, 0x2b, 0x00,
  0x00, 0x00, 0x03, 0x00, 0x00, 0x00, 0x03, 0x00, 0x00, 0x00, 0x6e, 0xff,
  0x00, 0x00, 0x6e, 0xff, 0x00, 0x00, 0xb0, 0x00, 0x00, 0x00, 0xb0, 0x00,
  0x00, 0x00, 0x57, 0xff, 0x00, 0x00, 0x57, 0xff, 0x00, 0x00, 0xc0, 0x00,
  0x00, 0x00, 0xc0, 0x00, 0x00, 0x00, 0xa6, 0xff, 0x00, 0x00, 0xa6, 0xff,
  0x00, 0x00, 0x45, 0x00, 0x00, 0x00, 0x45, 0x00, 0x00, 0x00, 0x8e, 0xff,
  0x00, 0x00, 0x8e, 0xff, 0x00, 0x00, 0x34, 0x00, 0x00, 0x00, 0x34, 0x00,
  0x00, 0x00, 0x35, 0x00, 0x00, 0x00, 0x35, 0x00, 0x00, 0x00, 0x16, 0xff,
  0x00, 0x00, 0x16, 0xff, 0x00, 0x00, 0xb5, 0x00, 0x00, 0x00, 0xb5, 0x00,
  0x00, 0x00, 0xd3, 0xff, 0x00, 0x00, 0xd3, 0xff, 0x00, 0x00, 0xe3, 0xff,
  0x00, 0x00, 0xe3, 0xff, 0x00, 0x00, 0xa1, 0x00, 0x00, 0x00, 0xa1, 0x00,
  0x00, 0x00, 0xbe, 0xff, 0x00, 0x00, 0xbe, 0xff, 0x00, 0x00, 0xc9, 0xff,
  0x00, 0x00, 0xc9, 0xff, 0x00, 0x00, 0x90, 0x00, 0x00, 0x00, 0x90, 0x00,
  0x00, 0x00, 0x9f, 0xfe, 0x00, 0x00, 0x9f, 0xfe, 0x00, 0x00, 0x30, 0x01,
  0x00, 0x00, 0x30, 0x01, 0x00, 0x00, 0x79, 0xff, 0x00, 0x00, 0x79, 0xff,
  0x00, 0x00, 0xde, 0xff, 0x00, 0x00, 0xde, 0xff, 0x00, 0x00, 0xa1, 0x00,
  0x00, 0x00, 0xa1, 0x00, 0x00, 0x00, 0x24, 0xff, 0x00, 0x00, 0x24, 0xff,
  0x00, 0x00, 0x79, 0x00, 0x00, 0x00, 0x79, 0x00, 0x00, 0x00, 0xd8, 0xff,
  0x00, 0x00, 0xd8, 0xff, 0x00, 0x00, 0x5a, 0x00, 0x00, 0x00, 0x5a, 0x00,
  0x00, 0x00, 0x37, 0xff, 0x00, 0x00, 0x37, 0xff, 0x00, 0x00, 0x0f, 0x01,
  0x00, 0x00, 0x0f, 0x01, 0x00, 0x00, 0x4d, 0xff, 0x00, 0x00, 0x4d, 0xff,
  0x00, 0x00, 0xa1, 0x00, 0x00, 0x00, 0xa1, 0x00, 0x00, 0x00, 0x99, 0xff,
  0x00, 0x00, 0x99, 0xff, 0x00, 0x00, 0xf2, 0xff, 0x00, 0x00, 0xf2, 0xff,
  0x00, 0x00, 0x6a, 0x00, 0x00, 0x00, 0x6a, 0x00, 0x00, 0x00, 0xa5, 0xfe,
  0x00, 0x00, 0xa5, 0xfe, 0x00, 0x00, 0x86, 0x01, 0x00, 0x00, 0x86, 0x01,
  0x00, 0x00, 0x97, 0xfe, 0x00, 0x00, 0x97, 0xfe, 0x00, 0x00, 0xcd, 0x00,
  0x00, 0x00, 0xcd, 0x00, 0x00, 0x00, 0x1a, 0x00, 0x00, 0x00, 0x1a, 0x00,
  0x00, 0x00, 0xad, 0xff, 0x00, 0x00, 0xad, 0xff, 0x00, 0x00, 0x8a, 0x00,
  0x00, 0x00, 0x8a, 0x00, 0x00, 0x00, 0x3b, 0xff, 0x00, 0x00, 0x3b, 0xff,
  0x00, 0x00, 0xc2, 0x00, 0x00, 0x00, 0xc2, 0x00, 0x00, 0x00, 0x06, 0xff,
  0x00, 0x00, 0x06, 0xff, 0x00, 0x00, 0x73, 0x00, 0x00, 0x00, 0x73, 0x00,
  0x00, 0x00, 0xfb, 0xff, 0x00, 0x00, 0xfb, 0xff, 0x00, 0x00, 0x8b, 0xff,
  0x00, 0x00, 0x8b, 0xff, 0x00, 0x00, 0x7f, 0x00, 0x00, 0x00, 0x7f, 0x00,
  0x00, 0x00, 0x86, 0xff, 0x00, 0x00, 0x86, 0xff, 0x00, 0x00, 0x59, 0x00,
  0x00, 0x00, 0x59, 0x00, 0x00, 0x00, 0x82, 0xff, 0x00, 0x00, 0x82, 0xff,
  0x00, 0x00, 0x88, 0x00, 0x00, 0x00, 0x88, 0x00, 0x00, 0x00, 0xd8, 0xff,
  0x00, 0x00, 0xd8, 0xff, 0x00, 0x00, 0xff, 0xff, 0x00, 0x00, 0xff, 0xff,
  0x00, 0x00, 0x6f, 0x00, 0x00, 0x00, 0x6f, 0x00, 0x00, 0x00, 0x42, 0xff,
  0x00, 0x00, 0x42, 0xff, 0x00, 0x00, 0x92, 0x00, 0x00, 0x00, 0x92, 0x00,
  0x00, 0x00, 0xcf, 0xff, 0x00, 0x00, 0xcf, 0xff, 0x00, 0x00, 0xe4, 0xff,
  0x00, 0x00, 0xe4, 0xff, 0x00, 0x00, 0x38, 0x00, 0x00, 0x00, 0x38, 0x00,
  0x00, 0x00, 0x9c, 0xff, 0x00, 0x00, 0x9c, 0xff, 0x00, 0x00, 0x32, 0x00,
  0x00, 0x00, 0x32, 0x00, 0x00, 0x00, 0x3b, 0x00, 0x00, 0x00, 0x3b, 0x00,
  0x00, 0x00, 0xa4, 0xff, 0x00, 0x00, 0xa4, 0xff, 0x00, 0x00, 0x4b, 0x00,
  0x00, 0x00, 0x4b, 0x00, 0x00, 0x00, 0xe2, 0xff, 0x00, 0x00, 0xe2, 0xff,
  0x00, 0x00, 0x26, 0x00, 0x00, 0x00, 0x26, 0x00, 0x00, 0x00, 0xea, 0xff,
  0x00, 0x00, 0xea, 0xff, 0x00, 0x00, 0x02, 0x00, 0x00, 0x00, 0x02, 0x00,
  0x00, 0x00, 0x45, 0x00, 0x00, 0x00, 0x45, 0x00, 0x00, 0x00, 0x5b, 0xff,
  0x00, 0x00, 0x5b, 0xff, 0x00, 0x00, 0xae, 0x00, 0x00, 0x00, 0xae, 0x00,
  0x00, 0x00, 0xc8, 0xff, 0x00, 0x00, 0xc8, 0xff, 0x00, 0x00, 0xa1, 0xff,
  0x00, 0x00, 0xa1, 0xff, 0x00, 0x00, 0xaf, 0x00, 0x00, 0x00, 0xaf, 0x00,
  0x00, 0x00, 0x9e, 0xff, 0x00, 0x00, 0x9e, 0xff, 0x00, 0x00, 0x91, 0xff,
  0x00, 0x00, 0x91, 0xff, 0x00, 0x00, 0x41, 0x00, 0x00, 0x00, 0x41, 0x00,
  0x00, 0x00, 0x08, 0x00, 0x00, 0x00, 0x08, 0x00, 0x00, 0x00, 0x66, 0xff,
  0x00, 0x00, 0x66, 0xff, 0x00, 0x00, 0x54, 0x00, 0x00, 0x00, 0x54, 0x00,
  0x00, 0x00, 0x4a, 0x00, 0x00, 0x00, 0x4a, 0x00, 0x00, 0x00, 0xbe, 0xff,
  0x00, 0x00, 0xbe, 0xff, 0x00, 0x00, 0x42, 0x00, 0x00, 0x00, 0x42, 0x00,
  0x00, 0x00, 0x10, 0x00, 0x00, 0x00, 0x10, 0x00, 0x00, 0x00, 0xc7, 0xff,
  0x00, 0x00, 0xc7, 0xff, 0x00, 0x00, 0x2b, 0x00, 0x00, 0x00, 0x2b, 0x00,
  0x00, 0x00, 0xc9, 0xff, 0x00, 0x00, 0xc9, 0xff, 0x00, 0x00, 0xfe, 0xff,
  0x00, 0x00, 0xfe, 0xff, 0x00, 0x00, 0x82, 0x00, 0x00, 0x00, 0x82, 0x00,
  0x00, 0x00, 0xfe, 0xfe, 0x00, 0x00, 0xfe, 0xfe, 0x00, 0x00, 0xe9, 0x00,
  0x00, 0x00, 0xe9, 0x00, 0x00, 0x00, 0x96, 0xff, 0x00, 0x00, 0x96, 0xff,
  0x00, 0x00, 0xc3, 0xff, 0x00, 0x00, 0xc3, 0xff, 0x00, 0x00, 0xa3, 0x00,
  0x00, 0x00, 0xa3, 0x00, 0x00, 0x00, 0xea, 0xfe, 0x00, 0x00, 0xea, 0xfe,
  0x00, 0x00, 0xd4, 0x00, 0x00, 0x00, 0xd4, 0x00, 0x00, 0x00, 0x88, 0xff,
  0x00, 0x00, 0x88, 0xff, 0x00, 0x00, 0x2b, 0x00, 0x00, 0x00, 0x2b, 0x00,
  0x00, 0x00, 0x46, 0x00, 0x00, 0x00, 0x46, 0x00, 0x00, 0x00, 0x72, 0xff,
  0x00, 0x00, 0x72, 0xff, 0x00, 0x00, 0x93, 0x00, 0x00, 0x00, 0x93, 0x00,
  0x00, 0x00, 0xbe, 0xff, 0x00, 0x00, 0xbe, 0xff, 0x00, 0x00, 0xa6, 0xff,
  0x00, 0x00, 0xa6, 0xff, 0x00, 0x00, 0x3f, 0x00, 0x00, 0x00, 0x3f, 0x00,
  0x00, 0x00, 0xae, 0xff, 0x00, 0x00, 0xae, 0xff, 0x00, 0x00, 0x7a, 0x00,
  0x00, 0x00, 0x7a, 0x00, 0x00, 0x00, 0x95, 0xff, 0x00, 0x00, 0x95, 0xff,
  0x00, 0x00, 0x83, 0x00, 0x00, 0x00, 0x83, 0x00, 0x00, 0x00, 0xbd, 0xff,
  0x00, 0x00, 0xbd, 0xff, 0x00, 0x00, 0x78, 0xff, 0x00, 0x00, 0x78, 0xff,
  0x00, 0x00, 0x15, 0x01, 0x00, 0x00, 0x15, 0x01, 0x00, 0x00, 0xd3, 0xfe,
  0x00, 0x00, 0xd3, 0xfe, 0x00, 0x00, 0xc1, 0x00, 0x00, 0x00, 0xc1, 0x00,
  0x00, 0x00, 0x5e, 0xff, 0x00, 0x00, 0x5e, 0xff, 0x00, 0x00, 0x33, 0x00,
  0x00, 0x00, 0x33, 0x00, 0x00, 0x00, 0x92, 0x00, 0x00, 0x00, 0x92, 0x00,
  0x00, 0x00, 0x42, 0xff, 0x00, 0x00, 0x42, 0xff, 0x00, 0x00, 0x73, 0x00,
  0x00, 0x00, 0x73, 0x00, 0x00, 0x00, 0xff, 0xff, 0x00, 0x00, 0xff, 0xff,
  0x00, 0x00, 0x2b, 0x00, 0x00, 0x00, 0x2b, 0x00, 0x00, 0x00, 0xa6, 0xff,
  0x00, 0x00, 0xa6, 0xff, 0x00, 0x00, 0x77, 0x00, 0x00, 0x00, 0x77, 0x00,
  0x00, 0x00, 0x99, 0xff, 0x00, 0x00, 0x99, 0xff, 0x00, 0x00, 0xbd, 0x00,
  0x00, 0x00, 0xbd, 0x00, 0x00, 0x00, 0x43, 0xff, 0x00, 0x00, 0x43, 0xff,
  0x00, 0x00, 0x3a, 0x00, 0x00, 0x00, 0x3a, 0x00, 0x00, 0x00, 0x7d, 0x00,
  0x00, 0x00, 0x7d, 0x00, 0x00, 0x00, 0xba, 0xfe, 0x00, 0x00, 0xba, 0xfe,
  0x00, 0x00, 0x41, 0x01, 0x00, 0x00, 0x41, 0x01, 0x00, 0x00, 0x0c, 0xff,
  0x00, 0x00, 0x0c, 0xff, 0x00, 0x00, 0x77, 0x00, 0x00, 0x00, 0x77, 0x00,
  0x00, 0x00, 0xe3, 0xff, 0x00, 0x00, 0xe3, 0xff, 0x00, 0x00, 0xc6, 0xff,
  0x00, 0x00, 0xc6, 0xff, 0x00, 0x00, 0x10, 0x00, 0x00, 0x00, 0x10, 0x00,
  0x00, 0x00, 0xea, 0xff, 0x00, 0x00, 0xea, 0xff, 0x00, 0x00, 0x40, 0x00,
  0x00, 0x00, 0x40, 0x00, 0x00, 0x00, 0x5b, 0xff, 0x00, 0x00, 0x5b, 0xff,
  0x00, 0x00, 0xdf, 0x00, 0x00, 0x00, 0xdf, 0x00, 0x00, 0x00, 0x15, 0xff,
  0x00, 0x00, 0x15, 0xff, 0x00, 0x00, 0x6d, 0x00, 0x00, 0x00, 0x6d, 0x00,
  0x00, 0x00, 0x0b, 0x00, 0x00, 0x00, 0x0b, 0x00, 0x00, 0x00, 0xa7, 0xff,
  0x00, 0x00, 0xa7, 0xff, 0x00, 0x00, 0x7a, 0x00, 0x00, 0x00, 0x7a, 0x00,
  0x00, 0x00, 0x9c, 0xff, 0x00, 0x00, 0x9c, 0xff, 0x00, 0x00, 0x8f, 0x00,
  0x00, 0x00, 0x8f, 0x00, 0x00, 0x00, 0x62, 0xff, 0x00, 0x00, 0x62, 0xff,
  0x00, 0x00, 0x17, 0x00, 0x00, 0x00, 0x17, 0x00, 0x00, 0x00, 0x22, 0x00,
  0x00, 0x00, 0x22, 0x00, 0x00, 0x00, 0xcb, 0xff, 0x00, 0x00, 0xcb, 0xff,
  0x00, 0x00, 0xff, 0xff, 0x00, 0x00, 0xff, 0xff, 0x00, 0x00, 0xd9, 0xff,
  0x00, 0x00, 0xd9, 0xff, 0x00, 0x00, 0x3d, 0x00, 0x00, 0x00, 0x3d, 0x00,
  0x00, 0x00, 0xbf, 0xff, 0x00, 0x00, 0xbf, 0xff, 0x00, 0x00, 0x2d, 0x00,
  0x00, 0x00, 0x2d, 0x00, 0x00, 0x00, 0xdf, 0xff, 0x00, 0x00, 0xdf, 0xff,
  0x00, 0x00, 0x90, 0x00, 0x00, 0x00, 0x90, 0x00, 0x00, 0x00, 0xba, 0xff,
  0x00, 0x00, 0xba, 0xff, 0x00, 0x00, 0x7e, 0xff, 0x00, 0x00, 0x7e, 0xff,
  0x00, 0x00, 0x9d, 0x00, 0x00, 0x00, 0x9d, 0x00, 0x00, 0x00, 0xbe, 0xff,
  0x00, 0x00, 0xbe, 0xff, 0x00, 0x00, 0xc7, 0xff, 0x00, 0x00, 0xc7, 0xff,
  0x00, 0x00, 0x5a, 0x00, 0x00, 0x00, 0x5a, 0x00, 0x00, 0x00, 0xed, 0xff,
  0x00, 0x00, 0xed, 0xff, 0x00, 0x00, 0xc4, 0xff, 0x00, 0x00, 0xc4, 0xff,
  0x00, 0x00, 0x57, 0x00, 0x00, 0x00, 0x57, 0x00, 0x00, 0x00, 0x11, 0x00,
  0x00, 0x00, 0x11, 0x00, 0x00, 0x00, 0xf9, 0xff, 0x00, 0x00, 0xf9, 0xff,
  0x00, 0x00, 0x8a, 0xff, 0x00, 0x00, 0x8a, 0xff, 0x00, 0x00, 0x7c, 0x00,
  0x00, 0x00, 0x7c, 0x00, 0x00, 0x00, 0x85, 0xff, 0x00, 0x00, 0x85, 0xff,
  0x00, 0x00, 0xb1, 0xff, 0x00, 0x00, 0xb1, 0xff, 0x00, 0x00, 0xe8, 0x00,
  0x00, 0x00, 0xe8, 0x00, 0x00, 0x00, 0xe9, 0xfe, 0x00, 0x00, 0xe9, 0xfe,
  0x00, 0x00, 0xfa, 0x00, 0x00, 0x00, 0xfa, 0x00, 0x00, 0x00, 0x2d, 0xff,
  0x00, 0x00, 0x2d, 0xff, 0x00, 0x00, 0x54, 0x00, 0x00, 0x00, 0x54, 0x00,
  0x00, 0x00, 0x90, 0x00, 0x00, 0x00, 0x90, 0x00, 0x00, 0x00, 0xc7, 0xfe,
  0x00, 0x00, 0xc7, 0xfe, 0x00, 0x00, 0x3c, 0x01, 0x00, 0x00, 0x3c, 0x01,
  0x00, 0x00, 0x68, 0xff, 0x00, 0x00, 0x68, 0xff, 0x00, 0x00, 0x2c, 0x00,
  0x00, 0x00, 0x2c, 0x00, 0x00, 0x00, 0xb7, 0xff, 0x00, 0x00, 0xb7, 0xff,
  0x00, 0x00, 0xca, 0x00, 0x00, 0x00, 0xca, 0x00, 0x00, 0x00, 0x26, 0xff,
  0x00, 0x00, 0x26, 0xff, 0x00, 0x00, 0x23, 0x00, 0x00, 0x00, 0x23, 0x00,
  0x00, 0x00, 0x4a, 0x00, 0x00, 0x00, 0x4a, 0x00, 0x00, 0x00, 0xdf, 0xfe,
  0x00, 0x00, 0xdf, 0xfe, 0x00, 0x00, 0x5e, 0x01, 0x00, 0x00, 0x5e, 0x01,
  0x00, 0x00, 0x23, 0xff, 0x00, 0x00, 0x23, 0xff, 0x00, 0x00, 0x98, 0x00,
  0x00, 0x00, 0x98, 0x00, 0x00, 0x00, 0x34, 0x00, 0x00, 0x00, 0x34, 0x00,
  0x00, 0x00, 0xb4, 0xff, 0x00, 0x00, 0xb4, 0xff, 0x00, 0x00, 0x39, 0x00,
  0x00, 0x00, 0x39, 0x00, 0x00, 0x00, 0x24, 0x00, 0x00, 0x00, 0x24, 0x00,
  0x00, 0x00, 0x50, 0xff, 0x00, 0x00, 0x50, 0xff, 0x00, 0x00, 0x2e, 0x00,
  0x00, 0x00, 0x2e, 0x00, 0x00, 0x00, 0x13, 0x00, 0x00, 0x00, 0x13, 0x00,
  0x00, 0x00, 0x93, 0xff, 0x00, 0x00, 0x93, 0xff, 0x00, 0x00, 0x71, 0x00,
  0x00, 0x00, 0x71, 0x00, 0x00, 0x00, 0x7e, 0xff, 0x00, 0x00, 0x7e, 0xff,
  0x00, 0x00, 0x3d, 0x00, 0x00, 0x00, 0x3d, 0x00, 0x00, 0x00, 0xe0, 0xff,
  0x00, 0x00, 0xe0, 0xff, 0x00, 0x00, 0x44, 0x00, 0x00, 0x00, 0x44, 0x00,
  0x00, 0x00, 0xaa, 0xff, 0x00, 0x00, 0xaa, 0xff, 0x00, 0x00, 0x5a, 0x00,
  0x00, 0x00, 0x5a, 0x00, 0x00, 0x00, 0xc2, 0xff, 0x00, 0x00, 0xc2, 0xff,
  0x00, 0x00, 0xc7, 0xff, 0x00, 0x00, 0xc7, 0xff, 0x00, 0x00, 0x45, 0x00,
  0x00, 0x00, 0x45, 0x00, 0x00, 0x00, 0xf3, 0xff, 0x00, 0x00, 0xf3, 0xff,
  0x00, 0x00, 0xe6, 0xff, 0x00, 0x00, 0xe6, 0xff, 0x00, 0x00, 0xde, 0xff,
  0x00, 0x00, 0xde, 0xff, 0x00, 0x00, 0x1e, 0x00, 0x00, 0x00, 0x1e, 0x00,
  0x00, 0x00, 0xb0, 0xff, 0x00, 0x00, 0xb0, 0xff, 0x00, 0x00, 0x68, 0x00,
  0x00, 0x00, 0x68, 0x00, 0x00, 0x00, 0xa4, 0xff, 0x00, 0x00, 0xa4, 0xff,
  0x00, 0x00, 0x4d, 0x00, 0x00, 0x00, 0x4d, 0x00, 0x00, 0x00, 0x98, 0xff,
  0x00, 0x00, 0x98, 0xff, 0x00, 0x00, 0x86, 0x00, 0x00, 0x00, 0x86, 0x00,
  0x00, 0x00, 0x00, 0x00, 0x00, 0x00, 0x00, 0x00, 0x00, 0x00, 0xda, 0xff,
  0x00, 0x00, 0xda, 0xff, 0x00, 0x00, 0x80, 0x00, 0x00, 0x00, 0x80, 0x00,
  0x00, 0x00, 0x90, 0xff, 0x00, 0x00, 0x90, 0xff, 0x00, 0x00, 0x3a, 0x00,
  0x00, 0x00, 0x3a, 0x00, 0x00, 0x00, 0xab, 0xff, 0x00, 0x00, 0xab, 0xff,
  0x00, 0x00, 0x33, 0x00, 0x00, 0x00, 0x33, 0x00, 0x00, 0x00, 0x0d, 0x00,
  0x00, 0x00, 0x0d, 0x00, 0x00, 0x00, 0xff, 0xff, 0x00, 0x00, 0xff, 0xff,
  0x00, 0x00, 0xbb, 0xff, 0x00, 0x00, 0xbb, 0xff, 0x00, 0x00, 0x6d, 0x00,
  0x00, 0x00, 0x6d, 0x00, 0x00, 0x00, 0xd9, 0xff, 0x00, 0x00, 0xd9, 0xff,
  0x00, 0x00, 0xbb, 0xff, 0x00, 0x00, 0xbb, 0xff, 0x00, 0x00, 0x31, 0x00,
  0x00, 0x00, 0x31, 0x00, 0x00, 0x00, 0xe2, 0xff, 0x00, 0x00, 0xe2, 0xff,
  0x00, 0x00, 0xad, 0xff, 0x00, 0x00, 0xad, 0xff, 0x00, 0x00, 0x60, 0x00,
  0x00, 0x00, 0x60, 0x00, 0x00, 0x00, 0xfb, 0xff, 0x00, 0x00, 0xfb, 0xff,
  0x00, 0x00, 0x35, 0xff, 0x00, 0x00, 0x35, 0xff, 0x00, 0x00, 0x24, 0x01,
  0x00, 0x00, 0x24, 0x01, 0x00, 0x00, 0xc1, 0xfe, 0x00, 0x00, 0xc1, 0xfe,
  0x00, 0x00, 0xc0, 0x00, 0x00, 0x00, 0xc0, 0x00, 0x00, 0x00, 0x11, 0x00,
  0x00, 0x00, 0x11, 0x00, 0x00, 0x00, 0x77, 0xff, 0x00, 0x00, 0x77, 0xff,
  0x00, 0x00, 0xc6, 0x00, 0x00, 0x00, 0xc6, 0x00, 0x00, 0x00, 0x4f, 0xff,
  0x00, 0x00, 0x4f, 0xff, 0x00, 0x00, 0x66, 0x00, 0x00, 0x00, 0x66, 0x00,
  0x00, 0x00, 0x6c, 0xff, 0x00, 0x00, 0x6c, 0xff, 0x00, 0x00, 0xc0, 0x00,
  0x00, 0x00, 0xc0, 0x00, 0x00, 0x00, 0x11, 0xff, 0x00, 0x00, 0x11, 0xff,
  0x00, 0x00, 0x80, 0x00, 0x00, 0x00, 0x80, 0x00, 0x00, 0x00, 0xfd, 0xff,
  0x00, 0x00, 0xfd, 0xff, 0x00, 0x00, 0x5b, 0xff, 0x00, 0x00, 0x5b, 0xff,
  0x00, 0x00, 0x51, 0x01, 0x00, 0x00, 0x51, 0x01, 0x00, 0x00, 0x0a, 0xff,
  0x00, 0x00, 0x0a, 0xff, 0x00, 0x00, 0x77, 0x00, 0x00, 0x00, 0x77, 0x00,
  0x00, 0x00, 0x00, 0x00, 0x00, 0x00, 0x00, 0x00, 0x00, 0x00, 0xc1, 0xff,
  0x00, 0x00, 0xc1, 0xff, 0x00, 0x00, 0x4e, 0x00, 0x00, 0x00, 0x4e, 0x00,
  0x00, 0x00, 0x3e, 0xff, 0x00, 0x00, 0x3e, 0xff, 0x00, 0x00, 0xa9, 0x00,
  0x00, 0x00, 0xa9, 0x00, 0x00, 0x00, 0x73, 0xff, 0x00, 0x00, 0x73, 0xff,
  0x00, 0x00, 0x1e, 0x00, 0x00, 0x00, 0x1e, 0x00, 0x00, 0x00, 0x94, 0x00,
  0x00, 0x00, 0x94, 0x00, 0x00, 0x00, 0x14, 0xff, 0x00, 0x00, 0x14, 0xff,
  0x00, 0x00, 0x06, 0x01, 0x00, 0x00, 0x06, 0x01, 0x00, 0x00, 0x7d, 0xff,
  0x00, 0x00, 0x7d, 0xff, 0x00, 0x00, 0x4d, 0x00, 0x00, 0x00, 0x4d, 0x00,
  0x00, 0x00, 0x0a, 0x00, 0x00, 0x00, 0x0a, 0x00, 0x00, 0x00, 0xc7, 0xff,
  0x00, 0x00, 0xc7, 0xff, 0x00, 0x00, 0x12, 0x00, 0x00, 0x00, 0x12, 0x00,
  0x00, 0x00, 0x9a, 0xff, 0x00, 0x00, 0x9a, 0xff, 0x00, 0x00, 0x64, 0x00,
  0x00, 0x00, 0x64, 0x00, 0x00, 0x00, 0xa8, 0xff, 0x00, 0x00, 0xa8, 0xff,
  0x00, 0x00, 0x4d, 0x00, 0x00, 0x00, 0x4d, 0x00, 0x00, 0x00, 0xcf, 0xff,
  0x00, 0x00, 0xcf, 0xff, 0x00, 0x00, 0xdd, 0xff, 0x00, 0x00, 0xdd, 0xff,
  0x00, 0x00, 0x1b, 0x00, 0x00, 0x00, 0x1b, 0x00, 0x00, 0x00, 0xb3, 0xff,
  0x00, 0x00, 0xb3, 0xff, 0x00, 0x00, 0x3b, 0x00, 0x00, 0x00, 0x3b, 0x00,
  0x00, 0x00, 0x28, 0x00, 0x00, 0x00, 0x28, 0x00, 0x00, 0x00, 0x7d, 0xff,
  0x00, 0x00, 0x7d, 0xff, 0x00, 0x00, 0xe0, 0x00, 0x00, 0x00, 0xe0, 0x00,
  0x00, 0x00, 0x49, 0xff, 0x00, 0x00, 0x49, 0xff, 0x00, 0x00, 0x37, 0x00,
  0x00, 0x00, 0x37, 0x00, 0x00, 0x00, 0x3e, 0x00, 0x00, 0x00, 0x3e, 0x00,
  0x00, 0x00, 0xac, 0xfe, 0x00, 0x00, 0xac, 0xfe, 0x00, 0x00, 0x82, 0x01,
  0x00, 0x00, 0x82, 0x01, 0x00, 0x00, 0xd9, 0xfe, 0x00, 0x00, 0xd9, 0xfe,
  0x00, 0x00, 0x6d, 0x00, 0x00, 0x00, 0x6d, 0x00, 0x00, 0x00, 0xd1, 0x00,
  0x00, 0x00, 0xd1, 0x00, 0x00, 0x00, 0xfb, 0xfe, 0x00, 0x00, 0xfb, 0xfe,
  0x00, 0x00, 0xe4, 0x00, 0x00, 0x00, 0xe4, 0x00, 0x00, 0x00, 0x72, 0xff,
  0x00, 0x00, 0x72, 0xff, 0x00, 0x00, 0xf0, 0xff, 0x00, 0x00, 0xf0, 0xff,
  0x00, 0x00, 0x49, 0x00, 0x00, 0x00, 0x49, 0x00, 0x00, 0x00, 0xb1, 0xff,
  0x00, 0x00, 0xb1, 0xff, 0x00, 0x00, 0xe9, 0xff, 0x00, 0x00, 0xe9, 0xff,
  0x00, 0x00, 0x4a, 0x00, 0x00, 0x00, 0x4a, 0x00, 0x00, 0x00, 0xe7, 0xff,
  0x00, 0x00, 0xe7, 0xff, 0x00, 0x00, 0x0f, 0x00, 0x00, 0x00, 0x0f, 0x00,
  0x00, 0x00, 0xf0, 0xff, 0x00, 0x00, 0xf0, 0xff, 0x00, 0x00, 0xdf, 0xff,
  0x00, 0x00, 0xdf, 0xff, 0x00, 0x00, 0xd7, 0xff, 0x00, 0x00, 0xd7, 0xff,
  0x00, 0x00, 0x20, 0x00, 0x00, 0x00, 0x20, 0x00, 0x00, 0x00, 0x8f, 0xff,
  0x00, 0x00, 0x8f, 0xff, 0x00, 0x00, 0x6d, 0x00, 0x00, 0x00, 0x6d, 0x00,
  0x00, 0x00, 0x56, 0x00, 0x00, 0x00, 0x56, 0x00, 0x00, 0x00, 0x0e, 0xff,
  0x00, 0x00, 0x0e, 0xff, 0x00, 0x00, 0xc6, 0x00, 0x00, 0x00, 0xc6, 0x00,
  0x00, 0x00, 0x99, 0xff, 0x00, 0x00, 0x99, 0xff, 0x00, 0x00, 0xff, 0xff,
  0x00, 0x00, 0xff, 0xff, 0x00, 0x00, 0x3a, 0x00, 0x00, 0x00, 0x3a, 0x00,
  0x00, 0x00, 0xd1, 0xff, 0x00, 0x00, 0xd1, 0xff, 0x00, 0x00, 0x42, 0x00,
  0x00, 0x00, 0x42, 0x00, 0x00, 0x00, 0xea, 0xff, 0x00, 0x00, 0xea, 0xff,
  0x00, 0x00, 0xec, 0xff, 0x00, 0x00, 0xec, 0xff, 0x00, 0x00, 0x79, 0x00,
  0x00, 0x00, 0x79, 0x00, 0x00, 0x00, 0xce, 0xff, 0x00, 0x00, 0xce, 0xff,
  0x00, 0x00, 0xcf, 0xff, 0x00, 0x00, 0xcf, 0xff, 0x00, 0x00, 0xe5, 0xff,
  0x00, 0x00, 0xe5, 0xff, 0x00, 0x00, 0x2d, 0x00, 0x00, 0x00, 0x2d, 0x00,
  0x00, 0x00, 0xc7, 0xff, 0x00, 0x00, 0xc7, 0xff, 0x00, 0x00, 0x19, 0x00,
  0x00, 0x00, 0x19, 0x00, 0x00, 0x00, 0x13, 0x00, 0x00, 0x00, 0x13, 0x00,
  0x00, 0x00, 0x9e, 0xff, 0x00, 0x00, 0x9e, 0xff, 0x00, 0x00, 0x7b, 0x00,
  0x00, 0x00, 0x7b, 0x00, 0x00, 0x00, 0x6e, 0xff, 0x00, 0x00, 0x6e, 0xff,
  0x00, 0x00, 0x63, 0x00, 0x00, 0x00, 0x63, 0x00, 0x00, 0x00, 0xdb, 0xff,
  0x00, 0x00, 0xdb, 0xff, 0x00, 0x00, 0x5c, 0x00, 0x00, 0x00, 0x5c, 0x00,
  0x00, 0x00, 0xb2, 0xff, 0x00, 0x00, 0xb2, 0xff, 0x00, 0x00, 0x51, 0x00,
  0x00, 0x00, 0x51, 0x00, 0x00, 0x00, 0xb4, 0xff, 0x00, 0x00, 0xb4, 0xff,
  0x00, 0x00, 0x78, 0xff, 0x00, 0x00, 0x78, 0xff, 0x00, 0x00, 0xf6, 0x00,
  0x00, 0x00, 0xf6, 0x00, 0x00, 0x00, 0x92, 0xfe, 0x00, 0x00, 0x92, 0xfe,
  0x00, 0x00, 0x41, 0x01, 0x00, 0x00, 0x41, 0x01, 0x00, 0x00, 0x6a, 0xff,
  0x00, 0x00, 0x6a, 0xff, 0x00, 0x00, 0xed, 0xff, 0x00, 0x00, 0xed, 0xff,
  0x00, 0x00, 0xba, 0x00, 0x00, 0x00, 0xba, 0x00, 0x00, 0x00, 0x09, 0xff,
  0x00, 0x00, 0x09, 0xff, 0x00, 0x00, 0xe5, 0x00, 0x00, 0x00, 0xe5, 0x00,
  0x00, 0x00, 0x3e, 0xff, 0x00, 0x00, 0x3e, 0xff, 0x00, 0x00, 0x81, 0x00,
  0x00, 0x00, 0x81, 0x00, 0x00, 0x00, 0xb6, 0xff, 0x00, 0x00, 0xb6, 0xff,
  0x00, 0x00, 0x1c, 0x00, 0x00, 0x00, 0x1c, 0x00, 0x00, 0x00, 0x21, 0x00,
  0x00, 0x00, 0x21, 0x00, 0x00, 0x00, 0x78, 0xff, 0x00, 0x00, 0x78, 0xff,
  0x00, 0x00, 0x87, 0x00, 0x00, 0x00, 0x87, 0x00, 0x00, 0x00, 0xa6, 0xff,
  0x00, 0x00, 0xa6, 0xff, 0x00, 0x00, 0x1b, 0x00, 0x00, 0x00, 0x1b, 0x00,
  0x00, 0x00, 0x19, 0x00, 0x00, 0x00, 0x19, 0x00, 0x00, 0x00, 0x0f, 0x00,
  0x00, 0x00, 0x0f, 0x00, 0x00, 0x00, 0x7a, 0xff, 0x00, 0x00, 0x7a, 0xff,
  0x00, 0x00, 0xbf, 0x00, 0x00, 0x00, 0xbf, 0x00, 0x00, 0x00, 0x6b, 0xff,
  0x00, 0x00, 0x6b, 0xff, 0x00, 0x00, 0x07, 0x00, 0x00, 0x00, 0x07, 0x00,
  0x00, 0x00, 0x69, 0x00, 0x00, 0x00, 0x69, 0x00, 0x00, 0x00, 0x58, 0xff,
  0x00, 0x00, 0x58, 0xff, 0x00, 0x00, 0x7d, 0x00, 0x00, 0x00, 0x7d, 0x00,
  0x00, 0x00, 0xa6, 0xff, 0x00, 0x00, 0xa6, 0xff, 0x00, 0x00, 0xe6, 0xff,
  0x00, 0x00, 0xe6, 0xff, 0x00, 0x00, 0x53, 0x00, 0x00, 0x00, 0x53, 0x00,
  0x00, 0x00, 0xeb, 0xff, 0x00, 0x00, 0xeb, 0xff, 0x00, 0x00, 0x64, 0xff,
  0x00, 0x00, 0x64, 0xff, 0x00, 0x00, 0x01, 0x01, 0x00, 0x00, 0x01, 0x01,
  0x00, 0x00, 0x8a, 0xff, 0x00, 0x00, 0x8a, 0xff, 0x00, 0x00, 0xd7, 0xff,
  0x00, 0x00, 0xd7, 0xff, 0x00, 0x00, 0x7e, 0x00, 0x00, 0x00, 0x7e, 0x00,
  0x00, 0x00, 0x8e, 0xff, 0x00, 0x00, 0x8e, 0xff, 0x00, 0x00, 0xe4, 0xff,
  0x00, 0x00, 0xe4, 0xff, 0x00, 0x00, 0x1f, 0x00, 0x00, 0x00, 0x1f, 0x00,
  0x00, 0x00, 0x5c, 0x00, 0x00, 0x00, 0x5c, 0x00, 0x00, 0x00, 0x94, 0xff,
  0x00, 0x00, 0x94, 0xff, 0x00, 0x00, 0x99, 0x00, 0x00, 0x00, 0x99, 0x00,
  0x00, 0x00, 0x48, 0xff, 0x00, 0x00, 0x48, 0xff, 0x00, 0x00, 0x99, 0x00,
  0x00, 0x00, 0x99, 0x00, 0x00, 0x00, 0xd6, 0xff, 0x00, 0x00, 0xd6, 0xff,
  0x00, 0x00, 0x8d, 0xff, 0x00, 0x00, 0x8d, 0xff, 0x00, 0x00, 0xf9, 0x00,
  0x00, 0x00, 0xf9, 0x00, 0x00, 0x00, 0xfc, 0xfe, 0x00, 0x00, 0xfc, 0xfe,
  0x00, 0x00, 0x06, 0x01, 0x00, 0x00, 0x06, 0x01, 0x00, 0x00, 0xe1, 0xfe,
  0x00, 0x00, 0xe1, 0xfe, 0x00, 0x00, 0x7c, 0x00, 0x00, 0x00, 0x7c, 0x00,
  0x00, 0x00, 0xc6, 0xff, 0x00, 0x00, 0xc6, 0xff, 0x00, 0x00, 0x1c, 0xff,
  0x00, 0x00, 0x1c, 0xff, 0x00, 0x00, 0x8e, 0x01, 0x00, 0x00, 0x8e, 0x01,
  0x00, 0x00, 0x86, 0xfe, 0x00, 0x00, 0x86, 0xfe, 0x00, 0x00, 0x58, 0x01,
  0x00, 0x00, 0x58, 0x01, 0x00, 0x00, 0x50, 0xff, 0x00, 0x00, 0x50, 0xff,
  0x00, 0x00, 0xe9, 0xff, 0x00, 0x00, 0xe9, 0xff, 0x00, 0x00, 0xb1, 0x00,
  0x00, 0x00, 0xb1, 0x00, 0x00, 0x00, 0x38, 0xff, 0x00, 0x00, 0x38, 0xff,
  0x00, 0x00, 0x95, 0x00, 0x00, 0x00, 0x95, 0x00, 0x00, 0x00, 0x8a, 0xff,
  0x00, 0x00, 0x8a, 0xff, 0x00, 0x00, 0x06, 0x00, 0x00, 0x00, 0x06, 0x00,
  0x00, 0x00, 0xc0, 0xff, 0x00, 0x00, 0xc0, 0xff, 0x00, 0x00, 0x6b, 0x00,
  0x00, 0x00, 0x6b, 0x00, 0x00, 0x00, 0x60, 0xff, 0x00, 0x00, 0x60, 0xff,
  0x00, 0x00, 0x51, 0x00, 0x00, 0x00, 0x51, 0x00, 0x00, 0x00, 0x2c, 0x00,
  0x00, 0x00, 0x2c, 0x00, 0x00, 0x00, 0x8f, 0xff, 0x00, 0x00, 0x8f, 0xff,
  0x00, 0x00, 0x81, 0x00, 0x00, 0x00, 0x81, 0x00, 0x00, 0x00, 0xa6, 0xff,
  0x00, 0x00, 0xa6, 0xff, 0x00, 0x00, 0xae, 0x00, 0x00, 0x00, 0xae, 0x00,
  0x00, 0x00, 0x76, 0xff, 0x00, 0x00, 0x76, 0xff, 0x00, 0x00, 0x68, 0x00,
  0x00, 0x00, 0x68, 0x00, 0x00, 0x00, 0x0c, 0x00, 0x00, 0x00, 0x0c, 0x00,
  0x00, 0x00, 0xa5, 0xff, 0x00, 0x00, 0xa5, 0xff, 0x00, 0x00, 0x44, 0x00,
  0x00, 0x00, 0x44, 0x00, 0x00, 0x00, 0x6f, 0xff, 0x00, 0x00, 0x6f, 0xff,
  0x00, 0x00, 0x60, 0x00, 0x00, 0x00, 0x60, 0x00, 0x00, 0x00, 0x82, 0xff,
  0x00, 0x00, 0x82, 0xff, 0x00, 0x00, 0x56, 0x00, 0x00, 0x00, 0x56, 0x00,
  0x00, 0x00, 0xb9, 0xff, 0x00, 0x00, 0xb9, 0xff, 0x00, 0x00, 0x2d, 0x00,
  0x00, 0x00, 0x2d, 0x00, 0x00, 0x00, 0x2c, 0x00, 0x00, 0x00, 0x2c, 0x00,
  0x00, 0x00, 0xb0, 0xff, 0x00, 0x00, 0xb0, 0xff, 0x00, 0x00, 0x84, 0x00,
  0x00, 0x00, 0x84, 0x00, 0x00, 0x00, 0x47, 0xff, 0x00, 0x00, 0x47, 0xff,
  0x00, 0x00, 0x96, 0x00, 0x00, 0x00, 0x96, 0x00, 0x00, 0x00, 0x93, 0xff,
  0x00, 0x00, 0x93, 0xff, 0x00, 0x00, 0x1b, 0x00, 0x00, 0x00, 0x1b, 0x00,
  0x00, 0x00, 0x47, 0x00, 0x00, 0x00, 0x47, 0x00, 0x00, 0x00, 0xb4, 0xff,
  0x00, 0x00, 0xb4, 0xff, 0x00, 0x00, 0x59, 0x00, 0x00, 0x00, 0x59, 0x00,
  0x00, 0x00, 0x58, 0xff, 0x00, 0x00, 0x58, 0xff, 0x00, 0x00, 0x81, 0x00,
  0x00, 0x00, 0x81, 0x00, 0x00, 0x00, 0x8e, 0xff, 0x00, 0x00, 0x8e, 0xff,
  0x00, 0x00, 0x11, 0x00, 0x00, 0x00, 0x11, 0x00, 0x00, 0x00, 0x2b, 0x00,
  0x00, 0x00, 0x2b, 0x00, 0x00, 0x00, 0x9b, 0xff, 0x00, 0x00, 0x9b, 0xff,
  0x00, 0x00, 0xe6, 0x00, 0x00, 0x00, 0xe6, 0x00, 0x00, 0x00, 0x2a, 0xff,
  0x00, 0x00, 0x2a, 0xff, 0x00, 0x00, 0x53, 0x00, 0x00, 0x00, 0x53, 0x00,
  0x00, 0x00, 0xb8, 0x00, 0x00, 0x00, 0xb8, 0x00, 0x00, 0x00, 0x97, 0xfe,
  0x00, 0x00, 0x97, 0xfe, 0x00, 0x00, 0x38, 0x01, 0x00, 0x00, 0x38, 0x01,
  0x00, 0x00, 0x3f, 0xff, 0x00, 0x00, 0x3f, 0xff, 0x00, 0x00, 0x21, 0x00,
  0x00, 0x00, 0x21, 0x00, 0x00, 0x00, 0x56, 0x00, 0x00, 0x00, 0x56, 0x00,
  0x00, 0x00, 0xdf, 0xfe, 0x00, 0x00, 0xdf, 0xfe, 0x00, 0x00, 0x52, 0x01,
  0x00, 0x00, 0x52, 0x01, 0x00, 0x00, 0x31, 0xff, 0x00, 0x00, 0x31, 0xff,
  0x00, 0x00, 0x46, 0x00, 0x00, 0x00, 0x46, 0x00, 0x00, 0x00, 0x00, 0x00,
  0x00, 0x00, 0x00, 0x00, 0x00, 0x00, 0xdd, 0xff, 0x00, 0x00, 0xdd, 0xff,
  0x00, 0x00, 0x49, 0x00, 0x00, 0x00, 0x49, 0x00, 0x00, 0x00, 0x87, 0xff,
  0x00, 0x00, 0x87, 0xff, 0x00, 0x00, 0x45, 0x00, 0x00, 0x00, 0x45, 0x00,
  0x00, 0x00, 0xfa, 0xff, 0x00, 0x00, 0xfa, 0xff, 0x00, 0x00, 0x5e, 0xff,
  0x00, 0x00, 0x5e, 0xff, 0x00, 0x00, 0xb8, 0x00, 0x00, 0x00, 0xb8, 0x00,
  0x00, 0x00, 0x7b, 0xff, 0x00, 0x00, 0x7b, 0xff, 0x00, 0x00, 0x30, 0x00,
  0x00, 0x00, 0x30, 0x00, 0x00, 0x00, 0x83, 0x00, 0x00, 0x00, 0x83, 0x00,
  0x00, 0x00, 0x31, 0xff, 0x00, 0x00, 0x31, 0xff, 0x00, 0x00, 0xd0, 0x00,
  0x00, 0x00, 0xd0, 0x00, 0x00, 0x00, 0xd0, 0xff, 0x00, 0x00, 0xd0, 0xff,
  0x00, 0x00, 0xb7, 0xff, 0x00, 0x00, 0xb7, 0xff, 0x00, 0x00, 0x14, 0x00,
  0x00, 0x00, 0x14, 0x00, 0x00, 0x00, 0x63, 0x00, 0x00, 0x00, 0x63, 0x00,
  0x00, 0x00, 0xf6, 0xfe, 0x00, 0x00, 0xf6, 0xfe, 0x00, 0x00, 0xf9, 0x00,
  0x00, 0x00, 0xf9, 0x00, 0x00, 0x00, 0x50, 0xff, 0x00, 0x00, 0x50, 0xff,
  0x00, 0x00, 0x18, 0x00, 0x00, 0x00, 0x18, 0x00, 0x00, 0x00, 0x87, 0x00,
  0x00, 0x00, 0x87, 0x00, 0x00, 0x00, 0x2e, 0xff, 0x00, 0x00, 0x2e, 0xff,
  0x00, 0x00, 0xeb, 0x00, 0x00, 0x00, 0xeb, 0x00, 0x00, 0x00, 0x08, 0xff,
  0x00, 0x00, 0x08, 0xff, 0x00, 0x00, 0xf0, 0x00, 0x00, 0x00, 0xf0, 0x00,
  0x00, 0x00, 0x40, 0xff, 0x00, 0x00, 0x40, 0xff, 0x00, 0x00, 0x79, 0x00,
  0x00, 0x00, 0x79, 0x00, 0x00, 0x00, 0xee, 0xff, 0x00, 0x00, 0xee, 0xff,
  0x00, 0x00, 0xbf, 0xff, 0x00, 0x00, 0xbf, 0xff, 0x00, 0x00, 0x74, 0x00,
  0x00, 0x00, 0x74, 0x00, 0x00, 0x00, 0x40, 0xff, 0x00, 0x00, 0x40, 0xff,
  0x00, 0x00, 0x9d, 0x00, 0x00, 0x00, 0x9d, 0x00, 0x00, 0x00, 0x33, 0xff,
  0x00, 0x00, 0x33, 0xff, 0x00, 0x00, 0x73, 0x00, 0x00, 0x00, 0x73, 0x00,
  0x00, 0x00, 0xed, 0xff, 0x00, 0x00, 0xed, 0xff, 0x00, 0x00, 0xd4, 0xff,
  0x00, 0x00, 0xd4, 0xff, 0x00, 0x00, 0x41, 0x00, 0x00, 0x00, 0x41, 0x00,
  0x00, 0x00, 0xca, 0xff, 0x00, 0x00, 0xca, 0xff, 0x00, 0x00, 0x32, 0x00,
  0x00, 0x00, 0x32, 0x00, 0x00, 0x00, 0xca, 0xff, 0x00, 0x00, 0xca, 0xff,
  0x00, 0x00, 0x44, 0x00, 0x00, 0x00, 0x44, 0x00, 0x00, 0x00, 0xf0, 0xff,
  0x00, 0x00, 0xf0, 0xff, 0x00, 0x00, 0x03, 0x00, 0x00, 0x00, 0x03, 0x00,
  0x00, 0x00, 0xf5, 0xff, 0x00, 0x00, 0xf5, 0xff, 0x00, 0x00, 0xe5, 0xff,
  0x00, 0x00, 0xe5, 0xff, 0x00, 0x00, 0x36, 0x00, 0x00, 0x00, 0x36, 0x00,
  0x00, 0x00, 0xb9, 0xff, 0x00, 0x00, 0xb9, 0xff, 0x00, 0x00, 0x5b, 0x00,
  0x00, 0x00, 0x5b, 0x00, 0x00, 0x00, 0xac, 0xff, 0x00, 0x00, 0xac, 0xff,
  0x00, 0x00, 0x3c, 0x00, 0x00, 0x00, 0x3c, 0x00, 0x00, 0x00, 0x32, 0x00,
  0x00, 0x00, 0x32, 0x00, 0x00, 0x00, 0x51, 0xff, 0x00, 0x00, 0x51, 0xff,
  0x00, 0x00, 0x9b, 0x00, 0x00, 0x00, 0x9b, 0x00, 0x00, 0x00, 0xb4, 0xff,
  0x00, 0x00, 0xb4, 0xff, 0x00, 0x00, 0xf2, 0xff, 0x00, 0x00, 0xf2, 0xff,
  0x00, 0x00, 0x52, 0x00, 0x00, 0x00, 0x52, 0x00, 0x00, 0x00, 0xb7, 0xff,
  0x00, 0x00, 0xb7, 0xff, 0x00, 0x00, 0xed, 0xff, 0x00, 0x00, 0xed, 0xff,
  0x00, 0x00, 0x28, 0x00, 0x00, 0x00, 0x28, 0x00, 0x00, 0x00, 0xb3, 0xff,
  0x00, 0x00, 0xb3, 0xff, 0x00, 0x00, 0xda, 0xff, 0x00, 0x00, 0xda, 0xff,
  0x00, 0x00, 0x94, 0x00, 0x00, 0x00, 0x94, 0x00, 0x00, 0x00, 0x5f, 0xff,
  0x00, 0x00, 0x5f, 0xff, 0x00, 0x00, 0x3e, 0x00, 0x00, 0x00, 0x3e, 0x00,
  0x00, 0x00, 0x3d, 0x00, 0x00, 0x00, 0x3d, 0x00, 0x00, 0x00, 0x4d, 0xff,
  0x00, 0x00, 0x4d, 0xff, 0x00, 0x00, 0xbb, 0x00, 0x00, 0x00, 0xbb, 0x00,
  0x00, 0x00, 0x44, 0xff, 0x00, 0x00, 0x44, 0xff, 0x00, 0x00, 0x1e, 0x00,
  0x00, 0x00, 0x1e, 0x00, 0x00, 0x00, 0x37, 0x00, 0x00, 0x00, 0x37, 0x00,
  0x00, 0x00, 0xb8, 0xff, 0x00, 0x00, 0xb8, 0xff, 0x00, 0x00, 0x99, 0x00,
  0x00, 0x00, 0x99, 0x00, 0x00, 0x00, 0x93, 0xff, 0x00, 0x00, 0x93, 0xff,
  0x00, 0x00, 0xa6, 0x00, 0x00, 0x00, 0xa6, 0x00, 0x00, 0x00, 0x1e, 0xff,
  0x00, 0x00, 0x1e, 0xff, 0x00, 0x00, 0xe3, 0x00, 0x00, 0x00, 0xe3, 0x00,
  0x00, 0x00, 0x46, 0xff, 0x00, 0x00, 0x46, 0xff, 0x00, 0x00, 0xc3, 0xff,
  0x00, 0x00, 0xc3, 0xff, 0x00, 0x00, 0x4e, 0x01, 0x00, 0x00, 0x4e, 0x01,
  0x00, 0x00, 0x1a, 0xfe, 0x00, 0x00, 0x1a, 0xfe, 0x00, 0x00, 0x52, 0x02,
  0x00, 0x00, 0x52, 0x02, 0x00, 0x00, 0x92, 0xfe, 0x00, 0x00, 0x92, 0xfe,
  0x00, 0x00, 0x13, 0x00, 0x00, 0x00, 0x13, 0x00, 0x00, 0x00, 0xbb, 0x00,
  0x00, 0x00, 0xbb, 0x00, 0x00, 0x00, 0xaa, 0xfe, 0x00, 0x00, 0xaa, 0xfe,
  0x00, 0x00, 0x15, 0x01, 0x00, 0x00, 0x15, 0x01, 0x00, 0x00, 0xe5, 0xfe,
  0x00, 0x00, 0xe5, 0xfe, 0x00, 0x00, 0xe8, 0x00, 0x00, 0x00, 0xe8, 0x00,
  0x00, 0x00, 0x48, 0xff, 0x00, 0x00, 0x48, 0xff, 0x00, 0x00, 0x7c, 0x00,
  0x00, 0x00, 0x7c, 0x00, 0x00, 0x00, 0xb8, 0xff, 0x00, 0x00, 0xb8, 0xff,
  0x00, 0x00, 0xa5, 0xff, 0x00, 0x00, 0xa5, 0xff, 0x00, 0x00, 0x06, 0x01,
  0x00, 0x00, 0x06, 0x01, 0x00, 0x00, 0xf5, 0xfe, 0x00, 0x00, 0xf5, 0xfe,
  0x00, 0x00, 0x84, 0x00, 0x00, 0x00, 0x84, 0x00, 0x00, 0x00, 0x48, 0x00,
  0x00, 0x00, 0x48, 0x00, 0x00, 0x00, 0x66, 0xff, 0x00, 0x00, 0x66, 0xff,
  0x00, 0x00, 0x68, 0x00, 0x00, 0x00, 0x68, 0x00, 0x00, 0x00, 0x3d, 0x00,
  0x00, 0x00, 0x3d, 0x00, 0x00, 0x00, 0x2d, 0xff, 0x00, 0x00, 0x2d, 0xff,
  0x00, 0x00, 0xc0, 0x00, 0x00, 0x00, 0xc0, 0x00, 0x00, 0x00, 0x95, 0xff,
  0x00, 0x00, 0x95, 0xff, 0x00, 0x00, 0xd9, 0xff, 0x00, 0x00, 0xd9, 0xff,
  0x00, 0x00, 0x33, 0x00, 0x00, 0x00, 0x33, 0x00, 0x00, 0x00, 0x09, 0x00,
  0x00, 0x00, 0x09, 0x00, 0x00, 0x00, 0xed, 0xff, 0x00, 0x00, 0xed, 0xff,
  0x00, 0x00, 0x1e, 0x00, 0x00, 0x00, 0x1e, 0x00, 0x00, 0x00, 0x05, 0x00,
  0x00, 0x00, 0x05, 0x00, 0x00, 0x00, 0xbd, 0xff, 0x00, 0x00, 0xbd, 0xff,
  0x00, 0x00, 0x87, 0x00, 0x00, 0x00, 0x87, 0x00, 0x00, 0x00, 0x8f, 0xff,
  0x00, 0x00, 0x8f, 0xff, 0x00, 0x00, 0x21, 0x00, 0x00, 0x00, 0x21, 0x00,
  0x00, 0x00, 0xf5, 0xff, 0x00, 0x00, 0xf5, 0xff, 0x00, 0x00, 0x23, 0x00,
  0x00, 0x00, 0x23, 0x00, 0x00, 0x00, 0x98, 0xff, 0x00, 0x00, 0x98, 0xff,
  0x00, 0x00, 0x0c, 0x00, 0x00, 0x00, 0x0c, 0x00, 0x00, 0x00, 0x18, 0x00,
  0x00, 0x00, 0x18, 0x00, 0x00, 0x00, 0x7a, 0xff, 0x00, 0x00, 0x7a, 0xff,
  0x00, 0x00, 0x59, 0x00, 0x00, 0x00, 0x59, 0x00, 0x00, 0x00, 0xee, 0xff,
  0x00, 0x00, 0xee, 0xff, 0x00, 0x00, 0xc8, 0xff, 0x00, 0x00, 0xc8, 0xff,
  0x00, 0x00, 0x86, 0x00, 0x00, 0x00, 0x86, 0x00, 0x00, 0x00, 0xbd, 0xff,
  0x00, 0x00, 0xbd, 0xff, 0x00, 0x00, 0xe1, 0xff, 0x00, 0x00, 0xe1, 0xff,
  0x00, 0x00, 0x50, 0x00, 0x00, 0x00, 0x50, 0x00, 0x00, 0x00, 0xde, 0xff,
  0x00, 0x00, 0xde, 0xff, 0x00, 0x00, 0xc3, 0xff, 0x00, 0x00, 0xc3, 0xff,
  0x00, 0x00, 0x0f, 0x00, 0x00, 0x00, 0x0f, 0x00, 0x00, 0x00, 0x47, 0x00,
  0x00, 0x00, 0x47, 0x00, 0x00, 0x00, 0xa5, 0xff, 0x00, 0x00, 0xa5, 0xff,
  0x00, 0x00, 0x35, 0x00, 0x00, 0x00, 0x35, 0x00, 0x00, 0x00, 0x0c, 0x00,
  0x00, 0x00, 0x0c, 0x00, 0x00, 0x00, 0xd5, 0xff, 0x00, 0x00, 0xd5, 0xff,
  0x00, 0x00, 0x12, 0x00, 0x00, 0x00, 0x12, 0x00, 0x00, 0x00, 0x10, 0x00,
  0x00, 0x00, 0x10, 0x00, 0x00, 0x00, 0x04, 0x00, 0x00, 0x00, 0x04, 0x00,
  0x00, 0x00, 0x18, 0x00, 0x00, 0x00, 0x18, 0x00, 0x00, 0x00, 0x33, 0x00,
  0x00, 0x00, 0x33, 0x00, 0x00, 0x00, 0x8e, 0xff, 0x00, 0x00, 0x8e, 0xff,
  0x00, 0x00, 0x34, 0x00, 0x00, 0x00, 0x34, 0x00, 0x00, 0x00, 0x01, 0x00,
  0x00, 0x00, 0x01, 0x00, 0x00, 0x00, 0x7e, 0xff, 0x00, 0x00, 0x7e, 0xff,
  0x00, 0x00, 0x78, 0x00, 0x00, 0x00, 0x78, 0x00, 0x00, 0x00, 0x81, 0xff,
  0x00, 0x00, 0x81, 0xff, 0x00, 0x00, 0x75, 0x00, 0x00, 0x00, 0x75, 0x00,
  0x00, 0x00, 0x95, 0xff, 0x00, 0x00, 0x95, 0xff, 0x00, 0x00, 0x87, 0x00,
  0x00, 0x00, 0x87, 0x00, 0x00, 0x00, 0xc5, 0xff, 0x00, 0x00, 0xc5, 0xff,
  0x00, 0x00, 0x6d, 0xff, 0x00, 0x00, 0x6d, 0xff, 0x00, 0x00, 0xf9, 0x00,
  0x00, 0x00, 0xf9, 0x00, 0x00, 0x00, 0xce, 0xfe, 0x00, 0x00, 0xce, 0xfe,
  0x00, 0x00, 0xdd, 0x00, 0x00, 0x00, 0xdd, 0x00, 0x00, 0x00, 0x82, 0xff,
  0x00, 0x00, 0x82, 0xff, 0x00, 0x00, 0x18, 0x00, 0x00, 0x00, 0x18, 0x00,
  0x00, 0x00, 0x29, 0x00, 0x00, 0x00, 0x29, 0x00, 0x00, 0x00, 0xe1, 0xff,
  0x00, 0x00, 0xe1, 0xff, 0x00, 0x00, 0x48, 0x00, 0x00, 0x00, 0x48, 0x00,
  0x00, 0x00, 0x6d, 0xff, 0x00, 0x00, 0x6d, 0xff, 0x00, 0x00, 0xae, 0x00,
  0x00, 0x00, 0xae, 0x00, 0x00, 0x00, 0x68, 0xff, 0x00, 0x00, 0x68, 0xff,
  0x00, 0x00, 0x15, 0x00, 0x00, 0x00, 0x15, 0x00, 0x00, 0x00, 0x74, 0x00,
  0x00, 0x00, 0x74, 0x00, 0x00, 0x00, 0x9e, 0xff, 0x00, 0x00, 0x9e, 0xff,
  0x00, 0x00, 0x32, 0x00, 0x00, 0x00, 0x32, 0x00, 0x00, 0x00, 0x39, 0x00,
  0x00, 0x00, 0x39, 0x00, 0x00, 0x00, 0x39, 0xff, 0x00, 0x00, 0x39, 0xff,
  0x00, 0x00, 0xcb, 0x00, 0x00, 0x00, 0xcb, 0x00, 0x00, 0x00, 0x48, 0xff,
  0x00, 0x00, 0x48, 0xff, 0x00, 0x00, 0xc9, 0xff, 0x00, 0x00, 0xc9, 0xff,
  0x00, 0x00, 0xfc, 0x00, 0x00, 0x00, 0xfc, 0x00, 0x00, 0x00, 0xdf, 0xfe,
  0x00, 0x00, 0xdf, 0xfe, 0x00, 0x00, 0xf4, 0x00, 0x00, 0x00, 0xf4, 0x00,
  0x00, 0x00, 0x86, 0xff, 0x00, 0x00, 0x86, 0xff, 0x00, 0x00, 0x13, 0x00,
  0x00, 0x00, 0x13, 0x00, 0x00, 0x00, 0x13, 0x00, 0x00, 0x00, 0x13, 0x00,
  0x00, 0x00, 0x86, 0xff, 0x00, 0x00, 0x86, 0xff, 0x00, 0x00, 0x89, 0x00,
  0x00, 0x00, 0x89, 0x00, 0x00, 0x00, 0x6b, 0xff, 0x00, 0x00, 0x6b, 0xff,
  0x00, 0x00, 0xc2, 0x00, 0x00, 0x00, 0xc2, 0x00, 0x00, 0x00, 0x88, 0xff,
  0x00, 0x00, 0x88, 0xff, 0x00, 0x00, 0x4c, 0x00, 0x00, 0x00, 0x4c, 0x00,
  0x00, 0x00, 0x16, 0x00, 0x00, 0x00, 0x16, 0x00, 0x00, 0x00, 0x4f, 0xff,
  0x00, 0x00, 0x4f, 0xff, 0x00, 0x00, 0xc4, 0x00, 0x00, 0x00, 0xc4, 0x00,
  0x00, 0x00, 0xc4, 0xfe, 0x00, 0x00, 0xc4, 0xfe, 0x00, 0x00, 0x26, 0x01,
  0x00, 0x00, 0x26, 0x01, 0x00, 0x00, 0x98, 0xff, 0x00, 0x00, 0x98, 0xff,
  0x00, 0x00, 0x9e, 0xff, 0x00, 0x00, 0x9e, 0xff, 0x00, 0x00, 0x30, 0x01,
  0x00, 0x00, 0x30, 0x01, 0x00, 0x00, 0x86, 0xfe, 0x00, 0x00, 0x86, 0xfe,
  0x00, 0x00, 0x13, 0x01, 0x00, 0x00, 0x13, 0x01, 0x00, 0x00, 0x5a, 0xff,
  0x00, 0x00, 0x5a, 0xff, 0x00, 0x00, 0xe2, 0xff, 0x00, 0x00, 0xe2, 0xff,
  0x00, 0x00, 0x59, 0x00, 0x00, 0x00, 0x59, 0x00, 0x00, 0x00, 0xd1, 0xff,
  0x00, 0x00, 0xd1, 0xff, 0x00, 0x00, 0x11, 0x00, 0x00, 0x00, 0x11, 0x00,
  0x00, 0x00, 0xba, 0xff, 0x00, 0x00, 0xba, 0xff, 0x00, 0x00, 0xd8, 0x00,
  0x00, 0x00, 0xd8, 0x00, 0x00, 0x00, 0xb1, 0xfe, 0x00, 0x00, 0xb1, 0xfe,
  0x00, 0x00, 0x0f, 0x01, 0x00, 0x00, 0x0f, 0x01, 0x00, 0x00, 0xd4, 0xff,
  0x00, 0x00, 0xd4, 0xff, 0x00, 0x00, 0x34, 0xff, 0x00, 0x00, 0x34, 0xff,
  0x00, 0x00, 0x50, 0x01, 0x00, 0x00, 0x50, 0x01, 0x00, 0x00, 0xf3, 0xfe,
  0x00, 0x00, 0xf3, 0xfe, 0x00, 0x00, 0x66, 0x00, 0x00, 0x00, 0x66, 0x00,
  0x00, 0x00, 0x37, 0x00, 0x00, 0x00, 0x37, 0x00, 0x00, 0x00, 0x88, 0xff,
  0x00, 0x00, 0x88, 0xff, 0x00, 0x00, 0x77, 0x00, 0x00, 0x00, 0x77, 0x00,
  0x00, 0x00, 0x4d, 0x00, 0x00, 0x00, 0x4d, 0x00, 0x00, 0x00, 0x83, 0xff,
  0x00, 0x00, 0x83, 0xff, 0x00, 0x00, 0x3c, 0x00, 0x00, 0x00, 0x3c, 0x00,
  0x00, 0x00, 0x1a, 0x00, 0x00, 0x00, 0x1a, 0x00, 0x00, 0x00, 0x81, 0xff,
  0x00, 0x00, 0x81, 0xff, 0x00, 0x00, 0x67, 0x00, 0x00, 0x00, 0x67, 0x00,
  0x00, 0x00, 0x84, 0xff, 0x00, 0x00, 0x84, 0xff, 0x00, 0x00, 0xe8, 0xff,
  0x00, 0x00, 0xe8, 0xff, 0x00, 0x00, 0x1c, 0x00, 0x00, 0x00, 0x1c, 0x00,
  0x00, 0x00, 0xc7, 0xff, 0x00, 0x00, 0xc7, 0xff, 0x00, 0x00, 0xf8, 0xff,
  0x00, 0x00, 0xf8, 0xff, 0x00, 0x00, 0x1b, 0x00, 0x00, 0x00, 0x1b, 0x00,
  0x00, 0x00, 0x00, 0x00, 0x00, 0x00, 0x00, 0x00, 0x00, 0x00, 0xd0, 0xff,
  0x00, 0x00, 0xd0, 0xff, 0x00, 0x00, 0xd6, 0xff, 0x00, 0x00, 0xd6, 0xff,
  0x00, 0x00, 0x5e, 0x00, 0x00, 0x00, 0x5e, 0x00, 0x00, 0x00, 0x8c, 0xff,
  0x00, 0x00, 0x8c, 0xff, 0x00, 0x00, 0x25, 0x00, 0x00, 0x00, 0x25, 0x00,
  0x00, 0x00, 0x26, 0x00, 0x00, 0x00, 0x26, 0x00, 0x00, 0x00, 0x62, 0xff,
  0x00, 0x00, 0x62, 0xff, 0x00, 0x00, 0x47, 0x01, 0x00, 0x00, 0x47, 0x01,
  0x00, 0x00, 0x4e, 0xff, 0x00, 0x00, 0x4e, 0xff, 0x00, 0x00, 0x00, 0x00,
  0x00, 0x00, 0x00, 0x00, 0x00, 0x00, 0xdc, 0x00, 0x00, 0x00, 0xdc, 0x00,
  0x00, 0x00, 0xf8, 0xfe, 0x00, 0x00, 0xf8, 0xfe, 0x00, 0x00, 0x89, 0x00,
  0x00, 0x00, 0x89, 0x00, 0x00, 0x00, 0xfa, 0xff, 0x00, 0x00, 0xfa, 0xff,
  0x00, 0x00, 0xc6, 0xff, 0x00, 0x00, 0xc6, 0xff, 0x00, 0x00, 0x4f, 0x00,
  0x00, 0x00, 0x4f, 0x00, 0x00, 0x00, 0xe1, 0xff, 0x00, 0x00, 0xe1, 0xff,
  0x00, 0x00, 0xc9, 0xff, 0x00, 0x00, 0xc9, 0xff, 0x00, 0x00, 0x57, 0x00,
  0x00, 0x00, 0x57, 0x00, 0x00, 0x00, 0xad, 0xff, 0x00, 0x00, 0xad, 0xff,
  0x00, 0x00, 0xb4, 0xff, 0x00, 0x00, 0xb4, 0xff, 0x00, 0x00, 0x92, 0x00,
  0x00, 0x00, 0x92, 0x00, 0x00, 0x00, 0xa7, 0xff, 0x00, 0x00, 0xa7, 0xff,
  0x00, 0x00, 0x31, 0x00, 0x00, 0x00, 0x31, 0x00, 0x00, 0x00, 0xdd, 0xff,
  0x00, 0x00, 0xdd, 0xff, 0x00, 0x00, 0x29, 0x00, 0x00, 0x00, 0x29, 0x00,
  0x00, 0x00, 0x8a, 0xff, 0x00, 0x00, 0x8a, 0xff, 0x00, 0x00, 0x2b, 0x00,
  0x00, 0x00, 0x2b, 0x00, 0x00, 0x00, 0x27, 0x00, 0x00, 0x00, 0x27, 0x00,
  0x00, 0x00, 0x84, 0xff, 0x00, 0x00, 0x84, 0xff, 0x00, 0x00, 0x7d, 0x00,
  0x00, 0x00, 0x7d, 0x00, 0x00, 0x00, 0xa7, 0xff, 0x00, 0x00, 0xa7, 0xff,
  0x00, 0x00, 0x12, 0x00, 0x00, 0x00, 0x12, 0x00, 0x00, 0x00, 0x4c, 0x00,
  0x00, 0x00, 0x4c, 0x00, 0x00, 0x00, 0xa5, 0xff, 0x00, 0x00, 0xa5, 0xff,
  0x00, 0x00, 0x17, 0x00, 0x00, 0x00, 0x17, 0x00, 0x00, 0x00, 0x34, 0x00,
  0x00, 0x00, 0x34, 0x00, 0x00, 0x00, 0x5d, 0xff, 0x00, 0x00, 0x5d, 0xff,
  0x00, 0x00, 0x3c, 0x00, 0x00, 0x00, 0x3c, 0x00, 0x00, 0x00, 0x04, 0x00,
  0x00, 0x00, 0x04, 0x00, 0x00, 0x00, 0xdb, 0xff, 0x00, 0x00, 0xdb, 0xff,
  0x00, 0x00, 0x1c, 0x00, 0x00, 0x00, 0x1c, 0x00, 0x00, 0x00, 0x0e, 0x00,
  0x00, 0x00, 0x0e, 0x00, 0x00, 0x00, 0xd2, 0xff, 0x00, 0x00, 0xd2, 0xff,
  0x00, 0x00, 0x81, 0x00, 0x00, 0x00, 0x81, 0x00, 0x00, 0x00, 0x8a, 0xff,
  0x00, 0x00, 0x8a, 0xff, 0x00, 0x00, 0x12, 0x00, 0x00, 0x00, 0x12, 0x00,
  0x00, 0x00, 0xdd, 0x00, 0x00, 0x00, 0xdd, 0x00, 0x00, 0x00, 0x98, 0xfe,
  0x00, 0x00, 0x98, 0xfe, 0x00, 0x00, 0x5b, 0x01, 0x00, 0x00, 0x5b, 0x01,
  0x00, 0x00, 0x51, 0xff, 0x00, 0x00, 0x51, 0xff, 0x00, 0x00, 0xae, 0xff,
  0x00, 0x00, 0xae, 0xff, 0x00, 0x00, 0x27, 0x01, 0x00, 0x00, 0x27, 0x01,
  0x00, 0x00, 0x42, 0xfe, 0x00, 0x00, 0x42, 0xfe, 0x00, 0x00, 0x6b, 0x01,
  0x00, 0x00, 0x6b, 0x01, 0x00, 0x00, 0x6a, 0xff, 0x00, 0x00, 0x6a, 0xff,
  0x00, 0x00, 0x68, 0xff, 0x00, 0x00, 0x68, 0xff, 0x00, 0x00, 0xb8, 0x00,
  0x00, 0x00, 0xb8, 0x00, 0x00, 0x00, 0xa3, 0xff, 0x00, 0x00, 0xa3, 0xff,
  0x00, 0x00, 0xf6, 0xff, 0x00, 0x00, 0xf6, 0xff, 0x00, 0x00, 0xbe, 0xff,
  0x00, 0x00, 0xbe, 0xff, 0x00, 0x00, 0x6c, 0x00, 0x00, 0x00, 0x6c, 0x00,
  0x00, 0x00, 0x4b, 0xff, 0x00, 0x00, 0x4b, 0xff, 0x00, 0x00, 0xa7, 0x00,
  0x00, 0x00, 0xa7, 0x00, 0x00, 0x00, 0xe7, 0xff, 0x00, 0x00, 0xe7, 0xff,
  0x00, 0x00, 0xaf, 0xff, 0x00, 0x00, 0xaf, 0xff, 0x00, 0x00, 0x23, 0x01,
  0x00, 0x00, 0x23, 0x01, 0x00, 0x00, 0x1e, 0xff, 0x00, 0x00, 0x1e, 0xff,
  0x00, 0x00, 0xc5, 0xff, 0x00, 0x00, 0xc5, 0xff, 0x00, 0x00, 0x5b, 0x01,
  0x00, 0x00, 0x5b, 0x01, 0x00, 0x00, 0x7a, 0xfe, 0x00, 0x00, 0x7a, 0xfe,
  0x00, 0x00, 0x8f, 0x00, 0x00, 0x00, 0x8f, 0x00, 0x00, 0x00, 0x83, 0x00,
  0x00, 0x00, 0x83, 0x00, 0x00, 0x00, 0xc9, 0xfe, 0x00, 0x00, 0xc9, 0xfe,
  0x00, 0x00, 0x72, 0x01, 0x00, 0x00, 0x72, 0x01, 0x00, 0x00, 0xf1, 0xfe,
  0x00, 0x00, 0xf1, 0xfe, 0x00, 0x00, 0x3c, 0x00, 0x00, 0x00, 0x3c, 0x00,
  0x00, 0x00, 0x53, 0x00, 0x00, 0x00, 0x53, 0x00, 0x00, 0x00, 0x36, 0xff,
  0x00, 0x00, 0x36, 0xff, 0x00, 0x00, 0xbd, 0x00, 0x00, 0x00, 0xbd, 0x00,
  0x00, 0x00, 0xcc, 0xff, 0x00, 0x00, 0xcc, 0xff, 0x00, 0x00, 0xda, 0xff,
  0x00, 0x00, 0xda, 0xff, 0x00, 0x00, 0x7f, 0x00, 0x00, 0x00, 0x7f, 0x00,
  0x00, 0x00, 0xeb, 0xff, 0x00, 0x00, 0xeb, 0xff, 0x00, 0x00, 0x94, 0xff,
  0x00, 0x00, 0x94, 0xff, 0x00, 0x00, 0x51, 0x00, 0x00, 0x00, 0x51, 0x00,
  0x00, 0x00, 0xce, 0xff, 0x00, 0x00, 0xce, 0xff, 0x00, 0x00, 0xbe, 0xff,
  0x00, 0x00, 0xbe, 0xff, 0x00, 0x00, 0x3b, 0x00, 0x00, 0x00, 0x3b, 0x00,
  0x00, 0x00, 0xdc, 0xff, 0x00, 0x00, 0xdc, 0xff, 0x00, 0x00, 0xc5, 0xff,
  0x00, 0x00, 0xc5, 0xff, 0x00, 0x00, 0x16, 0x00, 0x00, 0x00, 0x16, 0x00,
  0x00, 0x00, 0x8a, 0xff, 0x00, 0x00, 0x8a, 0xff, 0x00, 0x00, 0x51, 0x00,
  0x00, 0x00, 0x51, 0x00, 0x00, 0x00, 0xff, 0xff, 0x00, 0x00, 0xff, 0xff,
  0x00, 0x00, 0x9c, 0xff, 0x00, 0x00, 0x9c, 0xff, 0x00, 0x00, 0x93, 0x00,
  0x00, 0x00, 0x93, 0x00, 0x00, 0x00, 0xb7, 0xff, 0x00, 0x00, 0xb7, 0xff,
  0x00, 0x00, 0x40, 0x00, 0x00, 0x00, 0x40, 0x00, 0x00, 0x00, 0xdc, 0xff,
  0x00, 0x00, 0xdc, 0xff, 0x00, 0x00, 0x0f, 0x00, 0x00, 0x00, 0x0f, 0x00,
  0x00, 0x00, 0x13, 0x00, 0x00, 0x00, 0x13, 0x00, 0x00, 0x00, 0x86, 0xff,
  0x00, 0x00, 0x86, 0xff, 0x00, 0x00, 0xb5, 0x00, 0x00, 0x00, 0xb5, 0x00,
  0x00, 0x00, 0x68, 0xff, 0x00, 0x00, 0x68, 0xff, 0x00, 0x00, 0x72, 0x00,
  0x00, 0x00, 0x72, 0x00, 0x00, 0x00, 0x11, 0x00, 0x00, 0x00, 0x11, 0x00,
  0x00, 0x00, 0x93, 0xff, 0x00, 0x00, 0x93, 0xff, 0x00, 0x00, 0x80, 0x00,
  0x00, 0x00, 0x80, 0x00, 0x00, 0x00, 0x99, 0xff, 0x00, 0x00, 0x99, 0xff,
  0x00, 0x00, 0x17, 0x00, 0x00, 0x00, 0x17, 0x00, 0x00, 0x00, 0x08, 0x00,
  0x00, 0x00, 0x08, 0x00, 0x00, 0x00, 0xf9, 0xff, 0x00, 0x00, 0xf9, 0xff,
  0x00, 0x00, 0xef, 0xff, 0x00, 0x00, 0xef, 0xff, 0x00, 0x00, 0x34, 0x00,
  0x00, 0x00, 0x34, 0x00, 0x00, 0x00, 0xc3, 0xff, 0x00, 0x00, 0xc3, 0xff,
  0x00, 0x00, 0xe7, 0xff, 0x00, 0x00, 0xe7, 0xff, 0x00, 0x00, 0xb8, 0xff,
  0x00, 0x00, 0xb8, 0xff, 0x00, 0x00, 0x6b, 0x00, 0x00, 0x00, 0x6b, 0x00,
  0x00, 0x00, 0x6c, 0xff, 0x00, 0x00, 0x6c, 0xff, 0x00, 0x00, 0x4e, 0x00,
  0x00, 0x00, 0x4e, 0x00, 0x00, 0x00, 0x75, 0x00, 0x00, 0x00, 0x75, 0x00,
  0x00, 0x00, 0x02, 0xff, 0x00, 0x00, 0x02, 0xff, 0x00, 0x00, 0x5b, 0x01,
  0x00, 0x00, 0x5b, 0x01, 0x00, 0x00, 0x11, 0xff, 0x00, 0x00, 0x11, 0xff,
  0x00, 0x00, 0x3d, 0x00, 0x00, 0x00, 0x3d, 0x00, 0x00, 0x00, 0x82, 0x00,
  0x00, 0x00, 0x82, 0x00, 0x00, 0x00, 0x1f, 0xff, 0x00, 0x00, 0x1f, 0xff,
  0x00, 0x00, 0x89, 0x00, 0x00, 0x00, 0x89, 0x00, 0x00, 0x00, 0xf5, 0xff,
  0x00, 0x00, 0xf5, 0xff, 0x00, 0x00, 0x3e, 0x00, 0x00, 0x00, 0x3e, 0x00,
  0x00, 0x00, 0x59, 0xff, 0x00, 0x00, 0x59, 0xff, 0x00, 0x00, 0xa8, 0x00,
  0x00, 0x00, 0xa8, 0x00, 0x00, 0x00, 0x91, 0xff, 0x00, 0x00, 0x91, 0xff,
  0x00, 0x00, 0xbf, 0xff, 0x00, 0x00, 0xbf, 0xff, 0x00, 0x00, 0xe6, 0x00,
  0x00, 0x00, 0xe6, 0x00, 0x00, 0x00, 0xec, 0xfe, 0x00, 0x00, 0xec, 0xfe,
  0x00, 0x00, 0xe5, 0x00, 0x00, 0x00, 0xe5, 0x00, 0x00, 0x00, 0x6d, 0xff,
  0x00, 0x00, 0x6d, 0xff, 0x00, 0x00, 0xd2, 0xff, 0x00, 0x00, 0xd2, 0xff,
  0x00, 0x00, 0xff, 0xff, 0x00, 0x00, 0xff, 0xff, 0x00, 0x00, 0x12, 0x00,
  0x00, 0x00, 0x12, 0x00, 0x00, 0x00, 0x04, 0x00, 0x00, 0x00, 0x04, 0x00,
  0x00, 0x00, 0x94, 0xff, 0x00, 0x00, 0x94, 0xff, 0x00, 0x00, 0xd3, 0x00,
  0x00, 0x00, 0xd3, 0x00, 0x00, 0x00, 0xf8, 0xfe, 0x00, 0x00, 0xf8, 0xfe,
  0x00, 0x00, 0xdf, 0x00, 0x00, 0x00, 0xdf, 0x00, 0x00, 0x00, 0x5a, 0xff,
  0x00, 0x00, 0x5a, 0xff, 0x00, 0x00, 0x33, 0x00, 0x00, 0x00, 0x33, 0x00,
  0x00, 0x00, 0xf7, 0xff, 0x00, 0x00, 0xf7, 0xff, 0x00, 0x00, 0xf4, 0xff,
  0x00, 0x00, 0xf4, 0xff, 0x00, 0x00, 0x74, 0x00, 0x00, 0x00, 0x74, 0x00,
  0x00, 0x00, 0x3e, 0xff, 0x00, 0x00, 0x3e, 0xff, 0x00, 0x00, 0xfa, 0x00,
  0x00, 0x00, 0xfa, 0x00, 0x00, 0x00, 0x1e, 0xff, 0x00, 0x00, 0x1e, 0xff,
  0x00, 0x00, 0x56, 0x00, 0x00, 0x00, 0x56, 0x00, 0x00, 0x00, 0x30, 0x00,
  0x00, 0x00, 0x30, 0x00, 0x00, 0x00, 0xec, 0xff, 0x00, 0x00, 0xec, 0xff,
  0x00, 0x00, 0x2c, 0x00, 0x00, 0x00, 0x2c, 0x00, 0x00, 0x00, 0x10, 0x00,
  0x00, 0x00, 0x10, 0x00, 0x00, 0x00, 0x3c, 0x00, 0x00, 0x00, 0x3c, 0x00,
  0x00, 0x00, 0xc3, 0xff, 0x00, 0x00, 0xc3, 0xff, 0x00, 0x00, 0x0c, 0x00,
  0x00, 0x00, 0x0c, 0x00, 0x00, 0x00, 0xea, 0xff, 0x00, 0x00, 0xea, 0xff,
  0x00, 0x00, 0xbb, 0xff, 0x00, 0x00, 0xbb, 0xff, 0x00, 0x00, 0x41, 0x00,
  0x00, 0x00, 0x41, 0x00, 0x00, 0x00, 0xb3, 0xff, 0x00, 0x00, 0xb3, 0xff,
  0x00, 0x00, 0x0b, 0x00, 0x00, 0x00, 0x0b, 0x00, 0x00, 0x00, 0x60, 0x00,
  0x00, 0x00, 0x60, 0x00, 0x00, 0x00, 0x58, 0xff, 0x00, 0x00, 0x58, 0xff,
  0x00, 0x00, 0x7b, 0x00, 0x00, 0x00, 0x7b, 0x00, 0x00, 0x00, 0x7d, 0xff,
  0x00, 0x00, 0x7d, 0xff, 0x00, 0x00, 0x3d, 0x00, 0x00, 0x00, 0x3d, 0x00,
  0x00, 0x00, 0x50, 0x00, 0x00, 0x00, 0x50, 0x00, 0x00, 0x00, 0x6e, 0xff,
  0x00, 0x00, 0x6e, 0xff, 0x00, 0x00, 0x79, 0x00, 0x00, 0x00, 0x79, 0x00,
  0x00, 0x00, 0x8f, 0xff, 0x00, 0x00, 0x8f, 0xff, 0x00, 0x00, 0x1c, 0x00,
  0x00, 0x00, 0x1c, 0x00, 0x00, 0x00, 0x08, 0x00, 0x00, 0x00, 0x08, 0x00,
  0x00, 0x00, 0xba, 0xff, 0x00, 0x00, 0xba, 0xff, 0x00, 0x00, 0x5f, 0x00,
  0x00, 0x00, 0x5f, 0x00, 0x00, 0x00, 0x94, 0xff, 0x00, 0x00, 0x94, 0xff,
  0x00, 0x00, 0x3b, 0x00, 0x00, 0x00, 0x3b, 0x00, 0x00, 0x00, 0x0a, 0x00,
  0x00, 0x00, 0x0a, 0x00, 0x00, 0x00, 0xa8, 0xff, 0x00, 0x00, 0xa8, 0xff,
  0x00, 0x00, 0x88, 0x00, 0x00, 0x00, 0x88, 0x00, 0x00, 0x00, 0x3f, 0xff,
  0x00, 0x00, 0x3f, 0xff, 0x00, 0x00, 0x48, 0x00, 0x00, 0x00, 0x48, 0x00,
  0x00, 0x00, 0x11, 0x00, 0x00, 0x00, 0x11, 0x00, 0x00, 0x00, 0xce, 0xff,
  0x00, 0x00, 0xce, 0xff, 0x00, 0x00, 0x39, 0x00, 0x00, 0x00, 0x39, 0x00,
  0x00, 0x00, 0x7c, 0xff, 0x00, 0x00, 0x7c, 0xff, 0x00, 0x00, 0xa7, 0x00,
  0x00, 0x00, 0xa7, 0x00, 0x00, 0x00, 0x5c, 0xff, 0x00, 0x00, 0x5c, 0xff,
  0x00, 0x00, 0x36, 0x00, 0x00, 0x00, 0x36, 0x00, 0x00, 0x00, 0x63, 0x00,
  0x00, 0x00, 0x63, 0x00, 0x00, 0x00, 0xab, 0xff, 0x00, 0x00, 0xab, 0xff,
  0x00, 0x00, 0x7f, 0x00, 0x00, 0x00, 0x7f, 0x00, 0x00, 0x00, 0x06, 0x00,
  0x00, 0x00, 0x06, 0x00, 0x00, 0x00, 0xbf, 0xff, 0x00, 0x00, 0xbf, 0xff,
  0x00, 0x00, 0x7e, 0x00, 0x00, 0x00, 0x7e, 0x00, 0x00, 0x00, 0x84, 0xff,
  0x00, 0x00, 0x84, 0xff, 0x00, 0x00, 0x83, 0xff, 0x00, 0x00, 0x83, 0xff,
  0x00, 0x00, 0xf6, 0x00, 0x00, 0x00, 0xf6, 0x00, 0x00, 0x00, 0x36, 0xff,
  0x00, 0x00, 0x36, 0xff, 0x00, 0x00, 0x57, 0x00, 0x00, 0x00, 0x57, 0x00,
  0x00, 0x00, 0x8b, 0x00, 0x00, 0x00, 0x8b, 0x00, 0x00, 0x00, 0x4d, 0xff,
  0x00, 0x00, 0x4d, 0xff, 0x00, 0x00, 0x73, 0x00, 0x00, 0x00, 0x73, 0x00,
  0x00, 0x00, 0xcb, 0xff, 0x00, 0x00, 0xcb, 0xff, 0x00, 0x00, 0x55, 0xff,
  0x00, 0x00, 0x55, 0xff, 0x00, 0x00, 0x98, 0x00, 0x00, 0x00, 0x98, 0x00,
  0x00, 0x00, 0xcd, 0xff, 0x00, 0x00, 0xcd, 0xff, 0x00, 0x00, 0x6b, 0xff,
  0x00, 0x00, 0x6b, 0xff, 0x00, 0x00, 0x1e, 0x01, 0x00, 0x00, 0x1e, 0x01,
  0x00, 0x00, 0x48, 0xff, 0x00, 0x00, 0x48, 0xff, 0x00, 0x00, 0xe2, 0xff,
  0x00, 0x00, 0xe2, 0xff, 0x00, 0x00, 0x96, 0x00, 0x00, 0x00, 0x96, 0x00,
  0x00, 0x00, 0xa2, 0xfe, 0x00, 0x00, 0xa2, 0xfe, 0x00, 0x00, 0x1a, 0x01,
  0x00, 0x00, 0x1a, 0x01, 0x00, 0x00, 0x29, 0xff, 0x00, 0x00, 0x29, 0xff,
  0x00, 0x00, 0x83, 0x00, 0x00, 0x00, 0x83, 0x00, 0x00, 0x00, 0x5e, 0x00,
  0x00, 0x00, 0x5e, 0x00, 0x00, 0x00, 0x62, 0xff, 0x00, 0x00, 0x62, 0xff,
  0x00, 0x00, 0xeb, 0x00, 0x00, 0x00, 0xeb, 0x00, 0x00, 0x00, 0x77, 0xfe,
  0x00, 0x00, 0x77, 0xfe, 0x00, 0x00, 0x32, 0x01, 0x00, 0x00, 0x32, 0x01,
  0x00, 0x00, 0x48, 0xff, 0x00, 0x00, 0x48, 0xff, 0x00, 0x00, 0xeb, 0xff,
  0x00, 0x00, 0xeb, 0xff, 0x00, 0x00, 0xdb, 0x00, 0x00, 0x00, 0xdb, 0x00,
  0x00, 0x00, 0xae, 0xff, 0x00, 0x00, 0xae, 0xff, 0x00, 0x00, 0x3e, 0x00,
  0x00, 0x00, 0x3e, 0x00, 0x00, 0x00, 0x2f, 0x00, 0x00, 0x00, 0x2f, 0x00,
  0x00, 0x00, 0x14, 0x00, 0x00, 0x00, 0x14, 0x00, 0x00, 0x00, 0x64, 0xff,
  0x00, 0x00, 0x64, 0xff, 0x00, 0x00, 0xb6, 0x00, 0x00, 0x00, 0xb6, 0x00,
  0x00, 0x00, 0x77, 0xff, 0x00, 0x00, 0x77, 0xff, 0x00, 0x00, 0xc4, 0xff,
  0x00, 0x00, 0xc4, 0xff, 0x00, 0x00, 0xb2, 0x00, 0x00, 0x00, 0xb2, 0x00,
  0x00, 0x00, 0x5e, 0xff, 0x00, 0x00, 0x5e, 0xff, 0x00, 0x00, 0x1b, 0x00,
  0x00, 0x00, 0x1b, 0x00, 0x00, 0x00, 0x5b, 0x00, 0x00, 0x00, 0x5b, 0x00,
  0x00, 0x00, 0x22, 0xff, 0x00, 0x00, 0x22, 0xff, 0x00, 0x00, 0x87, 0x00,
  0x00, 0x00, 0x87, 0x00, 0x00, 0x00, 0xf1, 0xff, 0x00, 0x00, 0xf1, 0xff,
  0x00, 0x00, 0xa1, 0xff, 0x00, 0x00, 0xa1, 0xff, 0x00, 0x00, 0x44, 0x00,
  0x00, 0x00, 0x44, 0x00, 0x00, 0x00, 0xb8, 0xff, 0x00, 0x00, 0xb8, 0xff,
  0x00, 0x00, 0x0c, 0x00, 0x00, 0x00, 0x0c, 0x00, 0x00, 0x00, 0x29, 0x00,
  0x00, 0x00, 0x29, 0x00, 0x00, 0x00, 0xbb, 0xff, 0x00, 0x00, 0xbb, 0xff,
  0x00, 0x00, 0x63, 0x00, 0x00, 0x00, 0x63, 0x00, 0x00, 0x00, 0xe2, 0xff,
  0x00, 0x00, 0xe2, 0xff, 0x00, 0x00, 0xa5, 0xff, 0x00, 0x00, 0xa5, 0xff,
  0x00, 0x00, 0x43, 0x00, 0x00, 0x00, 0x43, 0x00, 0x00, 0x00, 0xa6, 0xff,
  0x00, 0x00, 0xa6, 0xff, 0x00, 0x00, 0x27, 0x00, 0x00, 0x00, 0x27, 0x00,
  0x00, 0x00, 0xf7, 0xff, 0x00, 0x00, 0xf7, 0xff, 0x00, 0x00, 0xf9, 0xff,
  0x00, 0x00, 0xf9, 0xff, 0x00, 0x00, 0x59, 0x00, 0x00, 0x00, 0x59, 0x00,
  0x00, 0x00, 0xe5, 0xff, 0x00, 0x00, 0xe5, 0xff, 0x00, 0x00, 0x18, 0x00,
  0x00, 0x00, 0x18, 0x00, 0x00, 0x00, 0x33, 0x00, 0x00, 0x00, 0x33, 0x00,
  0x00, 0x00, 0x8d, 0xff, 0x00, 0x00, 0x8d, 0xff, 0x00, 0x00, 0x87, 0x00,
  0x00, 0x00, 0x87, 0x00, 0x00, 0x00, 0x8b, 0xff, 0x00, 0x00, 0x8b, 0xff,
  0x00, 0x00, 0x12, 0x00, 0x00, 0x00, 0x12, 0x00, 0x00, 0x00, 0xc3, 0x00,
  0x00, 0x00, 0xc3, 0x00, 0x00, 0x00, 0xfd, 0xfe, 0x00, 0x00, 0xfd, 0xfe,
  0x00, 0x00, 0x7e, 0x00, 0x00, 0x00, 0x7e, 0x00, 0x00, 0x00, 0x40, 0x00,
  0x00, 0x00, 0x40, 0x00, 0x00, 0x00, 0x1a, 0xff, 0x00, 0x00, 0x1a, 0xff,
  0x00, 0x00, 0x80, 0x00, 0x00, 0x00, 0x80, 0x00, 0x00, 0x00, 0xf9, 0xff,
  0x00, 0x00, 0xf9, 0xff, 0x00, 0x00, 0x86, 0xff, 0x00, 0x00, 0x86, 0xff,
  0x00, 0x00, 0x73, 0x00, 0x00, 0x00, 0x73, 0x00, 0x00, 0x00, 0x16, 0x00,
  0x00, 0x00, 0x16, 0x00, 0x00, 0x00, 0x82, 0xff, 0x00, 0x00, 0x82, 0xff,
  0x00, 0x00, 0x99, 0x00, 0x00, 0x00, 0x99, 0x00, 0x00, 0x00, 0x8d, 0xff,
  0x00, 0x00, 0x8d, 0xff, 0x00, 0x00, 0xdd, 0xff, 0x00, 0x00, 0xdd, 0xff,
  0x00, 0x00, 0x9d, 0x00, 0x00, 0x00, 0x9d, 0x00, 0x00, 0x00, 0xf6, 0xfe,
  0x00, 0x00, 0xf6, 0xfe, 0x00, 0x00, 0xf0, 0x00, 0x00, 0x00, 0xf0, 0x00,
  0x00, 0x00, 0xa9, 0xff, 0x00, 0x00, 0xa9, 0xff, 0x00, 0x00, 0xe7, 0xff,
  0x00, 0x00, 0xe7, 0xff, 0x00, 0x00, 0xa7, 0x00, 0x00, 0x00, 0xa7, 0x00,
  0x00, 0x00, 0x57, 0xff, 0x00, 0x00, 0x57, 0xff, 0x00, 0x00, 0x69, 0x00,
  0x00, 0x00, 0x69, 0x00, 0x00, 0x00, 0x9f, 0xff, 0x00, 0x00, 0x9f, 0xff,
  0x00, 0x00, 0xf4, 0xff, 0x00, 0x00, 0xf4, 0xff, 0x00, 0x00, 0x6f, 0x00,
  0x00, 0x00, 0x6f, 0x00, 0x00, 0x00, 0x92, 0xff, 0x00, 0x00, 0x92, 0xff,
  0x00, 0x00, 0xdf, 0xff, 0x00, 0x00, 0xdf, 0xff, 0x00, 0x00, 0x74, 0x00,
  0x00, 0x00, 0x74, 0x00, 0x00, 0x00, 0xd5, 0xff, 0x00, 0x00, 0xd5, 0xff,
  0x00, 0x00, 0x0d, 0x00, 0x00, 0x00, 0x0d, 0x00, 0x00, 0x00, 0x07, 0x00,
  0x00, 0x00, 0x07, 0x00, 0x00, 0x00, 0xbe, 0xff, 0x00, 0x00, 0xbe, 0xff,
  0x00, 0x00, 0xa2, 0x00, 0x00, 0x00, 0xa2, 0x00, 0x00, 0x00, 0x63, 0xff,
  0x00, 0x00, 0x63, 0xff, 0x00, 0x00, 0x66, 0x00, 0x00, 0x00, 0x66, 0x00,
  0x00, 0x00, 0x0c, 0x00, 0x00, 0x00, 0x0c, 0x00, 0x00, 0x00, 0xa6, 0xff,
  0x00, 0x00, 0xa6, 0xff, 0x00, 0x00, 0x50, 0x00, 0x00, 0x00, 0x50, 0x00,
  0x00, 0x00, 0x25, 0xff, 0x00, 0x00, 0x25, 0xff, 0x00, 0x00, 0xae, 0x00,
  0x00, 0x00, 0xae, 0x00, 0x00, 0x00, 0x7a, 0xff, 0x00, 0x00, 0x7a, 0xff,
  0x00, 0x00, 0x13, 0x00, 0x00, 0x00, 0x13, 0x00, 0x00, 0x00, 0x52, 0x00,
  0x00, 0x00, 0x52, 0x00, 0x00, 0x00, 0x81, 0xff, 0x00, 0x00, 0x81, 0xff,
  0x00, 0x00, 0x88, 0x00, 0x00, 0x00, 0x88, 0x00, 0x00, 0x00, 0xf3, 0xff,
  0x00, 0x00, 0xf3, 0xff, 0x00, 0x00, 0xb6, 0xff, 0x00, 0x00, 0xb6, 0xff,
  0x00, 0x00, 0x7d, 0x00, 0x00, 0x00, 0x7d, 0x00, 0x00, 0x00, 0xeb, 0xff,
  0x00, 0x00, 0xeb, 0xff, 0x00, 0x00, 0xa4, 0xff, 0x00, 0x00, 0xa4, 0xff,
  0x00, 0x00, 0xac, 0x00, 0x00, 0x00, 0xac, 0x00, 0x00, 0x00, 0x75, 0xff,
  0x00, 0x00, 0x75, 0xff, 0x00, 0x00, 0x20, 0x00, 0x00, 0x00, 0x20, 0x00,
  0x00, 0x00, 0x1f, 0x00, 0x00, 0x00, 0x1f, 0x00, 0x00, 0x00, 0x48, 0xff,
  0x00, 0x00, 0x48, 0xff, 0x00, 0x00, 0x62, 0x00, 0x00, 0x00, 0x62, 0x00,
  0x00, 0x00, 0xd0, 0xff, 0x00, 0x00, 0xd0, 0xff, 0x00, 0x00, 0xd6, 0xff,
  0x00, 0x00, 0xd6, 0xff, 0x00, 0x00, 0x7f, 0x00, 0x00, 0x00, 0x7f, 0x00,
  0x00, 0x00, 0xcd, 0xff, 0x00, 0x00, 0xcd, 0xff, 0x00, 0x00, 0xd7, 0xff,
  0x00, 0x00, 0xd7, 0xff, 0x00, 0x00, 0x26, 0x00, 0x00, 0x00, 0x26, 0x00,
  0x00, 0x00, 0x0a, 0x00, 0x00, 0x00, 0x0a, 0x00, 0x00, 0x00, 0xbc, 0xff,
  0x00, 0x00, 0xbc, 0xff, 0x00, 0x00, 0x46, 0x00, 0x00, 0x00, 0x46, 0x00,
  0x00, 0x00, 0xd5, 0xff, 0x00, 0x00, 0xd5, 0xff, 0x00, 0x00, 0x65, 0x00,
  0x00, 0x00, 0x65, 0x00, 0x00, 0x00, 0x75, 0x00, 0x00, 0x00, 0x75, 0x00,
  0x00, 0x00, 0x44, 0xff, 0x00, 0x00, 0x44, 0xff, 0x00, 0x00, 0x8e, 0x00,
  0x00, 0x00, 0x8e, 0x00, 0x00, 0x00, 0xe8, 0xff, 0x00, 0x00, 0xe8, 0xff,
  0x00, 0x00, 0x81, 0xff, 0x00, 0x00, 0x81, 0xff, 0x00, 0x00, 0x52, 0x00,
  0x00, 0x00, 0x52, 0x00, 0x00, 0x00, 0xe6, 0xff, 0x00, 0x00, 0xe6, 0xff,
  0x00, 0x00, 0x04, 0x00, 0x00, 0x00, 0x04, 0x00, 0x00, 0x00, 0x21, 0x00,
  0x00, 0x00, 0x21, 0x00, 0x00, 0x00, 0xcc, 0xff, 0x00, 0x00, 0xcc, 0xff,
  0x00, 0x00, 0x83, 0x00, 0x00, 0x00, 0x83, 0x00, 0x00, 0x00, 0x66, 0xff,
  0x00, 0x00, 0x66, 0xff, 0x00, 0x00, 0x35, 0x00, 0x00, 0x00, 0x35, 0x00,
  0x00, 0x00, 0x9c, 0xff, 0x00, 0x00, 0x9c, 0xff, 0x00, 0x00, 0xfd, 0xff,
  0x00, 0x00, 0xfd, 0xff, 0x00, 0x00, 0x41, 0x00, 0x00, 0x00, 0x41, 0x00,
  0x00, 0x00, 0x46, 0xff, 0x00, 0x00, 0x46, 0xff, 0x00, 0x00, 0xf0, 0x00,
  0x00, 0x00, 0xf0, 0x00, 0x00, 0x00, 0x2e, 0xff, 0x00, 0x00, 0x2e, 0xff,
  0x00, 0x00, 0x88, 0x00, 0x00, 0x00, 0x88, 0x00, 0x00, 0x00, 0xc0, 0xff,
  0x00, 0x00, 0xc0, 0xff, 0x00, 0x00, 0xf6, 0xff, 0x00, 0x00, 0xf6, 0xff,
  0x00, 0x00, 0x26, 0x00, 0x00, 0x00, 0x26, 0x00, 0x00, 0x00, 0xb8, 0xff,
  0x00, 0x00, 0xb8, 0xff, 0x00, 0x00, 0x9f, 0x00, 0x00, 0x00, 0x9f, 0x00,
  0x00, 0x00, 0x1e, 0xff, 0x00, 0x00, 0x1e, 0xff, 0x00, 0x00, 0xe9, 0x00,
  0x00, 0x00, 0xe9, 0x00, 0x00, 0x00, 0xdc, 0xff, 0x00, 0x00, 0xdc, 0xff,
  0x00, 0x00, 0x21, 0xff, 0x00, 0x00, 0x21, 0xff, 0x00, 0x00, 0x1a, 0x01,
  0x00, 0x00, 0x1a, 0x01, 0x00, 0x00, 0x85, 0xff, 0x00, 0x00, 0x85, 0xff,
  0x00, 0x00, 0xb6, 0xff, 0x00, 0x00, 0xb6, 0xff, 0x00, 0x00, 0xe7, 0x00,
  0x00, 0x00, 0xe7, 0x00, 0x00, 0x00, 0x18, 0xff, 0x00, 0x00, 0x18, 0xff,
  0x00, 0x00, 0xa9, 0x00, 0x00, 0x00, 0xa9, 0x00, 0x00, 0x00, 0x1b, 0x00,
  0x00, 0x00, 0x1b, 0x00, 0x00, 0x00, 0x22, 0xff, 0x00, 0x00, 0x22, 0xff,
  0x00, 0x00, 0xed, 0x00, 0x00, 0x00, 0xed, 0x00, 0x00, 0x00, 0xc0, 0xff,
  0x00, 0x00, 0xc0, 0xff, 0x00, 0x00, 0xa6, 0xff, 0x00, 0x00, 0xa6, 0xff,
  0x00, 0x00, 0x40, 0x00, 0x00, 0x00, 0x40, 0x00, 0x00, 0x00, 0x17, 0x00,
  0x00, 0x00, 0x17, 0x00, 0x00, 0x00, 0x98, 0xff, 0x00, 0x00, 0x98, 0xff,
  0x00, 0x00, 0x5d, 0x00, 0x00, 0x00, 0x5d, 0x00, 0x00, 0x00, 0xe7, 0xff,
  0x00, 0x00, 0xe7, 0xff, 0x00, 0x00, 0xa4, 0xff, 0x00, 0x00, 0xa4, 0xff,
  0x00, 0x00, 0x6d, 0x00, 0x00, 0x00, 0x6d, 0x00, 0x00, 0x00, 0xac, 0xff,
  0x00, 0x00, 0xac, 0xff, 0x00, 0x00, 0x2e, 0x00, 0x00, 0x00, 0x2e, 0x00,
  0x00, 0x00, 0x0f, 0x00, 0x00, 0x00, 0x0f, 0x00, 0x00, 0x00, 0xd0, 0xff,
  0x00, 0x00, 0xd0, 0xff, 0x00, 0x00, 0x56, 0x00, 0x00, 0x00, 0x56, 0x00,
  0x00, 0x00, 0xa4, 0xff, 0x00, 0x00, 0xa4, 0xff, 0x00, 0x00, 0xf3, 0xff,
  0x00, 0x00, 0xf3, 0xff, 0x00, 0x00, 0x27, 0x00, 0x00, 0x00, 0x27, 0x00,
  0x00, 0x00, 0xa7, 0xff, 0x00, 0x00, 0xa7, 0xff, 0x00, 0x00, 0x24, 0x00,
  0x00, 0x00, 0x24, 0x00, 0x00, 0x00, 0xf4, 0xff, 0x00, 0x00, 0xf4, 0xff,
  0x00, 0x00, 0xfd, 0xff, 0x00, 0x00, 0xfd, 0xff, 0x00, 0x00, 0xfd, 0xff,
  0x00, 0x00, 0xfd, 0xff, 0x00, 0x00, 0x5e, 0x00, 0x00, 0x00, 0x5e, 0x00,
  0x00, 0x00, 0xa2, 0xff, 0x00, 0x00, 0xa2, 0xff, 0x00, 0x00, 0xff, 0xff,
  0x00, 0x00, 0xff, 0xff, 0x00, 0x00, 0x8d, 0x00, 0x00, 0x00, 0x8d, 0x00,
  0x00, 0x00, 0x00, 0xff, 0x00, 0x00, 0x00, 0xff, 0x00, 0x00, 0x8b, 0x00,
  0x00, 0x00, 0x8b, 0x00, 0x00, 0x00, 0x74, 0x00, 0x00, 0x00, 0x74, 0x00,
  0x00, 0x00, 0x40, 0xff, 0x00, 0x00, 0x40, 0xff, 0x00, 0x00, 0x99, 0x00,
  0x00, 0x00, 0x99, 0x00, 0x00, 0x00, 0xc9, 0xff, 0x00, 0x00, 0xc9, 0xff,
  0x00, 0x00, 0x81, 0xff, 0x00, 0x00, 0x81, 0xff, 0x00, 0x00, 0xbc, 0x00,
  0x00, 0x00, 0xbc, 0x00, 0x00, 0x00, 0x81, 0xff, 0x00, 0x00, 0x81, 0xff,
  0x00, 0x00, 0xd4, 0xff, 0x00, 0x00, 0xd4, 0xff, 0x00, 0x00, 0xa3, 0x00,
  0x00, 0x00, 0xa3, 0x00, 0x00, 0x00, 0x4f, 0xff, 0x00, 0x00, 0x4f, 0xff,
  0x00, 0x00, 0x1a, 0x00, 0x00, 0x00, 0x1a, 0x00, 0x00, 0x00, 0x65, 0x00,
  0x00, 0x00, 0x65, 0x00, 0x00, 0x00, 0xa6, 0xff, 0x00, 0x00, 0xa6, 0xff,
  0x00, 0x00, 0xf3, 0xff, 0x00, 0x00, 0xf3, 0xff, 0x00, 0x00, 0x46, 0x00,
  0x00, 0x00, 0x46, 0x00, 0x00, 0x00, 0x07, 0x00, 0x00, 0x00, 0x07, 0x00,
  0x00, 0x00, 0x14, 0x00, 0x00, 0x00, 0x14, 0x00, 0x00, 0x00, 0xb6, 0x00,
  0x00, 0x00, 0xb6, 0x00, 0x00, 0x00, 0xc9, 0xfe, 0x00, 0x00, 0xc9, 0xfe,
  0x00, 0x00, 0xab, 0x00, 0x00, 0x00, 0xab, 0x00, 0x00, 0x00, 0x2f, 0x00,
  0x00, 0x00, 0x2f, 0x00, 0x00, 0x00, 0xb5, 0xfe, 0x00, 0x00, 0xb5, 0xfe,
  0x00, 0x00, 0x31, 0x01, 0x00, 0x00, 0x31, 0x01, 0x00, 0x00, 0x82, 0xff,
  0x00, 0x00, 0x82, 0xff, 0x00, 0x00, 0xd7, 0xff, 0x00, 0x00, 0xd7, 0xff,
  0x00, 0x00, 0x36, 0x00, 0x00, 0x00, 0x36, 0x00, 0x00, 0x00, 0xe1, 0xff,
  0x00, 0x00, 0xe1, 0xff, 0x00, 0x00, 0xfc, 0xff, 0x00, 0x00, 0xfc, 0xff,
  0x00, 0x00, 0x61, 0x00, 0x00, 0x00, 0x61, 0x00, 0x00, 0x00, 0x81, 0xff,
  0x00, 0x00, 0x81, 0xff, 0x00, 0x00, 0xff, 0xff, 0x00, 0x00, 0xff, 0xff,
  0x00, 0x00, 0x47, 0x01, 0x00, 0x00, 0x47, 0x01, 0x00, 0x00, 0x90, 0xfe,
  0x00, 0x00, 0x90, 0xfe, 0x00, 0x00, 0x7d, 0x00, 0x00, 0x00, 0x7d, 0x00,
  0x00, 0x00, 0xe8, 0x00, 0x00, 0x00, 0xe8, 0x00, 0x00, 0x00, 0x68, 0xfe,
  0x00, 0x00, 0x68, 0xfe, 0x00, 0x00, 0xbe, 0x00, 0x00, 0x00, 0xbe, 0x00,
  0x00, 0x00, 0x04, 0x00, 0x00, 0x00, 0x04, 0x00, 0x00, 0x00, 0x2b, 0xff,
  0x00, 0x00, 0x2b, 0xff, 0x00, 0x00, 0x1d, 0x01, 0x00, 0x00, 0x1d, 0x01,
  0x00, 0x00, 0x0b, 0xff, 0x00, 0x00, 0x0b, 0xff, 0x00, 0x00, 0x38, 0x00,
  0x00, 0x00, 0x38, 0x00, 0x00, 0x00, 0xa9, 0x00, 0x00, 0x00, 0xa9, 0x00,
  0x00, 0x00, 0xd2, 0xfe, 0x00, 0x00, 0xd2, 0xfe, 0x00, 0x00, 0xb9, 0x00,
  0x00, 0x00, 0xb9, 0x00, 0x00, 0x00, 0x0e, 0x00, 0x00, 0x00, 0x0e, 0x00,
  0x00, 0x00, 0x75, 0xff, 0x00, 0x00, 0x75, 0xff, 0x00, 0x00, 0xc4, 0x00,
  0x00, 0x00, 0xc4, 0x00, 0x00, 0x00, 0x01, 0x00, 0x00, 0x00, 0x01, 0x00,
  0x00, 0x00, 0xbc, 0xff, 0x00, 0x00, 0xbc, 0xff, 0x00, 0x00, 0xba, 0x00,
  0x00, 0x00, 0xba, 0x00, 0x00, 0x00, 0x0a, 0xff, 0x00, 0x00, 0x0a, 0xff,
  0x00, 0x00, 0x6a, 0x00, 0x00, 0x00, 0x6a, 0x00, 0x00, 0x00, 0x53, 0x00,
  0x00, 0x00, 0x53, 0x00, 0x00, 0x00, 0xec, 0xfe, 0x00, 0x00, 0xec, 0xfe,
  0x00, 0x00, 0x0d, 0x01, 0x00, 0x00, 0x0d, 0x01, 0x00, 0x00, 0x7c, 0xff,
  0x00, 0x00, 0x7c, 0xff, 0x00, 0x00, 0xa2, 0xff, 0x00, 0x00, 0xa2, 0xff,
  0x00, 0x00, 0xca, 0x00, 0x00, 0x00, 0xca, 0x00, 0x00, 0x00, 0x46, 0xff,
  0x00, 0x00, 0x46, 0xff, 0x00, 0x00, 0x48, 0x00, 0x00, 0x00, 0x48, 0x00,
  0x00, 0x00, 0x2e, 0x00, 0x00, 0x00, 0x2e, 0x00, 0x00, 0x00, 0x51, 0xff,
  0x00, 0x00, 0x51, 0xff, 0x00, 0x00, 0xd2, 0x00, 0x00, 0x00, 0xd2, 0x00,
  0x00, 0x00, 0x97, 0xff, 0x00, 0x00, 0x97, 0xff, 0x00, 0x00, 0xc9, 0xff,
  0x00, 0x00, 0xc9, 0xff, 0x00, 0x00, 0x5b, 0x00, 0x00, 0x00, 0x5b, 0x00,
  0x00, 0x00, 0x7e, 0xff, 0x00, 0x00, 0x7e, 0xff, 0x00, 0x00, 0x55, 0x00,
  0x00, 0x00, 0x55, 0x00, 0x00, 0x00, 0x0a, 0x00, 0x00, 0x00, 0x0a, 0x00,
  0x00, 0x00, 0xa2, 0xff, 0x00, 0x00, 0xa2, 0xff, 0x00, 0x00, 0x72, 0x00,
  0x00, 0x00, 0x72, 0x00, 0x00, 0x00, 0x26, 0x00, 0x00, 0x00, 0x26, 0x00,
  0x00, 0x00, 0x98, 0xff, 0x00, 0x00, 0x98, 0xff, 0x00, 0x00, 0x56, 0x00,
  0x00, 0x00, 0x56, 0x00, 0x00, 0x00, 0x7b, 0xff, 0x00, 0x00, 0x7b, 0xff,
  0x00, 0x00, 0x3b, 0x00, 0x00, 0x00, 0x3b, 0x00, 0x00, 0x00, 0x44, 0x00,
  0x00, 0x00, 0x44, 0x00, 0x00, 0x00, 0xa5, 0xff, 0x00, 0x00, 0xa5, 0xff,
  0x00, 0x00, 0x8a, 0x00, 0x00, 0x00, 0x8a, 0x00, 0x00, 0x00, 0xc9, 0xff,
  0x00, 0x00, 0xc9, 0xff, 0x00, 0x00, 0xf7, 0xff, 0x00, 0x00, 0xf7, 0xff,
  0x00, 0x00, 0x95, 0xff, 0x00, 0x00, 0x95, 0xff, 0x00, 0x00, 0x69, 0x00,
  0x00, 0x00, 0x69, 0x00, 0x00, 0x00, 0xf9, 0xff, 0x00, 0x00, 0xf9, 0xff,
  0x00, 0x00, 0x79, 0xff, 0x00, 0x00, 0x79, 0xff, 0x00, 0x00, 0xda, 0x00,
  0x00, 0x00, 0xda, 0x00, 0x00, 0x00, 0xb4, 0xff, 0x00, 0x00, 0xb4, 0xff,
  0x00, 0x00, 0x73, 0x00, 0x00, 0x00, 0x73, 0x00, 0x00, 0x00, 0x23, 0x00,
  0x00, 0x00, 0x23, 0x00, 0x00, 0x00, 0x14, 0xff, 0x00, 0x00, 0x14, 0xff,
  0x00, 0x00, 0xad, 0x00, 0x00, 0x00, 0xad, 0x00, 0x00, 0x00, 0x9b, 0xff,
  0x00, 0x00, 0x9b, 0xff, 0x00, 0x00, 0x97, 0xff, 0x00, 0x00, 0x97, 0xff,
  0x00, 0x00, 0x94, 0x00, 0x00, 0x00, 0x94, 0x00, 0x00, 0x00, 0x99, 0xff,
  0x00, 0x00, 0x99, 0xff, 0x00, 0x00, 0x14, 0x00, 0x00, 0x00, 0x14, 0x00,
  0x00, 0x00, 0x19, 0x00, 0x00, 0x00, 0x19, 0x00, 0x00, 0x00, 0xe0, 0xff,
  0x00, 0x00, 0xe0, 0xff, 0x00, 0x00, 0x32, 0x00, 0x00, 0x00, 0x32, 0x00,
  0x00, 0x00, 0xbf, 0xff, 0x00, 0x00, 0xbf, 0xff, 0x00, 0x00, 0xbc, 0xff,
  0x00, 0x00, 0xbc, 0xff, 0x00, 0x00, 0x52, 0x00, 0x00, 0x00, 0x52, 0x00,
  0x00, 0x00, 0x51, 0x00, 0x00, 0x00, 0x51, 0x00, 0x00, 0x00, 0xc3, 0xff,
  0x00, 0x00, 0xc3, 0xff, 0x00, 0x00, 0x04, 0x00, 0x00, 0x00, 0x04, 0x00,
  0x00, 0x00, 0x6a, 0x00, 0x00, 0x00, 0x6a, 0x00, 0x00, 0x00, 0x79, 0xff,
  0x00, 0x00, 0x79, 0xff, 0x00, 0x00, 0xfc, 0xff, 0x00, 0x00, 0xfc, 0xff,
  0x00, 0x00, 0x54, 0x00, 0x00, 0x00, 0x54, 0x00, 0x00, 0x00, 0xae, 0xff,
  0x00, 0x00, 0xae, 0xff, 0x00, 0x00, 0x24, 0x00, 0x00, 0x00, 0x24, 0x00,
  0x00, 0x00, 0xf3, 0xff, 0x00, 0x00, 0xf3, 0xff, 0x00, 0x00, 0x8d, 0xff,
  0x00, 0x00, 0x8d, 0xff, 0x00, 0x00, 0xa8, 0x00, 0x00, 0x00, 0xa8, 0x00,
  0x00, 0x00, 0xf9, 0xff, 0x00, 0x00, 0xf9, 0xff, 0x00, 0x00, 0x32, 0xff,
  0x00, 0x00, 0x32, 0xff, 0x00, 0x00, 0x21, 0x01, 0x00, 0x00, 0x21, 0x01,
  0x00, 0x00, 0xa7, 0xff, 0x00, 0x00, 0xa7, 0xff, 0x00, 0x00, 0x7f, 0xff,
  0x00, 0x00, 0x7f, 0xff, 0x00, 0x00, 0xec, 0x00, 0x00, 0x00, 0xec, 0x00,
  0x00, 0x00, 0x2a, 0xff, 0x00, 0x00, 0x2a, 0xff, 0x00, 0x00, 0x57, 0x00,
  0x00, 0x00, 0x57, 0x00, 0x00, 0x00, 0x32, 0x00, 0x00, 0x00, 0x32, 0x00,
  0x00, 0x00, 0x08, 0xff, 0x00, 0x00, 0x08, 0xff, 0x00, 0x00, 0x0a, 0x01,
  0x00, 0x00, 0x0a, 0x01, 0x00, 0x00, 0xfb, 0xff, 0x00, 0x00, 0xfb, 0xff,
  0x00, 0x00, 0x1a, 0xff, 0x00, 0x00, 0x1a, 0xff, 0x00, 0x00, 0xb6, 0x00,
  0x00, 0x00, 0xb6, 0x00, 0x00, 0x00, 0xfe, 0xff, 0x00, 0x00, 0xfe, 0xff,
  0x00, 0x00, 0x77, 0xff, 0x00, 0x00, 0x77, 0xff, 0x00, 0x00, 0x85, 0x00,
  0x00, 0x00, 0x85, 0x00, 0x00, 0x00, 0xb4, 0xff, 0x00, 0x00, 0xb4, 0xff,
  0x00, 0x00, 0x23, 0x00, 0x00, 0x00, 0x23, 0x00, 0x00, 0x00, 0x67, 0x00,
  0x00, 0x00, 0x67, 0x00, 0x00, 0x00, 0x4e, 0xff, 0x00, 0x00, 0x4e, 0xff,
  0x00, 0x00, 0xbb, 0x00, 0x00, 0x00, 0xbb, 0x00, 0x00, 0x00, 0x29, 0x00,
  0x00, 0x00, 0x29, 0x00, 0x00, 0x00, 0xdf, 0xfe, 0x00, 0x00, 0xdf, 0xfe,
  0x00, 0x00, 0x7e, 0x00, 0x00, 0x00, 0x7e, 0x00, 0x00, 0x00, 0x3f, 0x00,
  0x00, 0x00, 0x3f, 0x00, 0x00, 0x00, 0x50, 0xff, 0x00, 0x00, 0x50, 0xff,
  0x00, 0x00, 0x9a, 0x00, 0x00, 0x00, 0x9a, 0x00, 0x00, 0x00, 0xca, 0xff,
  0x00, 0x00, 0xca, 0xff, 0x00, 0x00, 0x9a, 0xff, 0x00, 0x00, 0x9a, 0xff,
  0x00, 0x00, 0xd8, 0x00, 0x00, 0x00, 0xd8, 0x00, 0x00, 0x00, 0x26, 0xff,
  0x00, 0x00, 0x26, 0xff, 0x00, 0x00, 0x37, 0x00, 0x00, 0x00, 0x37, 0x00,
  0x00, 0x00, 0x87, 0x00, 0x00, 0x00, 0x87, 0x00, 0x00, 0x00, 0xe8, 0xfe,
  0x00, 0x00, 0xe8, 0xfe, 0x00, 0x00, 0x18, 0x01, 0x00, 0x00, 0x18, 0x01,
  0x00, 0x00, 0x26, 0x00, 0x00, 0x00, 0x26, 0x00, 0x00, 0x00, 0x4d, 0xff,
  0x00, 0x00, 0x4d, 0xff, 0x00, 0x00, 0xee, 0x00, 0x00, 0x00, 0xee, 0x00,
  0x00, 0x00, 0x61, 0xff, 0x00, 0x00, 0x61, 0xff, 0x00, 0x00, 0xac, 0xff,
  0x00, 0x00, 0xac, 0xff, 0x00, 0x00, 0x13, 0x01, 0x00, 0x00, 0x13, 0x01,
  0x00, 0x00, 0x2e, 0xff, 0x00, 0x00, 0x2e, 0xff, 0x00, 0x00, 0x0b, 0x00,
  0x00, 0x00, 0x0b, 0x00, 0x00, 0x00, 0x7e, 0x00, 0x00, 0x00, 0x7e, 0x00,
  0x00, 0x00, 0x14, 0xff, 0x00, 0x00, 0x14, 0xff, 0x00, 0x00, 0x18, 0x01,
  0x00, 0x00, 0x18, 0x01, 0x00, 0x00, 0xb6, 0xff, 0x00, 0x00, 0xb6, 0xff,
  0x00, 0x00, 0xfd, 0xfe, 0x00, 0x00, 0xfd, 0xfe, 0x00, 0x00, 0x24, 0x01,
  0x00, 0x00, 0x24, 0x01, 0x00, 0x00, 0x2b, 0xff, 0x00, 0x00, 0x2b, 0xff,
  0x00, 0x00, 0xe2, 0xff, 0x00, 0x00, 0xe2, 0xff, 0x00, 0x00, 0xe3, 0x00,
  0x00, 0x00, 0xe3, 0x00, 0x00, 0x00, 0x10, 0xff, 0x00, 0x00, 0x10, 0xff,
  0x00, 0x00, 0x54, 0x00, 0x00, 0x00, 0x54, 0x00, 0x00, 0x00, 0x0c, 0x00,
  0x00, 0x00, 0x0c, 0x00, 0x00, 0x00, 0x50, 0xff, 0x00, 0x00, 0x50, 0xff,
  0x00, 0x00, 0x97, 0x00, 0x00, 0x00, 0x97, 0x00, 0x00, 0x00, 0xd7, 0xff,
  0x00, 0x00, 0xd7, 0xff, 0x00, 0x00, 0x57, 0xff, 0x00, 0x00, 0x57, 0xff,
  0x00, 0x00, 0xb1, 0x00, 0x00, 0x00, 0xb1, 0x00, 0x00, 0x00, 0x25, 0x00,
  0x00, 0x00, 0x25, 0x00, 0x00, 0x00, 0x00, 0x00, 0x00, 0x00, 0x00, 0x00,
  0x00, 0x00, 0x5e, 0x00, 0x00, 0x00, 0x5e, 0x00, 0x00, 0x00, 0xa7, 0xff,
  0x00, 0x00, 0xa7, 0xff, 0x00, 0x00, 0x1c, 0x00, 0x00, 0x00, 0x1c, 0x00,
  0x00, 0x00, 0x02, 0x00, 0x00, 0x00, 0x02, 0x00, 0x00, 0x00, 0xef, 0xff,
  0x00, 0x00, 0xef, 0xff, 0x00, 0x00, 0x09, 0x00, 0x00, 0x00, 0x09, 0x00,
  0x00, 0x00, 0x49, 0x00, 0x00, 0x00, 0x49, 0x00, 0x00, 0x00, 0x00, 0x00,
  0x00, 0x00, 0x00, 0x00, 0x00, 0x00, 0xe2, 0xff, 0x00, 0x00, 0xe2, 0xff,
  0x00, 0x00, 0x48, 0x00, 0x00, 0x00, 0x48, 0x00, 0x00, 0x00, 0xcd, 0xff,
  0x00, 0x00, 0xcd, 0xff, 0x00, 0x00, 0xd0, 0xff, 0x00, 0x00, 0xd0, 0xff,
  0x00, 0x00, 0xc6, 0xff, 0x00, 0x00, 0xc6, 0xff, 0x00, 0x00, 0xf9, 0xff,
  0x00, 0x00, 0xf9, 0xff, 0x00, 0x00, 0x2b, 0x00, 0x00, 0x00, 0x2b, 0x00,
  0x00, 0x00, 0xf1, 0xff, 0x00, 0x00, 0xf1, 0xff, 0x00, 0x00, 0x2d, 0x00,
  0x00, 0x00, 0x2d, 0x00, 0x00, 0x00, 0x39, 0x00, 0x00, 0x00, 0x39, 0x00,
  0x00, 0x00, 0xb7, 0xff, 0x00, 0x00, 0xb7, 0xff, 0x00, 0x00, 0xd9, 0xff,
  0x00, 0x00, 0xd9, 0xff, 0x00, 0x00, 0xfb, 0xff, 0x00, 0x00, 0xfb, 0xff,
  0x00, 0x00, 0xb2, 0xff, 0x00, 0x00, 0xb2, 0xff, 0x00, 0x00, 0x4c, 0x00,
  0x00, 0x00, 0x4c, 0x00, 0x00, 0x00, 0xd8, 0xff, 0x00, 0x00, 0xd8, 0xff,
  0x00, 0x00, 0x00, 0x00, 0x00, 0x00, 0x00, 0x00, 0x00, 0x00, 0x75, 0x00,
  0x00, 0x00, 0x75, 0x00, 0x00, 0x00, 0x88, 0xff, 0x00, 0x00, 0x88, 0xff,
  0x00, 0x00, 0x17, 0x00, 0x00, 0x00, 0x17, 0x00, 0x00, 0x00, 0x2e, 0x00,
  0x00, 0x00, 0x2e, 0x00, 0x00, 0x00, 0x4f, 0xff, 0x00, 0x00, 0x4f, 0xff,
  0x00, 0x00, 0x27, 0x00, 0x00, 0x00, 0x27, 0x00, 0x00, 0x00, 0x4b, 0x00,
  0x00, 0x00, 0x4b, 0x00, 0x00, 0x00, 0xd3, 0xff, 0x00, 0x00, 0xd3, 0xff,
  0x00, 0x00, 0x88, 0x00, 0x00, 0x00, 0x88, 0x00, 0x00, 0x00, 0xff, 0xff,
  0x00, 0x00, 0xff, 0xff, 0x00, 0x00, 0xe5, 0xff, 0x00, 0x00, 0xe5, 0xff,
  0x00, 0x00, 0x60, 0x00, 0x00, 0x00, 0x60, 0x00, 0x00, 0x00, 0xc4, 0xff,
  0x00, 0x00, 0xc4, 0xff, 0x00, 0x00, 0xe7, 0xff, 0x00, 0x00, 0xe7, 0xff,
  0x00, 0x00, 0x37, 0x00, 0x00, 0x00, 0x37, 0x00, 0x00, 0x00, 0x82, 0xff,
  0x00, 0x00, 0x82, 0xff, 0x00, 0x00, 0x04, 0x00, 0x00, 0x00, 0x04, 0x00,
  0x00, 0x00, 0x69, 0x00, 0x00, 0x00, 0x69, 0x00, 0x00, 0x00, 0xf9, 0xff,
  0x00, 0x00, 0xf9, 0xff, 0x00, 0x00, 0x24, 0x00, 0x00, 0x00, 0x24, 0x00,
  0x00, 0x00, 0xcf, 0xff, 0x00, 0x00, 0xcf, 0xff, 0x00, 0x00, 0xe4, 0xff,
  0x00, 0x00, 0xe4, 0xff, 0x00, 0x00, 0x32, 0x00, 0x00, 0x00, 0x32, 0x00,
  0x00, 0x00, 0xc4, 0xff, 0x00, 0x00, 0xc4, 0xff, 0x00, 0x00, 0x08, 0x00,
  0x00, 0x00, 0x08, 0x00, 0x00, 0x00, 0x1e, 0x00, 0x00, 0x00, 0x1e, 0x00,
  0x00, 0x00, 0xae, 0xff, 0x00, 0x00, 0xae, 0xff, 0x00, 0x00, 0x6d, 0x00,
  0x00, 0x00, 0x6d, 0x00, 0x00, 0x00, 0xff, 0xff, 0x00, 0x00, 0xff, 0xff,
  0x00, 0x00, 0xc8, 0xff, 0x00, 0x00, 0xc8, 0xff, 0x00, 0x00, 0xf6, 0xff,
  0x00, 0x00, 0xf6, 0xff, 0x00, 0x00, 0x63, 0xff, 0x00, 0x00, 0x63, 0xff,
  0x00, 0x00, 0x0f, 0x00, 0x00, 0x00, 0x0f, 0x00, 0x00, 0x00, 0x3e, 0x00,
  0x00, 0x00, 0x3e, 0x00, 0x00, 0x00, 0xcf, 0xff, 0x00, 0x00, 0xcf, 0xff,
  0x00, 0x00, 0x22, 0x00, 0x00, 0x00, 0x22, 0x00, 0x00, 0x00, 0x40, 0x00,
  0x00, 0x00, 0x40, 0x00, 0x00, 0x00, 0xae, 0xff, 0x00, 0x00, 0xae, 0xff,
  0x00, 0x00, 0x08, 0x00, 0x00, 0x00, 0x08, 0x00, 0x00, 0x00, 0x14, 0x00,
  0x00, 0x00, 0x14, 0x00, 0x00, 0x00, 0xa7, 0xff, 0x00, 0x00, 0xa7, 0xff,
  0x00, 0x00, 0x16, 0x00, 0x00, 0x00, 0x16, 0x00, 0x00, 0x00, 0x24, 0x00,
  0x00, 0x00, 0x24, 0x00, 0x00, 0x00, 0x45, 0x00, 0x00, 0x00, 0x45, 0x00,
  0x00, 0x00, 0x63, 0x00, 0x00, 0x00, 0x63, 0x00, 0x00, 0x00, 0xeb, 0xff,
  0x00, 0x00, 0xeb, 0xff, 0x00, 0x00, 0xd1, 0xff, 0x00, 0x00, 0xd1, 0xff,
  0x00, 0x00, 0x4b, 0x00, 0x00, 0x00, 0x4b, 0x00, 0x00, 0x00, 0xe2, 0xff,
  0x00, 0x00, 0xe2, 0xff, 0x00, 0x00, 0xb0, 0xff, 0x00, 0x00, 0xb0, 0xff,
  0x00, 0x00, 0x67, 0x00, 0x00, 0x00, 0x67, 0x00, 0x00, 0x00, 0x07, 0x00,
  0x00, 0x00, 0x07, 0x00, 0x00, 0x00, 0xe9, 0xff, 0x00, 0x00, 0xe9, 0xff,
  0x00, 0x00, 0x43, 0x00, 0x00, 0x00, 0x43, 0x00, 0x00, 0x00, 0xf3, 0xff,
  0x00, 0x00, 0xf3, 0xff, 0x00, 0x00, 0xfd, 0xff, 0x00, 0x00, 0xfd, 0xff,
  0x00, 0x00, 0xb2, 0xff, 0x00, 0x00, 0xb2, 0xff, 0x00, 0x00, 0xb4, 0xff,
  0x00, 0x00, 0xb4, 0xff, 0x00, 0x00, 0x41, 0x00, 0x00, 0x00, 0x41, 0x00,
  0x00, 0x00, 0xe9, 0xff, 0x00, 0x00, 0xe9, 0xff, 0x00, 0x00, 0xdb, 0xff,
  0x00, 0x00, 0xdb, 0xff, 0x00, 0x00, 0x19, 0x00, 0x00, 0x00, 0x19, 0x00,
  0x00, 0x00, 0x17, 0x00, 0x00, 0x00, 0x17, 0x00, 0x00, 0x00, 0xd2, 0xff,
  0x00, 0x00, 0xd2, 0xff, 0x00, 0x00, 0xcd, 0xff, 0x00, 0x00, 0xcd, 0xff,
  0x00, 0x00, 0x1f, 0x00, 0x00, 0x00, 0x1f, 0x00, 0x00, 0x00, 0xe9, 0xff,
  0x00, 0x00, 0xe9, 0xff, 0x00, 0x00, 0xf7, 0xff, 0x00, 0x00, 0xf7, 0xff,
  0x00, 0x00, 0x3b, 0x00, 0x00, 0x00, 0x3b, 0x00, 0x00, 0x00, 0x0e, 0x00,
  0x00, 0x00, 0x0e, 0x00, 0x00, 0x00, 0x30, 0x00, 0x00, 0x00, 0x30, 0x00,
  0x00, 0x00, 0xf7, 0xff, 0x00, 0x00, 0xf7, 0xff, 0x00, 0x00, 0xbd, 0xff,
  0x00, 0x00, 0xbd, 0xff, 0x00, 0x00, 0x59, 0x00, 0x00, 0x00, 0x59, 0x00,
  0x00, 0x00, 0xd1, 0xff, 0x00, 0x00, 0xd1, 0xff, 0x00, 0x00, 0xc0, 0xff,
  0x00, 0x00, 0xc0, 0xff, 0x00, 0x00, 0x49, 0x00, 0x00, 0x00, 0x49, 0x00,
  0x00, 0x00, 0xc8, 0xff, 0x00, 0x00, 0xc8, 0xff, 0x00, 0x00, 0x01, 0x00,
  0x00, 0x00, 0x01, 0x00, 0x00, 0x00, 0x23, 0x00, 0x00, 0x00, 0x23, 0x00,
  0x00, 0x00, 0xdc, 0xff, 0x00, 0x00, 0xdc, 0xff, 0x00, 0x00, 0x24, 0x00,
  0x00, 0x00, 0x24, 0x00, 0x00, 0x00, 0xd7, 0xff, 0x00, 0x00, 0xd7, 0xff,
  0x00, 0x00, 0xdb, 0xff, 0x00, 0x00, 0xdb, 0xff, 0x00, 0x00, 0x70, 0x00,
  0x00, 0x00, 0x70, 0x00, 0x00, 0x00, 0xd8, 0xff, 0x00, 0x00, 0xd8, 0xff,
  0x00, 0x00, 0xbe, 0xff, 0x00, 0x00, 0xbe, 0xff, 0x00, 0x00, 0x3a, 0x00,
  0x00, 0x00, 0x3a, 0x00, 0x00, 0x00, 0xf5, 0xff, 0x00, 0x00, 0xf5, 0xff,
  0x00, 0x00, 0xd9, 0xff, 0x00, 0x00, 0xd9, 0xff, 0x00, 0x00, 0x3e, 0x00,
  0x00, 0x00, 0x3e, 0x00, 0x00, 0x00, 0xf4, 0xff, 0x00, 0x00, 0xf4, 0xff,
  0x00, 0x00, 0xc5, 0xff, 0x00, 0x00, 0xc5, 0xff, 0x00, 0x00, 0x3d, 0x00,
  0x00, 0x00, 0x3d, 0x00, 0x00, 0x00, 0xe4, 0xff, 0x00, 0x00, 0xe4, 0xff,
  0x00, 0x00, 0x45, 0x00, 0x00, 0x00, 0x45, 0x00, 0x00, 0x00, 0x4a, 0x00,
  0x00, 0x00, 0x4a, 0x00, 0x00, 0x00, 0x86, 0xff, 0x00, 0x00, 0x86, 0xff,
  0x00, 0x00, 0x44, 0x00, 0x00, 0x00, 0x44, 0x00, 0x00, 0x00, 0x51, 0x00,
  0x00, 0x00, 0x51, 0x00, 0x00, 0x00, 0x83, 0xff, 0x00, 0x00, 0x83, 0xff,
  0x00, 0x00, 0x27, 0x00, 0x00, 0x00, 0x27, 0x00, 0x00, 0x00, 0x08, 0x00,
  0x00, 0x00, 0x08, 0x00, 0x00, 0x00, 0x8f, 0xff, 0x00, 0x00, 0x8f, 0xff,
  0x00, 0x00, 0x5c, 0x00, 0x00, 0x00, 0x5c, 0x00, 0x00, 0x00, 0xf4, 0xff,
  0x00, 0x00, 0xf4, 0xff, 0x00, 0x00, 0xba, 0xff, 0x00, 0x00, 0xba, 0xff,
  0x00, 0x00, 0x19, 0x00, 0x00, 0x00, 0x19, 0x00, 0x00, 0x00, 0x8a, 0xff,
  0x00, 0x00, 0x8a, 0xff, 0x00, 0x00, 0xf4, 0xff, 0x00, 0x00, 0xf4, 0xff,
  0x00, 0x00, 0x86, 0x00, 0x00, 0x00, 0x86, 0x00, 0x00, 0x00, 0xb9, 0xff,
  0x00, 0x00, 0xb9, 0xff, 0x00, 0x00, 0xed, 0xff, 0x00, 0x00, 0xed, 0xff,
  0x00, 0x00, 0x6f, 0x00, 0x00, 0x00, 0x6f, 0x00, 0x00, 0x00, 0xaf, 0xff,
  0x00, 0x00, 0xaf, 0xff, 0x00, 0x00, 0x06, 0x00, 0x00, 0x00, 0x06, 0x00,
  0x00, 0x00, 0x25, 0x00, 0x00, 0x00, 0x25, 0x00, 0x00, 0x00, 0x93, 0xff,
  0x00, 0x00, 0x93, 0xff, 0x00, 0x00, 0x23, 0x00, 0x00, 0x00, 0x23, 0x00,
  0x00, 0x00, 0x11, 0x00, 0x00, 0x00, 0x11, 0x00, 0x00, 0x00, 0x17, 0x00,
  0x00, 0x00, 0x17, 0x00, 0x00, 0x00, 0x8b, 0x00, 0x00, 0x00, 0x8b, 0x00,
  0x00, 0x00, 0xe3, 0xff, 0x00, 0x00, 0xe3, 0xff, 0x00, 0x00, 0xce, 0xff,
  0x00, 0x00, 0xce, 0xff, 0x00, 0x00, 0x59, 0x00, 0x00, 0x00, 0x59, 0x00,
  0x00, 0x00, 0xc8, 0xff, 0x00, 0x00, 0xc8, 0xff, 0x00, 0x00, 0xda, 0xff,
  0x00, 0x00, 0xda, 0xff, 0x00, 0x00, 0x55, 0x00, 0x00, 0x00, 0x55, 0x00,
  0x00, 0x00, 0xc7, 0xff, 0x00, 0x00, 0xc7, 0xff, 0x00, 0x00, 0x1b, 0x00,
  0x00, 0x00, 0x1b, 0x00, 0x00, 0x00, 0x32, 0x00, 0x00, 0x00, 0x32, 0x00,
  0x00, 0x00, 0xce, 0xff, 0x00, 0x00, 0xce, 0xff, 0x00, 0x00, 0x23, 0x00,
  0x00, 0x00, 0x23, 0x00, 0x00, 0x00, 0xa7, 0xff, 0x00, 0x00, 0xa7, 0xff,
  0x00, 0x00, 0xad, 0xff, 0x00, 0x00, 0xad, 0xff, 0x00, 0x00, 0x2c, 0x00,
  0x00, 0x00, 0x2c, 0x00, 0x00, 0x00, 0xdc, 0xff, 0x00, 0x00, 0xdc, 0xff,
  0x00, 0x00, 0x0b, 0x00, 0x00, 0x00, 0x0b, 0x00, 0x00, 0x00, 0x1e, 0x00,
  0x00, 0x00, 0x1e, 0x00, 0x00, 0x00, 0x11, 0x00, 0x00, 0x00, 0x11, 0x00,
  0x00, 0x00, 0x1f, 0x00, 0x00, 0x00, 0x1f, 0x00, 0x00, 0x00, 0xdf, 0xff,
  0x00, 0x00, 0xdf, 0xff, 0x00, 0x00, 0xe5, 0xff, 0x00, 0x00, 0xe5, 0xff,
  0x00, 0x00, 0xf5, 0xff, 0x00, 0x00, 0xf5, 0xff, 0x00, 0x00, 0xd3, 0xff,
  0x00, 0x00, 0xd3, 0xff, 0x00, 0x00, 0x10, 0x00, 0x00, 0x00, 0x10, 0x00,
  0x00, 0x00, 0x2d, 0x00, 0x00, 0x00, 0x2d, 0x00, 0x00, 0x00, 0xfc, 0xff,
  0x00, 0x00, 0xfc, 0xff, 0x00, 0x00, 0x1b, 0x00, 0x00, 0x00, 0x1b, 0x00,
  0x00, 0x00, 0xe3, 0xff, 0x00, 0x00, 0xe3, 0xff, 0x00, 0x00, 0xe8, 0xff,
  0x00, 0x00, 0xe8, 0xff, 0x00, 0x00, 0x1f, 0x00, 0x00, 0x00, 0x1f, 0x00,
  0x00, 0x00, 0xca, 0xff, 0x00, 0x00, 0xca, 0xff, 0x00, 0x00, 0xf7, 0xff,
  0x00, 0x00, 0xf7, 0xff, 0x00, 0x00, 0x31, 0x00, 0x00, 0x00, 0x31, 0x00,
  0x00, 0x00, 0x02, 0x00, 0x00, 0x00, 0x02, 0x00, 0x00, 0x00, 0x37, 0x00,
  0x00, 0x00, 0x37, 0x00, 0x00, 0x00, 0x06, 0x00, 0x00, 0x00, 0x06, 0x00,
  0x00, 0x00, 0xc4, 0xff, 0x00, 0x00, 0xc4, 0xff, 0x00, 0x00, 0x15, 0x00,
  0x00, 0x00, 0x15, 0x00, 0x00, 0x00, 0xe8, 0xff, 0x00, 0x00, 0xe8, 0xff,
  0x00, 0x00, 0xe7, 0xff, 0x00, 0x00, 0xe7, 0xff, 0x00, 0x00, 0x18, 0x00,
  0x00, 0x00, 0x18, 0x00, 0x00, 0x00, 0xf1, 0xff, 0x00, 0x00, 0xf1, 0xff,
  0x00, 0x00, 0x14, 0x00, 0x00, 0x00, 0x14, 0x00, 0x00, 0x00, 0x38, 0x00,
  0x00, 0x00, 0x38, 0x00, 0x00, 0x00, 0x17, 0x00, 0x00, 0x00, 0x17, 0x00,
  0x00, 0x00, 0x0f, 0x00, 0x00, 0x00, 0x0f, 0x00, 0x00, 0x00, 0x04, 0x00,
  0x00, 0x00, 0x04, 0x00, 0x00, 0x00, 0xd3, 0xff, 0x00, 0x00, 0xd3, 0xff,
  0x00, 0x00, 0x01, 0x00, 0x00, 0x00, 0x01, 0x00, 0x00, 0x00, 0x28, 0x00,
  0x00, 0x00, 0x28, 0x00, 0x00, 0x00, 0xfc, 0xff, 0x00, 0x00, 0xfc, 0xff,
  0x00, 0x00, 0xf4, 0xff, 0x00, 0x00, 0xf4, 0xff, 0x00, 0x00, 0xfa, 0xff,
  0x00, 0x00, 0xfa, 0xff, 0x00, 0x00, 0xe9, 0xff, 0x00, 0x00, 0xe9, 0xff,
  0x00, 0x00, 0xea, 0xff, 0x00, 0x00, 0xea, 0xff, 0x00, 0x00, 0xd8, 0xff,
  0x00, 0x00, 0xd8, 0xff, 0x00, 0x00, 0xcf, 0xff, 0x00, 0x00, 0xcf, 0xff,
  0x00, 0x00, 0x07, 0x00, 0x00, 0x00, 0x07, 0x00, 0x00, 0x00, 0xfe, 0xff,
  0x00, 0x00, 0xfe, 0xff, 0x00, 0x00, 0xfe, 0xff, 0x00, 0x00, 0xfe, 0xff,
  0x00, 0x00, 0x2c, 0x00, 0x00, 0x00, 0x2c, 0x00, 0x00, 0x00, 0xf2, 0xff,
  0x00, 0x00, 0xf2, 0xff, 0x00, 0x00, 0xc1, 0xff, 0x00, 0x00, 0xc1, 0xff,
  0x00, 0x00, 0x02, 0x00, 0x00, 0x00, 0x02, 0x00, 0x00, 0x00, 0x05, 0x00,
  0x00, 0x00, 0x05, 0x00, 0x00, 0x00, 0xfb, 0xff, 0x00, 0x00, 0xfb, 0xff,
  0x00, 0x00, 0x28, 0x00, 0x00, 0x00, 0x28, 0x00, 0x00, 0x00, 0x23, 0x00,
  0x00, 0x00, 0x23, 0x00, 0x00, 0x00, 0x0e, 0x00, 0x00, 0x00, 0x0e, 0x00,
  0x00, 0x00, 0x1a, 0x00, 0x00, 0x00, 0x1a, 0x00, 0x00, 0x00, 0xed, 0xff,
  0x00, 0x00, 0xed, 0xff, 0x00, 0x00, 0xe8, 0xff, 0x00, 0x00, 0xe8, 0xff,
  0x00, 0x00, 0x0d, 0x00, 0x00, 0x00, 0x0d, 0x00, 0x00, 0x00, 0xd4, 0xff,
  0x00, 0x00, 0xd4, 0xff, 0x00, 0x00, 0x33, 0x00, 0x00, 0x00, 0x33, 0x00,
  0x00, 0x00, 0x57, 0x00, 0x00, 0x00, 0x57, 0x00, 0x00, 0x00, 0xf1, 0xff,
  0x00, 0x00, 0xf1, 0xff, 0x00, 0x00, 0x13, 0x00, 0x00, 0x00, 0x13, 0x00,
  0x00, 0x00, 0x1a, 0x00, 0x00, 0x00, 0x1a, 0x00, 0x00, 0x00, 0xe1, 0xff,
  0x00, 0x00, 0xe1, 0xff, 0x00, 0x00, 0xf0, 0xff, 0x00, 0x00, 0xf0, 0xff,
  0x00, 0x00, 0xf9, 0xff, 0x00, 0x00, 0xf9, 0xff, 0x00, 0x00, 0xe6, 0xff,
  0x00, 0x00, 0xe6, 0xff, 0x00, 0x00, 0x0a, 0x00, 0x00, 0x00, 0x0a, 0x00,
};
const size_t yes_pcm_len = 50808;

const uint8_t no_pcm[] PROGMEM = {
  0x00, 0x00, 0xf2, 0xff, 0x00, 0x00, 0xf2, 0xff, 0x00, 0x00, 0xed, 0xff,
  0x00, 0x00, 0xed, 0xff, 0x00, 0x00, 0xed, 0xff, 0x00, 0x00, 0xed, 0xff,
  0x00, 0x00, 0xea, 0xff, 0x00, 0x00, 0xea, 0xff, 0x00, 0x00, 0xe9, 0xff,
  0x00, 0x00, 0xe9, 0xff, 0x00, 0x00, 0xe7, 0xff, 0x00, 0x00, 0xe7, 0xff,
  0x00, 0x00, 0xe5, 0xff, 0x00, 0x00, 0xe5, 0xff, 0x00, 0x00, 0xe4, 0xff,
  0x00, 0x00, 0xe4, 0xff, 0x00, 0x00, 0xe2, 0xff, 0x00, 0x00, 0xe2, 0xff,
  0x00, 0x00, 0xde, 0xff, 0x00, 0x00, 0xde, 0xff, 0x00, 0x00, 0xde, 0xff,
  0x00, 0x00, 0xde, 0xff, 0x00, 0x00, 0xe0, 0xff, 0x00, 0x00, 0xe0, 0xff,
  0x00, 0x00, 0xde, 0xff, 0x00, 0x00, 0xde, 0xff, 0x00, 0x00, 0xe0, 0xff,
  0x00, 0x00, 0xe0, 0xff, 0x00, 0x00, 0xe3, 0xff, 0x00, 0x00, 0xe3, 0xff,
  0x00, 0x00, 0xe0, 0xff, 0x00, 0x00, 0xe0, 0xff, 0x00, 0x00, 0xdf, 0xff,
  0x00, 0x00, 0xdf, 0xff, 0x00, 0x00, 0xe2, 0xff, 0x00, 0x00, 0xe2, 0xff,
  0x00, 0x00, 0xe1, 0xff, 0x00, 0x00, 0xe1, 0xff, 0x00, 0x00, 0xe1, 0xff,
  0x00, 0x00, 0xe1, 0xff, 0x00, 0x00, 0xe4, 0xff, 0x00, 0x00, 0xe4, 0xff,
  0x00, 0x00, 0xe4, 0xff, 0x00, 0x00, 0xe4, 0xff, 0x00, 0x00, 0xe4, 0xff,
  0x00, 0x00, 0xe4, 0xff, 0x00, 0x00, 0xe7, 0xff, 0x00, 0x00, 0xe7, 0xff,
  0x00, 0x00, 0xe6, 0xff, 0x00, 0x00, 0xe6, 0xff, 0x00, 0x00, 0xe6, 0xff,
  0x00, 0x00, 0xe6, 0xff, 0x00, 0x00, 0xe7, 0xff, 0x00, 0x00, 0xe7, 0xff,
  0x00, 0x00, 0xe9, 0xff, 0x00, 0x00, 0xe9, 0xff, 0x00, 0x00, 0xeb, 0xff,
  0x00, 0x00, 0xeb, 0xff, 0x00, 0x00, 0xec, 0xff, 0x00, 0x00, 0xec, 0xff,
  0x00, 0x00, 0xee, 0xff, 0x00, 0x00, 0xee, 0xff, 0x00, 0x00, 0xee, 0xff,
  0x00, 0x00, 0xee, 0xff, 0x00, 0x00, 0xec, 0xff, 0x00, 0x00, 0xec, 0xff,
  0x00, 0x00, 0xef, 0xff, 0x00, 0x00, 0xef, 0xff, 0x00, 0x00, 0xf3, 0xff,
  0x00, 0x00, 0xf3, 0xff, 0x00, 0x00, 0xf1, 0xff, 0x00, 0x00, 0xf1, 0xff,
  0x00, 0x00, 0xf5, 0xff, 0x00, 0x00, 0xf5, 0xff, 0x00, 0x00, 0x00, 0x00,
  0x00, 0x00, 0x00, 0x00, 0x00, 0x00, 0x07, 0x00, 0x00, 0x00, 0x07, 0x00,
  0x00, 0x00, 0x10, 0x00, 0x00, 0x00, 0x10, 0x00, 0x00, 0x00, 0x1c, 0x00,
  0x00, 0x00, 0x1c, 0x00, 0x00, 0x00, 0x27, 0x00, 0x00, 0x00, 0x27, 0x00,
  0x00, 0x00, 0x32, 0x00, 0x00, 0x00, 0x32, 0x00, 0x00, 0x00, 0x46, 0x00,
  0x00, 0x00, 0x46, 0x00, 0x00, 0x00, 0x5c, 0x00, 0x00, 0x00, 0x5c, 0x00,
  0x00, 0x00, 0x70, 0x00, 0x00, 0x00, 0x70, 0x00, 0x00, 0x00, 0x88, 0x00,
  0x00, 0x00, 0x88, 0x00, 0x00, 0x00, 0x9e, 0x00, 0x00, 0x00, 0x9e, 0x00,
  0x00, 0x00, 0xb9, 0x00, 0x00, 0x00, 0xb9, 0x00, 0x00, 0x00, 0xd7, 0x00,
  0x00, 0x00, 0xd7, 0x00, 0x00, 0x00, 0xf5, 0x00, 0x00, 0x00, 0xf5, 0x00,
  0x00, 0x00, 0x1c, 0x01, 0x00, 0x00, 0x1c, 0x01, 0x00, 0x00, 0x41, 0x01,
  0x00, 0x00, 0x41, 0x01, 0x00, 0x00, 0x65, 0x01, 0x00, 0x00, 0x65, 0x01,
  0x00, 0x00, 0x8f, 0x01, 0x00, 0x00, 0x8f, 0x01, 0x00, 0x00, 0xba, 0x01,
  0x00, 0x00, 0xba, 0x01, 0x00, 0x00, 0xe1, 0x01, 0x00, 0x00, 0xe1, 0x01,
  0x00, 0x00, 0x0b, 0x02, 0x00, 0x00, 0x0b, 0x02, 0x00, 0x00, 0x34, 0x02,
  0x00, 0x00, 0x34, 0x02, 0x00, 0x00, 0x50, 0x02, 0x00, 0x00, 0x50, 0x02,
  0x00, 0x00, 0x6a, 0x02, 0x00, 0x00, 0x6a, 0x02, 0x00, 0x00, 0x83, 0x02,
  0x00, 0x00, 0x83, 0x02, 0x00, 0x00, 0x96, 0x02, 0x00, 0x00, 0x96, 0x02,
  0x00, 0x00, 0xa3, 0x02, 0x00, 0x00, 0xa3, 0x02, 0x00, 0x00, 0xa5, 0x02,
  0x00, 0x00, 0xa5, 0x02, 0x00, 0x00, 0x9b, 0x02, 0x00, 0x00, 0x9b, 0x02,
  0x00, 0x00, 0x85, 0x02, 0x00, 0x00, 0x85, 0x02, 0x00, 0x00, 0x6e, 0x02,
  0x00, 0x00, 0x6e, 0x02, 0x00, 0x00, 0x4f, 0x02, 0x00, 0x00, 0x4f, 0x02,
  0x00, 0x00, 0x21, 0x02, 0x00, 0x00, 0x21, 0x02, 0x00, 0x00, 0xe9, 0x01,
  0x00, 0x00, 0xe9, 0x01, 0x00, 0x00, 0xa7, 0x01, 0x00, 0x00, 0xa7, 0x01,
  0x00, 0x00, 0x5f, 0x01, 0x00, 0x00, 0x5f, 0x01, 0x00, 0x00, 0x0e, 0x01,
  0x00, 0x00, 0x0e, 0x01, 0x00, 0x00, 0xb1, 0x00, 0x00, 0x00, 0xb1, 0x00,
  0x00, 0x00, 0x47, 0x00, 0x00, 0x00, 0x47, 0x00, 0x00, 0x00, 0xd6, 0xff,
  0x00, 0x00, 0xd6, 0xff, 0x00, 0x00, 0x64, 0xff, 0x00, 0x00, 0x64, 0xff,
  0x00, 0x00, 0xf7, 0xfe, 0x00, 0x00, 0xf7, 0xfe, 0x00, 0x00, 0x8b, 0xfe,
  0x00, 0x00, 0x8b, 0xfe, 0x00, 0x00, 0x1b, 0xfe, 0x00, 0x00, 0x1b, 0xfe,
  0x00, 0x00, 0xa7, 0xfd, 0x00, 0x00, 0xa7, 0xfd, 0x00, 0x00, 0x37, 0xfd,
  0x00, 0x00, 0x37, 0xfd, 0x00, 0x00, 0xca, 0xfc, 0x00, 0x00, 0xca, 0xfc,
  0x00, 0x00, 0x61, 0xfc, 0x00, 0x00, 0x61, 0xfc, 0x00, 0x00, 0xfa, 0xfb,
  0x00, 0x00, 0xfa, 0xfb, 0x00, 0x00, 0x91, 0xfb, 0x00, 0x00, 0x91, 0xfb,
  0x00, 0x00, 0x2c, 0xfb, 0x00, 0x00, 0x2c, 0xfb, 0x00, 0x00, 0xcf, 0xfa,
  0x00, 0x00, 0xcf, 0xfa, 0x00, 0x00, 0x7b, 0xfa, 0x00, 0x00, 0x7b, 0xfa,
  0x00, 0x00, 0x2c, 0xfa, 0x00, 0x00, 0x2c, 0xfa, 0x00, 0x00, 0xe0, 0xf9,
  0x00, 0x00, 0xe0, 0xf9, 0x00, 0x00, 0x9b, 0xf9, 0x00, 0x00, 0x9b, 0xf9,
  0x00, 0x00, 0x68, 0xf9, 0x00, 0x00, 0x68, 0xf9, 0x00, 0x00, 0x4b, 0xf9,
  0x00, 0x00, 0x4b, 0xf9, 0x00, 0x00, 0x3b, 0xf9, 0x00, 0x00, 0x3b, 0xf9,
  0x00, 0x00, 0x2c, 0xf9, 0x00, 0x00, 0x2c, 0xf9, 0x00, 0x00, 0x1f, 0xf9,
  0x00, 0x00, 0x1f, 0xf9, 0x00, 0x00, 0x1b, 0xf9, 0x00, 0x00, 0x1b, 0xf9,
  0x00, 0x00, 0x24, 0xf9, 0x00, 0x00, 0x24, 0xf9, 0x00, 0x00, 0x3c, 0xf9,
  0x00, 0x00, 0x3c, 0xf9, 0x00, 0x00, 0x5a, 0xf9, 0x00, 0x00, 0x5a, 0xf9,
  0x00, 0x00, 0x7d, 0xf9, 0x00, 0x00, 0x7d, 0xf9, 0x00, 0x00, 0xa4, 0xf9,
  0x00, 0x00, 0xa4, 0xf9, 0x00, 0x00, 0xce, 0xf9, 0x00, 0x00, 0xce, 0xf9,
  0x00, 0x00, 0x00, 0xfa, 0x00, 0x00, 0x00, 0xfa, 0x00, 0x00, 0x35, 0xfa,
  0x00, 0x00, 0x35, 0xfa, 0x00, 0x00, 0x6a, 0xfa, 0x00, 0x00, 0x6a, 0xfa,
  0x00, 0x00, 0x99, 0xfa, 0x00, 0x00, 0x99, 0xfa, 0x00, 0x00, 0xc5, 0xfa,
  0x00, 0x00, 0xc5, 0xfa, 0x00, 0x00, 0xed, 0xfa, 0x00, 0x00, 0xed, 0xfa,
  0x00, 0x00, 0x0d, 0xfb, 0x00, 0x00, 0x0d, 0xfb, 0x00, 0x00, 0x2f, 0xfb,
  0x00, 0x00, 0x2f, 0xfb, 0x00, 0x00, 0x52, 0xfb, 0x00, 0x00, 0x52, 0xfb,
  0x00, 0x00, 0x7e, 0xfb, 0x00, 0x00, 0x7e, 0xfb, 0x00, 0x00, 0xc9, 0xfb,
  0x00, 0x00, 0xc9, 0xfb, 0x00, 0x00, 0x2c, 0xfc, 0x00, 0x00, 0x2c, 0xfc,
  0x00, 0x00, 0xa3, 0xfc, 0x00, 0x00, 0xa3, 0xfc, 0x00, 0x00, 0x30, 0xfd,
  0x00, 0x00, 0x30, 0xfd, 0x00, 0x00, 0xc3, 0xfd, 0x00, 0x00, 0xc3, 0xfd,
  0x00, 0x00, 0x6c, 0xfe, 0x00, 0x00, 0x6c, 0xfe, 0x00, 0x00, 0x2b, 0xff,
  0x00, 0x00, 0x2b, 0xff, 0x00, 0x00, 0xf8, 0xff, 0x00, 0x00, 0xf8, 0xff,
  0x00, 0x00, 0xcc, 0x00, 0x00, 0x00, 0xcc, 0x00, 0x00, 0x00, 0x9e, 0x01,
  0x00, 0x00, 0x9e, 0x01, 0x00, 0x00, 0x6e, 0x02, 0x00, 0x00, 0x6e, 0x02,
  0x00, 0x00, 0x3c, 0x03, 0x00, 0x00, 0x3c, 0x03, 0x00, 0x00, 0x0e, 0x04,
  0x00, 0x00, 0x0e, 0x04, 0x00, 0x00, 0xd7, 0x04, 0x00, 0x00, 0xd7, 0x04,
  0x00, 0x00, 0x97, 0x05, 0x00, 0x00, 0x97, 0x05, 0x00, 0x00, 0x53, 0x06,
  0x00, 0x00, 0x53, 0x06, 0x00, 0x00, 0x04, 0x07, 0x00, 0x00, 0x04, 0x07,
  0x00, 0x00, 0xb8, 0x07, 0x00, 0x00, 0xb8, 0x07, 0x00, 0x00, 0x69, 0x08,
  0x00, 0x00, 0x69, 0x08, 0x00, 0x00, 0x0f, 0x09, 0x00, 0x00, 0x0f, 0x09,
  0x00, 0x00, 0xa9, 0x09, 0x00, 0x00, 0xa9, 0x09, 0x00, 0x00, 0x39, 0x0a,
  0x00, 0x00, 0x39, 0x0a, 0x00, 0x00, 0xc3, 0x0a, 0x00, 0x00, 0xc3, 0x0a,
  0x00, 0x00, 0x41, 0x0b, 0x00, 0x00, 0x41, 0x0b, 0x00, 0x00, 0xab, 0x0b,
  0x00, 0x00, 0xab, 0x0b, 0x00, 0x00, 0x0a, 0x0c, 0x00, 0x00, 0x0a, 0x0c,
  0x00, 0x00, 0x4d, 0x0c, 0x00, 0x00, 0x4d, 0x0c, 0x00, 0x00, 0x75, 0x0c,
  0x00, 0x00, 0x75, 0x0c, 0x00, 0x00, 0x94, 0x0c, 0x00, 0x00, 0x94, 0x0c,
  0x00, 0x00, 0x96, 0x0c, 0x00, 0x00, 0x96, 0x0c, 0x00, 0x00, 0x7b, 0x0c,
  0x00, 0x00, 0x7b, 0x0c, 0x00, 0x00, 0x39, 0x0c, 0x00, 0x00, 0x39, 0x0c,
  0x00, 0x00, 0xdd, 0x0b, 0x00, 0x00, 0xdd, 0x0b, 0x00, 0x00, 0x6c, 0x0b,
  0x00, 0x00, 0x6c, 0x0b, 0x00, 0x00, 0xde, 0x0a, 0x00, 0x00, 0xde, 0x0a,
  0x00, 0x00, 0x40, 0x0a, 0x00, 0x00, 0x40, 0x0a, 0x00, 0x00, 0x85, 0x09,
  0x00, 0x00, 0x85, 0x09, 0x00, 0x00, 0xb1, 0x08, 0x00, 0x00, 0xb1, 0x08,
  0x00, 0x00, 0xd6, 0x07, 0x00, 0x00, 0xd6, 0x07, 0x00, 0x00, 0xf1, 0x06,
  0x00, 0x00, 0xf1, 0x06, 0x00, 0x00, 0x05, 0x06, 0x00, 0x00, 0x05, 0x06,
  0x00, 0x00, 0x0c, 0x05, 0x00, 0x00, 0x0c, 0x05, 0x00, 0x00, 0x02, 0x04,
  0x00, 0x00, 0x02, 0x04, 0x00, 0x00, 0xf5, 0x02, 0x00, 0x00, 0xf5, 0x02,
  0x00, 0x00, 0xeb, 0x01, 0x00, 0x00, 0xeb, 0x01, 0x00, 0x00, 0xe0, 0x00,
  0x00, 0x00, 0xe0, 0x00, 0x00, 0x00, 0xd6, 0xff, 0x00, 0x00, 0xd6, 0xff,
  0x00, 0x00, 0xcb, 0xfe, 0x00, 0x00, 0xcb, 0xfe, 0x00, 0x00, 0xb9, 0xfd,
  0x00, 0x00, 0xb9, 0xfd, 0x00, 0x00, 0xa5, 0xfc, 0x00, 0x00, 0xa5, 0xfc,
  0x00, 0x00, 0xa3, 0xfb, 0x00, 0x00, 0xa3, 0xfb, 0x00, 0x00, 0xb2, 0xfa,
  0x00, 0x00, 0xb2, 0xfa, 0x00, 0x00, 0xcb, 0xf9, 0x00, 0x00, 0xcb, 0xf9,
  0x00, 0x00, 0xea, 0xf8, 0x00, 0x00, 0xea, 0xf8, 0x00, 0x00, 0x13, 0xf8,
  0x00, 0x00, 0x13, 0xf8, 0x00, 0x00, 0x4a, 0xf7, 0x00, 0x00, 0x4a, 0xf7,
  0x00, 0x00, 0x93, 0xf6, 0x00, 0x00, 0x93, 0xf6, 0x00, 0x00, 0xf8, 0xf5,
  0x00, 0x00, 0xf8, 0xf5, 0x00, 0x00, 0x72, 0xf5, 0x00, 0x00, 0x72, 0xf5,
  0x00, 0x00, 0xf9, 0xf4, 0x00, 0x00, 0xf9, 0xf4, 0x00, 0x00, 0x95, 0xf4,
  0x00, 0x00, 0x95, 0xf4, 0x00, 0x00, 0x47, 0xf4, 0x00, 0x00, 0x47, 0xf4,
  0x00, 0x00, 0x07, 0xf4, 0x00, 0x00, 0x07, 0xf4, 0x00, 0x00, 0xe6, 0xf3,
  0x00, 0x00, 0xe6, 0xf3, 0x00, 0x00, 0xc7, 0xf3, 0x00, 0x00, 0xc7, 0xf3,
  0x00, 0x00, 0xa0, 0xf3, 0x00, 0x00, 0xa0, 0xf3, 0x00, 0x00, 0x91, 0xf3,
  0x00, 0x00, 0x91, 0xf3, 0x00, 0x00, 0x8d, 0xf3, 0x00, 0x00, 0x8d, 0xf3,
  0x00, 0x00, 0x9e, 0xf3, 0x00, 0x00, 0x9e, 0xf3, 0x00, 0x00, 0xb9, 0xf3,
  0x00, 0x00, 0xb9, 0xf3, 0x00, 0x00, 0xd2, 0xf3, 0x00, 0x00, 0xd2, 0xf3,
  0x00, 0x00, 0xf3, 0xf3, 0x00, 0x00, 0xf3, 0xf3, 0x00, 0x00, 0x1f, 0xf4,
  0x00, 0x00, 0x1f, 0xf4, 0x00, 0x00, 0x5b, 0xf4, 0x00, 0x00, 0x5b, 0xf4,
  0x00, 0x00, 0x9d, 0xf4, 0x00, 0x00, 0x9d, 0xf4, 0x00, 0x00, 0xe3, 0xf4,
  0x00, 0x00, 0xe3, 0xf4, 0x00, 0x00, 0x21, 0xf5, 0x00, 0x00, 0x21, 0xf5,
  0x00, 0x00, 0x5c, 0xf5, 0x00, 0x00, 0x5c, 0xf5, 0x00, 0x00, 0x99, 0xf5,
  0x00, 0x00, 0x99, 0xf5, 0x00, 0x00, 0xc4, 0xf5, 0x00, 0x00, 0xc4, 0xf5,
  0x00, 0x00, 0xe2, 0xf5, 0x00, 0x00, 0xe2, 0xf5, 0x00, 0x00, 0x05, 0xf6,
  0x00, 0x00, 0x05, 0xf6, 0x00, 0x00, 0x30, 0xf6, 0x00, 0x00, 0x30, 0xf6,
  0x00, 0x00, 0x83, 0xf6, 0x00, 0x00, 0x83, 0xf6, 0x00, 0x00, 0x12, 0xf7,
  0x00, 0x00, 0x12, 0xf7, 0x00, 0x00, 0xbc, 0xf7, 0x00, 0x00, 0xbc, 0xf7,
  0x00, 0x00, 0x73, 0xf8, 0x00, 0x00, 0x73, 0xf8, 0x00, 0x00, 0x30, 0xf9,
  0x00, 0x00, 0x30, 0xf9, 0x00, 0x00, 0x02, 0xfa, 0x00, 0x00, 0x02, 0xfa,
  0x00, 0x00, 0xfb, 0xfa, 0x00, 0x00, 0xfb, 0xfa, 0x00, 0x00, 0x1a, 0xfc,
  0x00, 0x00, 0x1a, 0xfc, 0x00, 0x00, 0x57, 0xfd, 0x00, 0x00, 0x57, 0xfd,
  0x00, 0x00, 0x96, 0xfe, 0x00, 0x00, 0x96, 0xfe, 0x00, 0x00, 0xd4, 0xff,
  0x00, 0x00, 0xd4, 0xff, 0x00, 0x00, 0x19, 0x01, 0x00, 0x00, 0x19, 0x01,
  0x00, 0x00, 0x5b, 0x02, 0x00, 0x00, 0x5b, 0x02, 0x00, 0x00, 0x92, 0x03,
  0x00, 0x00, 0x92, 0x03, 0x00, 0x00, 0xc6, 0x04, 0x00, 0x00, 0xc6, 0x04,
  0x00, 0x00, 0xf9, 0x05, 0x00, 0x00, 0xf9, 0x05, 0x00, 0x00, 0x30, 0x07,
  0x00, 0x00, 0x30, 0x07, 0x00, 0x00, 0x66, 0x08, 0x00, 0x00, 0x66, 0x08,
  0x00, 0x00, 0x96, 0x09, 0x00, 0x00, 0x96, 0x09, 0x00, 0x00, 0xb0, 0x0a,
  0x00, 0x00, 0xb0, 0x0a, 0x00, 0x00, 0xbb, 0x0b, 0x00, 0x00, 0xbb, 0x0b,
  0x00, 0x00, 0xe3, 0x0c, 0x00, 0x00, 0xe3, 0x0c, 0x00, 0x00, 0x12, 0x0e,
  0x00, 0x00, 0x12, 0x0e, 0x00, 0x00, 0x3d, 0x0f, 0x00, 0x00, 0x3d, 0x0f,
  0x00, 0x00, 0x5b, 0x10, 0x00, 0x00, 0x5b, 0x10, 0x00, 0x00, 0x51, 0x11,
  0x00, 0x00, 0x51, 0x11, 0x00, 0x00, 0x29, 0x12, 0x00, 0x00, 0x29, 0x12,
  0x00, 0x00, 0xeb, 0x12, 0x00, 0x00, 0xeb, 0x12, 0x00, 0x00, 0x8a, 0x13,
  0x00, 0x00, 0x8a, 0x13, 0x00, 0x00, 0xfc, 0x13, 0x00, 0x00, 0xfc, 0x13,
  0x00, 0x00, 0x36, 0x14, 0x00, 0x00, 0x36, 0x14, 0x00, 0x00, 0x4a, 0x14,
  0x00, 0x00, 0x4a, 0x14, 0x00, 0x00, 0x33, 0x14, 0x00, 0x00, 0x33, 0x14,
  0x00, 0x00, 0xea, 0x13, 0x00, 0x00, 0xea, 0x13, 0x00, 0x00, 0x74, 0x13,
  0x00, 0x00, 0x74, 0x13, 0x00, 0x00, 0xb9, 0x12, 0x00, 0x00, 0xb9, 0x12,
  0x00, 0x00, 0xe1, 0x11, 0x00, 0x00, 0xe1, 0x11, 0x00, 0x00, 0xfc, 0x10,
  0x00, 0x00, 0xfc, 0x10, 0x00, 0x00, 0x01, 0x10, 0x00, 0x00, 0x01, 0x10,
  0x00, 0x00, 0xe3, 0x0e, 0x00, 0x00, 0xe3, 0x0e, 0x00, 0x00, 0x97, 0x0d,
  0x00, 0x00, 0x97, 0x0d, 0x00, 0x00, 0x40, 0x0c, 0x00, 0x00, 0x40, 0x0c,
  0x00, 0x00, 0xf1, 0x0a, 0x00, 0x00, 0xf1, 0x0a, 0x00, 0x00, 0xa8, 0x09,
  0x00, 0x00, 0xa8, 0x09, 0x00, 0x00, 0x4e, 0x08, 0x00, 0x00, 0x4e, 0x08,
  0x00, 0x00, 0xd7, 0x06, 0x00, 0x00, 0xd7, 0x06, 0x00, 0x00, 0x4a, 0x05,
  0x00, 0x00, 0x4a, 0x05, 0x00, 0x00, 0xcc, 0x03, 0x00, 0x00, 0xcc, 0x03,
  0x00, 0x00, 0x66, 0x02, 0x00, 0x00, 0x66, 0x02, 0x00, 0x00, 0xff, 0x00,
  0x00, 0x00, 0xff, 0x00, 0x00, 0x00, 0x86, 0xff, 0x00, 0x00, 0x86, 0xff,
  0x00, 0x00, 0xf6, 0xfd, 0x00, 0x00, 0xf6, 0xfd, 0x00, 0x00, 0x7c, 0xfc,
  0x00, 0x00, 0x7c, 0xfc, 0x00, 0x00, 0x2d, 0xfb, 0x00, 0x00, 0x2d, 0xfb,
  0x00, 0x00, 0xf6, 0xf9, 0x00, 0x00, 0xf6, 0xf9, 0x00, 0x00, 0xbb, 0xf8,
  0x00, 0x00, 0xbb, 0xf8, 0x00, 0x00, 0x7c, 0xf7, 0x00, 0x00, 0x7c, 0xf7,
  0x00, 0x00, 0x4f, 0xf6, 0x00, 0x00, 0x4f, 0xf6, 0x00, 0x00, 0x51, 0xf5,
  0x00, 0x00, 0x51, 0xf5, 0x00, 0x00, 0x85, 0xf4, 0x00, 0x00, 0x85, 0xf4,
  0x00, 0x00, 0xc8, 0xf3, 0x00, 0x00, 0xc8, 0xf3, 0x00, 0x00, 0x16, 0xf3,
  0x00, 0x00, 0x16, 0xf3, 0x00, 0x00, 0x77, 0xf2, 0x00, 0x00, 0x77, 0xf2,
  0x00, 0x00, 0xf6, 0xf1, 0x00, 0x00, 0xf6, 0xf1, 0x00, 0x00, 0xa0, 0xf1,
  0x00, 0x00, 0xa0, 0xf1, 0x00, 0x00, 0x5d, 0xf1, 0x00, 0x00, 0x5d, 0xf1,
  0x00, 0x00, 0x1b, 0xf1, 0x00, 0x00, 0x1b, 0xf1, 0x00, 0x00, 0xe8, 0xf0,
  0x00, 0x00, 0xe8, 0xf0, 0x00, 0x00, 0xc5, 0xf0, 0x00, 0x00, 0xc5, 0xf0,
  0x00, 0x00, 0xbc, 0xf0, 0x00, 0x00, 0xbc, 0xf0, 0x00, 0x00, 0xc1, 0xf0,
  0x00, 0x00, 0xc1, 0xf0, 0x00, 0x00, 0xc5, 0xf0, 0x00, 0x00, 0xc5, 0xf0,
  0x00, 0x00, 0xcb, 0xf0, 0x00, 0x00, 0xcb, 0xf0, 0x00, 0x00, 0xdc, 0xf0,
  0x00, 0x00, 0xdc, 0xf0, 0x00, 0x00, 0x04, 0xf1, 0x00, 0x00, 0x04, 0xf1,
  0x00, 0x00, 0x3a, 0xf1, 0x00, 0x00, 0x3a, 0xf1, 0x00, 0x00, 0x68, 0xf1,
  0x00, 0x00, 0x68, 0xf1, 0x00, 0x00, 0x84, 0xf1, 0x00, 0x00, 0x84, 0xf1,
  0x00, 0x00, 0xa9, 0xf1, 0x00, 0x00, 0xa9, 0xf1, 0x00, 0x00, 0xd8, 0xf1,
  0x00, 0x00, 0xd8, 0xf1, 0x00, 0x00, 0x12, 0xf2, 0x00, 0x00, 0x12, 0xf2,
  0x00, 0x00, 0x4c, 0xf2, 0x00, 0x00, 0x4c, 0xf2, 0x00, 0x00, 0x68, 0xf2,
  0x00, 0x00, 0x68, 0xf2, 0x00, 0x00, 0x66, 0xf2, 0x00, 0x00, 0x66, 0xf2,
  0x00, 0x00, 0x43, 0xf2, 0x00, 0x00, 0x43, 0xf2, 0x00, 0x00, 0x26, 0xf2,
  0x00, 0x00, 0x26, 0xf2, 0x00, 0x00, 0x47, 0xf2, 0x00, 0x00, 0x47, 0xf2,
  0x00, 0x00, 0xcc, 0xf2, 0x00, 0x00, 0xcc, 0xf2, 0x00, 0x00, 0xaa, 0xf3,
  0x00, 0x00, 0xaa, 0xf3, 0x00, 0x00, 0xa3, 0xf4, 0x00, 0x00, 0xa3, 0xf4,
  0x00, 0x00, 0x91, 0xf5, 0x00, 0x00, 0x91, 0xf5, 0x00, 0x00, 0x6f, 0xf6,
  0x00, 0x00, 0x6f, 0xf6, 0x00, 0x00, 0x89, 0xf7, 0x00, 0x00, 0x89, 0xf7,
  0x00, 0x00, 0x08, 0xf9, 0x00, 0x00, 0x08, 0xf9, 0x00, 0x00, 0xc6, 0xfa,
  0x00, 0x00, 0xc6, 0xfa, 0x00, 0x00, 0x96, 0xfc, 0x00, 0x00, 0x96, 0xfc,
  0x00, 0x00, 0x58, 0xfe, 0x00, 0x00, 0x58, 0xfe, 0x00, 0x00, 0x17, 0x00,
  0x00, 0x00, 0x17, 0x00, 0x00, 0x00, 0xe4, 0x01, 0x00, 0x00, 0xe4, 0x01,
  0x00, 0x00, 0xba, 0x03, 0x00, 0x00, 0xba, 0x03, 0x00, 0x00, 0x7b, 0x05,
  0x00, 0x00, 0x7b, 0x05, 0x00, 0x00, 0x18, 0x07, 0x00, 0x00, 0x18, 0x07,
  0x00, 0x00, 0xb2, 0x08, 0x00, 0x00, 0xb2, 0x08, 0x00, 0x00, 0x7a, 0x0a,
  0x00, 0x00, 0x7a, 0x0a, 0x00, 0x00, 0x68, 0x0c, 0x00, 0x00, 0x68, 0x0c,
  0x00, 0x00, 0x3d, 0x0e, 0x00, 0x00, 0x3d, 0x0e, 0x00, 0x00, 0xd7, 0x0f,
  0x00, 0x00, 0xd7, 0x0f, 0x00, 0x00, 0x59, 0x11, 0x00, 0x00, 0x59, 0x11,
  0x00, 0x00, 0x0b, 0x13, 0x00, 0x00, 0x0b, 0x13, 0x00, 0x00, 0xfb, 0x14,
  0x00, 0x00, 0xfb, 0x14, 0x00, 0x00, 0xf1, 0x16, 0x00, 0x00, 0xf1, 0x16,
  0x00, 0x00, 0x94, 0x18, 0x00, 0x00, 0x94, 0x18, 0x00, 0x00, 0xc3, 0x19,
  0x00, 0x00, 0xc3, 0x19, 0x00, 0x00, 0xbc, 0x1a, 0x00, 0x00, 0xbc, 0x1a,
  0x00, 0x00, 0xa3, 0x1b, 0x00, 0x00, 0xa3, 0x1b, 0x00, 0x00, 0x58, 0x1c,
  0x00, 0x00, 0x58, 0x1c, 0x00, 0x00, 0xab, 0x1c, 0x00, 0x00, 0xab, 0x1c,
  0x00, 0x00, 0x81, 0x1c, 0x00, 0x00, 0x81, 0x1c, 0x00, 0x00, 0x0a, 0x1c,
  0x00, 0x00, 0x0a, 0x1c, 0x00, 0x00, 0x73, 0x1b, 0x00, 0x00, 0x73, 0x1b,
  0x00, 0x00, 0xb2, 0x1a, 0x00, 0x00, 0xb2, 0x1a, 0x00, 0x00, 0xa5, 0x19,
  0x00, 0x00, 0xa5, 0x19, 0x00, 0x00, 0x2e, 0x18, 0x00, 0x00, 0x2e, 0x18,
  0x00, 0x00, 0x8c, 0x16, 0x00, 0x00, 0x8c, 0x16, 0x00, 0x00, 0x0d, 0x15,
  0x00, 0x00, 0x0d, 0x15, 0x00, 0x00, 0xa1, 0x13, 0x00, 0x00, 0xa1, 0x13,
  0x00, 0x00, 0x1c, 0x12, 0x00, 0x00, 0x1c, 0x12, 0x00, 0x00, 0x67, 0x10,
  0x00, 0x00, 0x67, 0x10, 0x00, 0x00, 0x92, 0x0e, 0x00, 0x00, 0x92, 0x0e,
  0x00, 0x00, 0xc8, 0x0c, 0x00, 0x00, 0xc8, 0x0c, 0x00, 0x00, 0x0a, 0x0b,
  0x00, 0x00, 0x0a, 0x0b, 0x00, 0x00, 0x4e, 0x09, 0x00, 0x00, 0x4e, 0x09,
  0x00, 0x00, 0x79, 0x07, 0x00, 0x00, 0x79, 0x07, 0x00, 0x00, 0x7e, 0x05,
  0x00, 0x00, 0x7e, 0x05, 0x00, 0x00, 0x87, 0x03, 0x00, 0x00, 0x87, 0x03,
  0x00, 0x00, 0x9e, 0x01, 0x00, 0x00, 0x9e, 0x01, 0x00, 0x00, 0xbe, 0xff,
  0x00, 0x00, 0xbe, 0xff, 0x00, 0x00, 0xdb, 0xfd, 0x00, 0x00, 0xdb, 0xfd,
  0x00, 0x00, 0xee, 0xfb, 0x00, 0x00, 0xee, 0xfb, 0x00, 0x00, 0x17, 0xfa,
  0x00, 0x00, 0x17, 0xfa, 0x00, 0x00, 0x6d, 0xf8, 0x00, 0x00, 0x6d, 0xf8,
  0x00, 0x00, 0xe8, 0xf6, 0x00, 0x00, 0xe8, 0xf6, 0x00, 0x00, 0x78, 0xf5,
  0x00, 0x00, 0x78, 0xf5, 0x00, 0x00, 0x2c, 0xf4, 0x00, 0x00, 0x2c, 0xf4,
  0x00, 0x00, 0x06, 0xf3, 0x00, 0x00, 0x06, 0xf3, 0x00, 0x00, 0x03, 0xf2,
  0x00, 0x00, 0x03, 0xf2, 0x00, 0x00, 0x2c, 0xf1, 0x00, 0x00, 0x2c, 0xf1,
  0x00, 0x00, 0x82, 0xf0, 0x00, 0x00, 0x82, 0xf0, 0x00, 0x00, 0xf9, 0xef,
  0x00, 0x00, 0xf9, 0xef, 0x00, 0x00, 0x7f, 0xef, 0x00, 0x00, 0x7f, 0xef,
  0x00, 0x00, 0x2a, 0xef, 0x00, 0x00, 0x2a, 0xef, 0x00, 0x00, 0xff, 0xee,
  0x00, 0x00, 0xff, 0xee, 0x00, 0x00, 0xcf, 0xee, 0x00, 0x00, 0xcf, 0xee,
  0x00, 0x00, 0xa2, 0xee, 0x00, 0x00, 0xa2, 0xee, 0x00, 0x00, 0x96, 0xee,
  0x00, 0x00, 0x96, 0xee, 0x00, 0x00, 0x96, 0xee, 0x00, 0x00, 0x96, 0xee,
  0x00, 0x00, 0x90, 0xee, 0x00, 0x00, 0x90, 0xee, 0x00, 0x00, 0x98, 0xee,
  0x00, 0x00, 0x98, 0xee, 0x00, 0x00, 0xb5, 0xee, 0x00, 0x00, 0xb5, 0xee,
  0x00, 0x00, 0xcf, 0xee, 0x00, 0x00, 0xcf, 0xee, 0x00, 0x00, 0xe7, 0xee,
  0x00, 0x00, 0xe7, 0xee, 0x00, 0x00, 0x23, 0xef, 0x00, 0x00, 0x23, 0xef,
  0x00, 0x00, 0x59, 0xef, 0x00, 0x00, 0x59, 0xef, 0x00, 0x00, 0x7e, 0xef,
  0x00, 0x00, 0x7e, 0xef, 0x00, 0x00, 0xb6, 0xef, 0x00, 0x00, 0xb6, 0xef,
  0x00, 0x00, 0x03, 0xf0, 0x00, 0x00, 0x03, 0xf0, 0x00, 0x00, 0x46, 0xf0,
  0x00, 0x00, 0x46, 0xf0, 0x00, 0x00, 0x6f, 0xf0, 0x00, 0x00, 0x6f, 0xf0,
  0x00, 0x00, 0xa0, 0xf0, 0x00, 0x00, 0xa0, 0xf0, 0x00, 0x00, 0xd7, 0xf0,
  0x00, 0x00, 0xd7, 0xf0, 0x00, 0x00, 0xf3, 0xf0, 0x00, 0x00, 0xf3, 0xf0,
  0x00, 0x00, 0xe6, 0xf0, 0x00, 0x00, 0xe6, 0xf0, 0x00, 0x00, 0xb5, 0xf0,
  0x00, 0x00, 0xb5, 0xf0, 0x00, 0x00, 0x80, 0xf0, 0x00, 0x00, 0x80, 0xf0,
  0x00, 0x00, 0x8f, 0xf0, 0x00, 0x00, 0x8f, 0xf0, 0x00, 0x00, 0x47, 0xf1,
  0x00, 0x00, 0x47, 0xf1, 0x00, 0x00, 0x99, 0xf2, 0x00, 0x00, 0x99, 0xf2,
  0x00, 0x00, 0xed, 0xf3, 0x00, 0x00, 0xed, 0xf3, 0x00, 0x00, 0xf9, 0xf4,
  0x00, 0x00, 0xf9, 0xf4, 0x00, 0x00, 0x04, 0xf6, 0x00, 0x00, 0x04, 0xf6,
  0x00, 0x00, 0x59, 0xf7, 0x00, 0x00, 0x59, 0xf7, 0x00, 0x00, 0x37, 0xf9,
  0x00, 0x00, 0x37, 0xf9, 0x00, 0x00, 0x7b, 0xfb, 0x00, 0x00, 0x7b, 0xfb,
  0x00, 0x00, 0xc4, 0xfd, 0x00, 0x00, 0xc4, 0xfd, 0x00, 0x00, 0xd8, 0xff,
  0x00, 0x00, 0xd8, 0xff, 0x00, 0x00, 0xce, 0x01, 0x00, 0x00, 0xce, 0x01,
  0x00, 0x00, 0xf7, 0x03, 0x00, 0x00, 0xf7, 0x03, 0x00, 0x00, 0x33, 0x06,
  0x00, 0x00, 0x33, 0x06, 0x00, 0x00, 0x1b, 0x08, 0x00, 0x00, 0x1b, 0x08,
  0x00, 0x00, 0xa7, 0x09, 0x00, 0x00, 0xa7, 0x09, 0x00, 0x00, 0x3d, 0x0b,
  0x00, 0x00, 0x3d, 0x0b, 0x00, 0x00, 0x1d, 0x0d, 0x00, 0x00, 0x1d, 0x0d,
  0x00, 0x00, 0x30, 0x0f, 0x00, 0x00, 0x30, 0x0f, 0x00, 0x00, 0x17, 0x11,
  0x00, 0x00, 0x17, 0x11, 0x00, 0x00, 0xad, 0x12, 0x00, 0x00, 0xad, 0x12,
  0x00, 0x00, 0x19, 0x14, 0x00, 0x00, 0x19, 0x14, 0x00, 0x00, 0xac, 0x15,
  0x00, 0x00, 0xac, 0x15, 0x00, 0x00, 0xad, 0x17, 0x00, 0x00, 0xad, 0x17,
  0x00, 0x00, 0xb0, 0x19, 0x00, 0x00, 0xb0, 0x19, 0x00, 0x00, 0x44, 0x1b,
  0x00, 0x00, 0x44, 0x1b, 0x00, 0x00, 0x3d, 0x1c, 0x00, 0x00, 0x3d, 0x1c,
  0x00, 0x00, 0xf2, 0x1c, 0x00, 0x00, 0xf2, 0x1c, 0x00, 0x00, 0x99, 0x1d,
  0x00, 0x00, 0x99, 0x1d, 0x00, 0x00, 0x01, 0x1e, 0x00, 0x00, 0x01, 0x1e,
  0x00, 0x00, 0xfd, 0x1d, 0x00, 0x00, 0xfd, 0x1d, 0x00, 0x00, 0x62, 0x1d,
  0x00, 0x00, 0x62, 0x1d, 0x00, 0x00, 0x6d, 0x1c, 0x00, 0x00, 0x6d, 0x1c,
  0x00, 0x00, 0x5f, 0x1b, 0x00, 0x00, 0x5f, 0x1b, 0x00, 0x00, 0x37, 0x1a,
  0x00, 0x00, 0x37, 0x1a, 0x00, 0x00, 0xcd, 0x18, 0x00, 0x00, 0xcd, 0x18,
  0x00, 0x00, 0xfb, 0x16, 0x00, 0x00, 0xfb, 0x16, 0x00, 0x00, 0xde, 0x14,
  0x00, 0x00, 0xde, 0x14, 0x00, 0x00, 0xd3, 0x12, 0x00, 0x00, 0xd3, 0x12,
  0x00, 0x00, 0x14, 0x11, 0x00, 0x00, 0x14, 0x11, 0x00, 0x00, 0x57, 0x0f,
  0x00, 0x00, 0x57, 0x0f, 0x00, 0x00, 0x52, 0x0d, 0x00, 0x00, 0x52, 0x0d,
  0x00, 0x00, 0x41, 0x0b, 0x00, 0x00, 0x41, 0x0b, 0x00, 0x00, 0x5f, 0x09,
  0x00, 0x00, 0x5f, 0x09, 0x00, 0x00, 0x88, 0x07, 0x00, 0x00, 0x88, 0x07,
  0x00, 0x00, 0xb5, 0x05, 0x00, 0x00, 0xb5, 0x05, 0x00, 0x00, 0xe9, 0x03,
  0x00, 0x00, 0xe9, 0x03, 0x00, 0x00, 0xf2, 0x01, 0x00, 0x00, 0xf2, 0x01,
  0x00, 0x00, 0xe7, 0xff, 0x00, 0x00, 0xe7, 0xff, 0x00, 0x00, 0x1a, 0xfe,
  0x00, 0x00, 0x1a, 0xfe, 0x00, 0x00, 0x6b, 0xfc, 0x00, 0x00, 0x6b, 0xfc,
  0x00, 0x00, 0x96, 0xfa, 0x00, 0x00, 0x96, 0xfa, 0x00, 0x00, 0xba, 0xf8,
  0x00, 0x00, 0xba, 0xf8, 0x00, 0x00, 0x12, 0xf7, 0x00, 0x00, 0x12, 0xf7,
  0x00, 0x00, 0x93, 0xf5, 0x00, 0x00, 0x93, 0xf5, 0x00, 0x00, 0x20, 0xf4,
  0x00, 0x00, 0x20, 0xf4, 0x00, 0x00, 0xef, 0xf2, 0x00, 0x00, 0xef, 0xf2,
  0x00, 0x00, 0xf0, 0xf1, 0x00, 0x00, 0xf0, 0xf1, 0x00, 0x00, 0xeb, 0xf0,
  0x00, 0x00, 0xeb, 0xf0, 0x00, 0x00, 0x0f, 0xf0, 0x00, 0x00, 0x0f, 0xf0,
  0x00, 0x00, 0x8b, 0xef, 0x00, 0x00, 0x8b, 0xef, 0x00, 0x00, 0x20, 0xef,
  0x00, 0x00, 0x20, 0xef, 0x00, 0x00, 0xa8, 0xee, 0x00, 0x00, 0xa8, 0xee,
  0x00, 0x00, 0x6b, 0xee, 0x00, 0x00, 0x6b, 0xee, 0x00, 0x00, 0x5a, 0xee,
  0x00, 0x00, 0x5a, 0xee, 0x00, 0x00, 0x24, 0xee, 0x00, 0x00, 0x24, 0xee,
  0x00, 0x00, 0x08, 0xee, 0x00, 0x00, 0x08, 0xee, 0x00, 0x00, 0x2e, 0xee,
  0x00, 0x00, 0x2e, 0xee, 0x00, 0x00, 0x25, 0xee, 0x00, 0x00, 0x25, 0xee,
  0x00, 0x00, 0x0c, 0xee, 0x00, 0x00, 0x0c, 0xee, 0x00, 0x00, 0x3b, 0xee,
  0x00, 0x00, 0x3b, 0xee, 0x00, 0x00, 0x60, 0xee, 0x00, 0x00, 0x60, 0xee,
  0x00, 0x00, 0x57, 0xee, 0x00, 0x00, 0x57, 0xee, 0x00, 0x00, 0x7c, 0xee,
  0x00, 0x00, 0x7c, 0xee, 0x00, 0x00, 0xe8, 0xee, 0x00, 0x00, 0xe8, 0xee,
  0x00, 0x00, 0x0c, 0xef, 0x00, 0x00, 0x0c, 0xef, 0x00, 0x00, 0x0f, 0xef,
  0x00, 0x00, 0x0f, 0xef, 0x00, 0x00, 0x8f, 0xef, 0x00, 0x00, 0x8f, 0xef,
  0x00, 0x00, 0x04, 0xf0, 0x00, 0x00, 0x04, 0xf0, 0x00, 0x00, 0x0c, 0xf0,
  0x00, 0x00, 0x0c, 0xf0, 0x00, 0x00, 0x4a, 0xf0, 0x00, 0x00, 0x4a, 0xf0,
  0x00, 0x00, 0xce, 0xf0, 0x00, 0x00, 0xce, 0xf0, 0x00, 0x00, 0xf8, 0xf0,
  0x00, 0x00, 0xf8, 0xf0, 0x00, 0x00, 0xfb, 0xf0, 0x00, 0x00, 0xfb, 0xf0,
  0x00, 0x00, 0x39, 0xf1, 0x00, 0x00, 0x39, 0xf1, 0x00, 0x00, 0x12, 0xf1,
  0x00, 0x00, 0x12, 0xf1, 0x00, 0x00, 0x8e, 0xf0, 0x00, 0x00, 0x8e, 0xf0,
  0x00, 0x00, 0xf9, 0xf0, 0x00, 0x00, 0xf9, 0xf0, 0x00, 0x00, 0x71, 0xf2,
  0x00, 0x00, 0x71, 0xf2, 0x00, 0x00, 0xc8, 0xf3, 0x00, 0x00, 0xc8, 0xf3,
  0x00, 0x00, 0xfb, 0xf4, 0x00, 0x00, 0xfb, 0xf4, 0x00, 0x00, 0x5e, 0xf6,
  0x00, 0x00, 0x5e, 0xf6, 0x00, 0x00, 0x98, 0xf7, 0x00, 0x00, 0x98, 0xf7,
  0x00, 0x00, 0xdf, 0xf8, 0x00, 0x00, 0xdf, 0xf8, 0x00, 0x00, 0x0a, 0xfb,
  0x00, 0x00, 0x0a, 0xfb, 0x00, 0x00, 0xc9, 0xfd, 0x00, 0x00, 0xc9, 0xfd,
  0x00, 0x00, 0xe1, 0xff, 0x00, 0x00, 0xe1, 0xff, 0x00, 0x00, 0xc4, 0x01,
  0x00, 0x00, 0xc4, 0x01, 0x00, 0x00, 0x1d, 0x04, 0x00, 0x00, 0x1d, 0x04,
  0x00, 0x00, 0x6c, 0x06, 0x00, 0x00, 0x6c, 0x06, 0x00, 0x00, 0x41, 0x08,
  0x00, 0x00, 0x41, 0x08, 0x00, 0x00, 0xe7, 0x09, 0x00, 0x00, 0xe7, 0x09,
  0x00, 0x00, 0x9c, 0x0b, 0x00, 0x00, 0x9c, 0x0b, 0x00, 0x00, 0x21, 0x0d,
  0x00, 0x00, 0x21, 0x0d, 0x00, 0x00, 0xe9, 0x0e, 0x00, 0x00, 0xe9, 0x0e,
  0x00, 0x00, 0x16, 0x11, 0x00, 0x00, 0x16, 0x11, 0x00, 0x00, 0xe3, 0x12,
  0x00, 0x00, 0xe3, 0x12, 0x00, 0x00, 0x0b, 0x14, 0x00, 0x00, 0x0b, 0x14,
  0x00, 0x00, 0x44, 0x15, 0x00, 0x00, 0x44, 0x15, 0x00, 0x00, 0xfa, 0x16,
  0x00, 0x00, 0xfa, 0x16, 0x00, 0x00, 0xb9, 0x18, 0x00, 0x00, 0xb9, 0x18,
  0x00, 0x00, 0x4a, 0x1a, 0x00, 0x00, 0x4a, 0x1a, 0x00, 0x00, 0x7e, 0x1b,
  0x00, 0x00, 0x7e, 0x1b, 0x00, 0x00, 0x34, 0x1c, 0x00, 0x00, 0x34, 0x1c,
  0x00, 0x00, 0xab, 0x1c, 0x00, 0x00, 0xab, 0x1c, 0x00, 0x00, 0x17, 0x1d,
  0x00, 0x00, 0x17, 0x1d, 0x00, 0x00, 0x41, 0x1d, 0x00, 0x00, 0x41, 0x1d,
  0x00, 0x00, 0xdd, 0x1c, 0x00, 0x00, 0xdd, 0x1c, 0x00, 0x00, 0xfe, 0x1b,
  0x00, 0x00, 0xfe, 0x1b, 0x00, 0x00, 0xea, 0x1a, 0x00, 0x00, 0xea, 0x1a,
  0x00, 0x00, 0xdb, 0x19, 0x00, 0x00, 0xdb, 0x19, 0x00, 0x00, 0x9b, 0x18,
  0x00, 0x00, 0x9b, 0x18, 0x00, 0x00, 0xf3, 0x16, 0x00, 0x00, 0xf3, 0x16,
  0x00, 0x00, 0xfe, 0x14, 0x00, 0x00, 0xfe, 0x14, 0x00, 0x00, 0xef, 0x12,
  0x00, 0x00, 0xef, 0x12, 0x00, 0x00, 0xf4, 0x10, 0x00, 0x00, 0xf4, 0x10,
  0x00, 0x00, 0x41, 0x0f, 0x00, 0x00, 0x41, 0x0f, 0x00, 0x00, 0x81, 0x0d,
  0x00, 0x00, 0x81, 0x0d, 0x00, 0x00, 0x76, 0x0b, 0x00, 0x00, 0x76, 0x0b,
  0x00, 0x00, 0x70, 0x09, 0x00, 0x00, 0x70, 0x09, 0x00, 0x00, 0x94, 0x07,
  0x00, 0x00, 0x94, 0x07, 0x00, 0x00, 0xdd, 0x05, 0x00, 0x00, 0xdd, 0x05,
  0x00, 0x00, 0x0d, 0x04, 0x00, 0x00, 0x0d, 0x04, 0x00, 0x00, 0x2e, 0x02,
  0x00, 0x00, 0x2e, 0x02, 0x00, 0x00, 0x40, 0x00, 0x00, 0x00, 0x40, 0x00,
  0x00, 0x00, 0x47, 0xfe, 0x00, 0x00, 0x47, 0xfe, 0x00, 0x00, 0x83, 0xfc,
  0x00, 0x00, 0x83, 0xfc, 0x00, 0x00, 0xcf, 0xfa, 0x00, 0x00, 0xcf, 0xfa,
  0x00, 0x00, 0xf4, 0xf8, 0x00, 0x00, 0xf4, 0xf8, 0x00, 0x00, 0x11, 0xf7,
  0x00, 0x00, 0x11, 0xf7, 0x00, 0x00, 0x70, 0xf5, 0x00, 0x00, 0x70, 0xf5,
  0x00, 0x00, 0xf1, 0xf3, 0x00, 0x00, 0xf1, 0xf3, 0x00, 0x00, 0x8d, 0xf2,
  0x00, 0x00, 0x8d, 0xf2, 0x00, 0x00, 0x67, 0xf1, 0x00, 0x00, 0x67, 0xf1,
  0x00, 0x00, 0x5c, 0xf0, 0x00, 0x00, 0x5c, 0xf0, 0x00, 0x00, 0x59, 0xef,
  0x00, 0x00, 0x59, 0xef, 0x00, 0x00, 0x92, 0xee, 0x00, 0x00, 0x92, 0xee,
  0x00, 0x00, 0x28, 0xee, 0x00, 0x00, 0x28, 0xee, 0x00, 0x00, 0xbe, 0xed,
  0x00, 0x00, 0xbe, 0xed, 0x00, 0x00, 0x54, 0xed, 0x00, 0x00, 0x54, 0xed,
  0x00, 0x00, 0x3b, 0xed, 0x00, 0x00, 0x3b, 0xed, 0x00, 0x00, 0x31, 0xed,
  0x00, 0x00, 0x31, 0xed, 0x00, 0x00, 0x1a, 0xed, 0x00, 0x00, 0x1a, 0xed,
  0x00, 0x00, 0x2d, 0xed, 0x00, 0x00, 0x2d, 0xed, 0x00, 0x00, 0x4f, 0xed,
  0x00, 0x00, 0x4f, 0xed, 0x00, 0x00, 0x64, 0xed, 0x00, 0x00, 0x64, 0xed,
  0x00, 0x00, 0x83, 0xed, 0x00, 0x00, 0x83, 0xed, 0x00, 0x00, 0xc7, 0xed,
  0x00, 0x00, 0xc7, 0xed, 0x00, 0x00, 0xf9, 0xed, 0x00, 0x00, 0xf9, 0xed,
  0x00, 0x00, 0x31, 0xee, 0x00, 0x00, 0x31, 0xee, 0x00, 0x00, 0xa9, 0xee,
  0x00, 0x00, 0xa9, 0xee, 0x00, 0x00, 0xf5, 0xee, 0x00, 0x00, 0xf5, 0xee,
  0x00, 0x00, 0x1d, 0xef, 0x00, 0x00, 0x1d, 0xef, 0x00, 0x00, 0x89, 0xef,
  0x00, 0x00, 0x89, 0xef, 0x00, 0x00, 0x05, 0xf0, 0x00, 0x00, 0x05, 0xf0,
  0x00, 0x00, 0x2c, 0xf0, 0x00, 0x00, 0x2c, 0xf0, 0x00, 0x00, 0x71, 0xf0,
  0x00, 0x00, 0x71, 0xf0, 0x00, 0x00, 0x08, 0xf1, 0x00, 0x00, 0x08, 0xf1,
  0x00, 0x00, 0x4a, 0xf1, 0x00, 0x00, 0x4a, 0xf1, 0x00, 0x00, 0x6d, 0xf1,
  0x00, 0x00, 0x6d, 0xf1, 0x00, 0x00, 0xc5, 0xf1, 0x00, 0x00, 0xc5, 0xf1,
  0x00, 0x00, 0xb8, 0xf1, 0x00, 0x00, 0xb8, 0xf1, 0x00, 0x00, 0x43, 0xf1,
  0x00, 0x00, 0x43, 0xf1, 0x00, 0x00, 0x88, 0xf1, 0x00, 0x00, 0x88, 0xf1,
  0x00, 0x00, 0xde, 0xf2, 0x00, 0x00, 0xde, 0xf2, 0x00, 0x00, 0x5a, 0xf4,
  0x00, 0x00, 0x5a, 0xf4, 0x00, 0x00, 0xb4, 0xf5, 0x00, 0x00, 0xb4, 0xf5,
  0x00, 0x00, 0x33, 0xf7, 0x00, 0x00, 0x33, 0xf7, 0x00, 0x00, 0x7a, 0xf8,
  0x00, 0x00, 0x7a, 0xf8, 0x00, 0x00, 0xbb, 0xf9, 0x00, 0x00, 0xbb, 0xf9,
  0x00, 0x00, 0xd9, 0xfb, 0x00, 0x00, 0xd9, 0xfb, 0x00, 0x00, 0x89, 0xfe,
  0x00, 0x00, 0x89, 0xfe, 0x00, 0x00, 0xc9, 0x00, 0x00, 0x00, 0xc9, 0x00,
  0x00, 0x00, 0xc9, 0x02, 0x00, 0x00, 0xc9, 0x02, 0x00, 0x00, 0x2a, 0x05,
  0x00, 0x00, 0x2a, 0x05, 0x00, 0x00, 0x79, 0x07, 0x00, 0x00, 0x79, 0x07,
  0x00, 0x00, 0x59, 0x09, 0x00, 0x00, 0x59, 0x09, 0x00, 0x00, 0x1b, 0x0b,
  0x00, 0x00, 0x1b, 0x0b, 0x00, 0x00, 0xbe, 0x0c, 0x00, 0x00, 0xbe, 0x0c,
  0x00, 0x00, 0x19, 0x0e, 0x00, 0x00, 0x19, 0x0e, 0x00, 0x00, 0xb7, 0x0f,
  0x00, 0x00, 0xb7, 0x0f, 0x00, 0x00, 0xeb, 0x11, 0x00, 0x00, 0xeb, 0x11,
  0x00, 0x00, 0xbd, 0x13, 0x00, 0x00, 0xbd, 0x13, 0x00, 0x00, 0xb6, 0x14,
  0x00, 0x00, 0xb6, 0x14, 0x00, 0x00, 0xcc, 0x15, 0x00, 0x00, 0xcc, 0x15,
  0x00, 0x00, 0x56, 0x17, 0x00, 0x00, 0x56, 0x17, 0x00, 0x00, 0xc7, 0x18,
  0x00, 0x00, 0xc7, 0x18, 0x00, 0x00, 0x2a, 0x1a, 0x00, 0x00, 0x2a, 0x1a,
  0x00, 0x00, 0x70, 0x1b, 0x00, 0x00, 0x70, 0x1b, 0x00, 0x00, 0x29, 0x1c,
  0x00, 0x00, 0x29, 0x1c, 0x00, 0x00, 0x70, 0x1c, 0x00, 0x00, 0x70, 0x1c,
  0x00, 0x00, 0xbe, 0x1c, 0x00, 0x00, 0xbe, 0x1c, 0x00, 0x00, 0x00, 0x1d,
  0x00, 0x00, 0x00, 0x1d, 0x00, 0x00, 0x97, 0x1c, 0x00, 0x00, 0x97, 0x1c,
  0x00, 0x00, 0x82, 0x1b, 0x00, 0x00, 0x82, 0x1b, 0x00, 0x00, 0x75, 0x1a,
  0x00, 0x00, 0x75, 0x1a, 0x00, 0x00, 0x6e, 0x19, 0x00, 0x00, 0x6e, 0x19,
  0x00, 0x00, 0xf5, 0x17, 0x00, 0x00, 0xf5, 0x17, 0x00, 0x00, 0x2b, 0x16,
  0x00, 0x00, 0x2b, 0x16, 0x00, 0x00, 0x36, 0x14, 0x00, 0x00, 0x36, 0x14,
  0x00, 0x00, 0x00, 0x12, 0x00, 0x00, 0x00, 0x12, 0x00, 0x00, 0xbc, 0x0f,
  0x00, 0x00, 0xbc, 0x0f, 0x00, 0x00, 0xce, 0x0d, 0x00, 0x00, 0xce, 0x0d,
  0x00, 0x00, 0x05, 0x0c, 0x00, 0x00, 0x05, 0x0c, 0x00, 0x00, 0xe1, 0x09,
  0x00, 0x00, 0xe1, 0x09, 0x00, 0x00, 0x96, 0x07, 0x00, 0x00, 0x96, 0x07,
  0x00, 0x00, 0xa1, 0x05, 0x00, 0x00, 0xa1, 0x05, 0x00, 0x00, 0xe5, 0x03,
  0x00, 0x00, 0xe5, 0x03, 0x00, 0x00, 0xe6, 0x01, 0x00, 0x00, 0xe6, 0x01,
  0x00, 0x00, 0xd7, 0xff, 0x00, 0x00, 0xd7, 0xff, 0x00, 0x00, 0xf5, 0xfd,
  0x00, 0x00, 0xf5, 0xfd, 0x00, 0x00, 0x0c, 0xfc, 0x00, 0x00, 0x0c, 0xfc,
  0x00, 0x00, 0x14, 0xfa, 0x00, 0x00, 0x14, 0xfa, 0x00, 0x00, 0x4b, 0xf8,
  0x00, 0x00, 0x4b, 0xf8, 0x00, 0x00, 0xa1, 0xf6, 0x00, 0x00, 0xa1, 0xf6,
  0x00, 0x00, 0xc1, 0xf4, 0x00, 0x00, 0xc1, 0xf4, 0x00, 0x00, 0xfb, 0xf2,
  0x00, 0x00, 0xfb, 0xf2, 0x00, 0x00, 0x9a, 0xf1, 0x00, 0x00, 0x9a, 0xf1,
  0x00, 0x00, 0x6e, 0xf0, 0x00, 0x00, 0x6e, 0xf0, 0x00, 0x00, 0x37, 0xef,
  0x00, 0x00, 0x37, 0xef, 0x00, 0x00, 0x32, 0xee, 0x00, 0x00, 0x32, 0xee,
  0x00, 0x00, 0x90, 0xed, 0x00, 0x00, 0x90, 0xed, 0x00, 0x00, 0x01, 0xed,
  0x00, 0x00, 0x01, 0xed, 0x00, 0x00, 0x8f, 0xec, 0x00, 0x00, 0x8f, 0xec,
  0x00, 0x00, 0x62, 0xec, 0x00, 0x00, 0x62, 0xec, 0x00, 0x00, 0x43, 0xec,
  0x00, 0x00, 0x43, 0xec, 0x00, 0x00, 0x11, 0xec, 0x00, 0x00, 0x11, 0xec,
  0x00, 0x00, 0x19, 0xec, 0x00, 0x00, 0x19, 0xec, 0x00, 0x00, 0x4c, 0xec,
  0x00, 0x00, 0x4c, 0xec, 0x00, 0x00, 0x7c, 0xec, 0x00, 0x00, 0x7c, 0xec,
  0x00, 0x00, 0xb9, 0xec, 0x00, 0x00, 0xb9, 0xec, 0x00, 0x00, 0xfe, 0xec,
  0x00, 0x00, 0xfe, 0xec, 0x00, 0x00, 0x49, 0xed, 0x00, 0x00, 0x49, 0xed,
  0x00, 0x00, 0x92, 0xed, 0x00, 0x00, 0x92, 0xed, 0x00, 0x00, 0xee, 0xed,
  0x00, 0x00, 0xee, 0xed, 0x00, 0x00, 0x60, 0xee, 0x00, 0x00, 0x60, 0xee,
  0x00, 0x00, 0xd1, 0xee, 0x00, 0x00, 0xd1, 0xee, 0x00, 0x00, 0x30, 0xef,
  0x00, 0x00, 0x30, 0xef, 0x00, 0x00, 0x9c, 0xef, 0x00, 0x00, 0x9c, 0xef,
  0x00, 0x00, 0x27, 0xf0, 0x00, 0x00, 0x27, 0xf0, 0x00, 0x00, 0xaf, 0xf0,
  0x00, 0x00, 0xaf, 0xf0, 0x00, 0x00, 0x1e, 0xf1, 0x00, 0x00, 0x1e, 0xf1,
  0x00, 0x00, 0x80, 0xf1, 0x00, 0x00, 0x80, 0xf1, 0x00, 0x00, 0xfb, 0xf1,
  0x00, 0x00, 0xfb, 0xf1, 0x00, 0x00, 0x6d, 0xf2, 0x00, 0x00, 0x6d, 0xf2,
  0x00, 0x00, 0xc1, 0xf2, 0x00, 0x00, 0xc1, 0xf2, 0x00, 0x00, 0xef, 0xf2,
  0x00, 0x00, 0xef, 0xf2, 0x00, 0x00, 0xc6, 0xf2, 0x00, 0x00, 0xc6, 0xf2,
  0x00, 0x00, 0xae, 0xf2, 0x00, 0x00, 0xae, 0xf2, 0x00, 0x00, 0x5c, 0xf3,
  0x00, 0x00, 0x5c, 0xf3, 0x00, 0x00, 0xb4, 0xf4, 0x00, 0x00, 0xb4, 0xf4,
  0x00, 0x00, 0x42, 0xf6, 0x00, 0x00, 0x42, 0xf6, 0x00, 0x00, 0xb4, 0xf7,
  0x00, 0x00, 0xb4, 0xf7, 0x00, 0x00, 0xea, 0xf8, 0x00, 0x00, 0xea, 0xf8,
  0x00, 0x00, 0x10, 0xfa, 0x00, 0x00, 0x10, 0xfa, 0x00, 0x00, 0xa5, 0xfb,
  0x00, 0x00, 0xa5, 0xfb, 0x00, 0x00, 0xe9, 0xfd, 0x00, 0x00, 0xe9, 0xfd,
  0x00, 0x00, 0x54, 0x00, 0x00, 0x00, 0x54, 0x00, 0x00, 0x00, 0x7f, 0x02,
  0x00, 0x00, 0x7f, 0x02, 0x00, 0x00, 0xae, 0x04, 0x00, 0x00, 0xae, 0x04,
  0x00, 0x00, 0xf7, 0x06, 0x00, 0x00, 0xf7, 0x06, 0x00, 0x00, 0x18, 0x09,
  0x00, 0x00, 0x18, 0x09, 0x00, 0x00, 0xf2, 0x0a, 0x00, 0x00, 0xf2, 0x0a,
  0x00, 0x00, 0x8d, 0x0c, 0x00, 0x00, 0x8d, 0x0c, 0x00, 0x00, 0xfa, 0x0d,
  0x00, 0x00, 0xfa, 0x0d, 0x00, 0x00, 0x7d, 0x0f, 0x00, 0x00, 0x7d, 0x0f,
  0x00, 0x00, 0x74, 0x11, 0x00, 0x00, 0x74, 0x11, 0x00, 0x00, 0x94, 0x13,
  0x00, 0x00, 0x94, 0x13, 0x00, 0x00, 0x10, 0x15, 0x00, 0x00, 0x10, 0x15,
  0x00, 0x00, 0x17, 0x16, 0x00, 0x00, 0x17, 0x16, 0x00, 0x00, 0x5e, 0x17,
  0x00, 0x00, 0x5e, 0x17, 0x00, 0x00, 0xce, 0x18, 0x00, 0x00, 0xce, 0x18,
  0x00, 0x00, 0x3e, 0x1a, 0x00, 0x00, 0x3e, 0x1a, 0x00, 0x00, 0xa7, 0x1b,
  0x00, 0x00, 0xa7, 0x1b, 0x00, 0x00, 0xbd, 0x1c, 0x00, 0x00, 0xbd, 0x1c,
  0x00, 0x00, 0x40, 0x1d, 0x00, 0x00, 0x40, 0x1d, 0x00, 0x00, 0x8e, 0x1d,
  0x00, 0x00, 0x8e, 0x1d, 0x00, 0x00, 0xfa, 0x1d, 0x00, 0x00, 0xfa, 0x1d,
  0x00, 0x00, 0xe3, 0x1d, 0x00, 0x00, 0xe3, 0x1d, 0x00, 0x00, 0xf3, 0x1c,
  0x00, 0x00, 0xf3, 0x1c, 0x00, 0x00, 0xc9, 0x1b, 0x00, 0x00, 0xc9, 0x1b,
  0x00, 0x00, 0xb4, 0x1a, 0x00, 0x00, 0xb4, 0x1a, 0x00, 0x00, 0x44, 0x19,
  0x00, 0x00, 0x44, 0x19, 0x00, 0x00, 0x79, 0x17, 0x00, 0x00, 0x79, 0x17,
  0x00, 0x00, 0x9e, 0x15, 0x00, 0x00, 0x9e, 0x15, 0x00, 0x00, 0x5e, 0x13,
  0x00, 0x00, 0x5e, 0x13, 0x00, 0x00, 0xc8, 0x10, 0x00, 0x00, 0xc8, 0x10,
  0x00, 0x00, 0x88, 0x0e, 0x00, 0x00, 0x88, 0x0e, 0x00, 0x00, 0x9c, 0x0c,
  0x00, 0x00, 0x9c, 0x0c, 0x00, 0x00, 0x6f, 0x0a, 0x00, 0x00, 0x6f, 0x0a,
  0x00, 0x00, 0x16, 0x08, 0x00, 0x00, 0x16, 0x08, 0x00, 0x00, 0x0e, 0x06,
  0x00, 0x00, 0x0e, 0x06, 0x00, 0x00, 0x1d, 0x04, 0x00, 0x00, 0x1d, 0x04,
  0x00, 0x00, 0x20, 0x02, 0x00, 0x00, 0x20, 0x02, 0x00, 0x00, 0x42, 0x00,
  0x00, 0x00, 0x42, 0x00, 0x00, 0x00, 0x4c, 0xfe, 0x00, 0x00, 0x4c, 0xfe,
  0x00, 0x00, 0x50, 0xfc, 0x00, 0x00, 0x50, 0xfc, 0x00, 0x00, 0x86, 0xfa,
  0x00, 0x00, 0x86, 0xfa, 0x00, 0x00, 0xb8, 0xf8, 0x00, 0x00, 0xb8, 0xf8,
  0x00, 0x00, 0xdd, 0xf6, 0x00, 0x00, 0xdd, 0xf6, 0x00, 0x00, 0x38, 0xf5,
  0x00, 0x00, 0x38, 0xf5, 0x00, 0x00, 0x9b, 0xf3, 0x00, 0x00, 0x9b, 0xf3,
  0x00, 0x00, 0xd6, 0xf1, 0x00, 0x00, 0xd6, 0xf1, 0x00, 0x00, 0x81, 0xf0,
  0x00, 0x00, 0x81, 0xf0, 0x00, 0x00, 0x92, 0xef, 0x00, 0x00, 0x92, 0xef,
  0x00, 0x00, 0x5c, 0xee, 0x00, 0x00, 0x5c, 0xee, 0x00, 0x00, 0x5f, 0xed,
  0x00, 0x00, 0x5f, 0xed, 0x00, 0x00, 0xf9, 0xec, 0x00, 0x00, 0xf9, 0xec,
  0x00, 0x00, 0x93, 0xec, 0x00, 0x00, 0x93, 0xec, 0x00, 0x00, 0x12, 0xec,
  0x00, 0x00, 0x12, 0xec, 0x00, 0x00, 0x08, 0xec, 0x00, 0x00, 0x08, 0xec,
  0x00, 0x00, 0x45, 0xec, 0x00, 0x00, 0x45, 0xec, 0x00, 0x00, 0x26, 0xec,
  0x00, 0x00, 0x26, 0xec, 0x00, 0x00, 0x30, 0xec, 0x00, 0x00, 0x30, 0xec,
  0x00, 0x00, 0xbd, 0xec, 0x00, 0x00, 0xbd, 0xec, 0x00, 0x00, 0x10, 0xed,
  0x00, 0x00, 0x10, 0xed, 0x00, 0x00, 0x21, 0xed, 0x00, 0x00, 0x21, 0xed,
  0x00, 0x00, 0x8e, 0xed, 0x00, 0x00, 0x8e, 0xed, 0x00, 0x00, 0x0a, 0xee,
  0x00, 0x00, 0x0a, 0xee, 0x00, 0x00, 0x45, 0xee, 0x00, 0x00, 0x45, 0xee,
  0x00, 0x00, 0xa4, 0xee, 0x00, 0x00, 0xa4, 0xee, 0x00, 0x00, 0x2f, 0xef,
  0x00, 0x00, 0x2f, 0xef, 0x00, 0x00, 0x84, 0xef, 0x00, 0x00, 0x84, 0xef,
  0x00, 0x00, 0xd6, 0xef, 0x00, 0x00, 0xd6, 0xef, 0x00, 0x00, 0x61, 0xf0,
  0x00, 0x00, 0x61, 0xf0, 0x00, 0x00, 0xd5, 0xf0, 0x00, 0x00, 0xd5, 0xf0,
  0x00, 0x00, 0x3f, 0xf1, 0x00, 0x00, 0x3f, 0xf1, 0x00, 0x00, 0xb0, 0xf1,
  0x00, 0x00, 0xb0, 0xf1, 0x00, 0x00, 0x19, 0xf2, 0x00, 0x00, 0x19, 0xf2,
  0x00, 0x00, 0x8b, 0xf2, 0x00, 0x00, 0x8b, 0xf2, 0x00, 0x00, 0xef, 0xf2,
  0x00, 0x00, 0xef, 0xf2, 0x00, 0x00, 0x23, 0xf3, 0x00, 0x00, 0x23, 0xf3,
  0x00, 0x00, 0x0f, 0xf3, 0x00, 0x00, 0x0f, 0xf3, 0x00, 0x00, 0x2b, 0xf3,
  0x00, 0x00, 0x2b, 0xf3, 0x00, 0x00, 0xdf, 0xf3, 0x00, 0x00, 0xdf, 0xf3,
  0x00, 0x00, 0x2d, 0xf5, 0x00, 0x00, 0x2d, 0xf5, 0x00, 0x00, 0xe5, 0xf6,
  0x00, 0x00, 0xe5, 0xf6, 0x00, 0x00, 0x78, 0xf8, 0x00, 0x00, 0x78, 0xf8,
  0x00, 0x00, 0xb5, 0xf9, 0x00, 0x00, 0xb5, 0xf9, 0x00, 0x00, 0xe5, 0xfa,
  0x00, 0x00, 0xe5, 0xfa, 0x00, 0x00, 0x8b, 0xfc, 0x00, 0x00, 0x8b, 0xfc,
  0x00, 0x00, 0xc3, 0xfe, 0x00, 0x00, 0xc3, 0xfe, 0x00, 0x00, 0x36, 0x01,
  0x00, 0x00, 0x36, 0x01, 0x00, 0x00, 0x99, 0x03, 0x00, 0x00, 0x99, 0x03,
  0x00, 0x00, 0xd1, 0x05, 0x00, 0x00, 0xd1, 0x05, 0x00, 0x00, 0x23, 0x08,
  0x00, 0x00, 0x23, 0x08, 0x00, 0x00, 0x73, 0x0a, 0x00, 0x00, 0x73, 0x0a,
  0x00, 0x00, 0x5a, 0x0c, 0x00, 0x00, 0x5a, 0x0c, 0x00, 0x00, 0xe5, 0x0d,
  0x00, 0x00, 0xe5, 0x0d, 0x00, 0x00, 0x6c, 0x0f, 0x00, 0x00, 0x6c, 0x0f,
  0x00, 0x00, 0x0c, 0x11, 0x00, 0x00, 0x0c, 0x11, 0x00, 0x00, 0xec, 0x12,
  0x00, 0x00, 0xec, 0x12, 0x00, 0x00, 0xfa, 0x14, 0x00, 0x00, 0xfa, 0x14,
  0x00, 0x00, 0xac, 0x16, 0x00, 0x00, 0xac, 0x16, 0x00, 0x00, 0xb4, 0x17,
  0x00, 0x00, 0xb4, 0x17, 0x00, 0x00, 0x95, 0x18, 0x00, 0x00, 0x95, 0x18,
  0x00, 0x00, 0xe6, 0x19, 0x00, 0x00, 0xe6, 0x19, 0x00, 0x00, 0x3b, 0x1b,
  0x00, 0x00, 0x3b, 0x1b, 0x00, 0x00, 0x29, 0x1c, 0x00, 0x00, 0x29, 0x1c,
  0x00, 0x00, 0xf1, 0x1c, 0x00, 0x00, 0xf1, 0x1c, 0x00, 0x00, 0x8a, 0x1d,
  0x00, 0x00, 0x8a, 0x1d, 0x00, 0x00, 0xa8, 0x1d, 0x00, 0x00, 0xa8, 0x1d,
  0x00, 0x00, 0x8d, 0x1d, 0x00, 0x00, 0x8d, 0x1d, 0x00, 0x00, 0x56, 0x1d,
  0x00, 0x00, 0x56, 0x1d, 0x00, 0x00, 0x5a, 0x1c, 0x00, 0x00, 0x5a, 0x1c,
  0x00, 0x00, 0xc5, 0x1a, 0x00, 0x00, 0xc5, 0x1a, 0x00, 0x00, 0x76, 0x19,
  0x00, 0x00, 0x76, 0x19, 0x00, 0x00, 0x41, 0x18, 0x00, 0x00, 0x41, 0x18,
  0x00, 0x00, 0x8d, 0x16, 0x00, 0x00, 0x8d, 0x16, 0x00, 0x00, 0x83, 0x14,
  0x00, 0x00, 0x83, 0x14, 0x00, 0x00, 0x78, 0x12, 0x00, 0x00, 0x78, 0x12,
  0x00, 0x00, 0x1d, 0x10, 0x00, 0x00, 0x1d, 0x10, 0x00, 0x00, 0xbf, 0x0d,
  0x00, 0x00, 0xbf, 0x0d, 0x00, 0x00, 0xc0, 0x0b, 0x00, 0x00, 0xc0, 0x0b,
  0x00, 0x00, 0xa4, 0x09, 0x00, 0x00, 0xa4, 0x09, 0x00, 0x00, 0x5c, 0x07,
  0x00, 0x00, 0x5c, 0x07, 0x00, 0x00, 0x4d, 0x05, 0x00, 0x00, 0x4d, 0x05,
  0x00, 0x00, 0xa1, 0x03, 0x00, 0x00, 0xa1, 0x03, 0x00, 0x00, 0xbf, 0x01,
  0x00, 0x00, 0xbf, 0x01, 0x00, 0x00, 0xa3, 0xff, 0x00, 0x00, 0xa3, 0xff,
  0x00, 0x00, 0xde, 0xfd, 0x00, 0x00, 0xde, 0xfd, 0x00, 0x00, 0x21, 0xfc,
  0x00, 0x00, 0x21, 0xfc, 0x00, 0x00, 0x51, 0xfa, 0x00, 0x00, 0x51, 0xfa,
  0x00, 0x00, 0xb7, 0xf8, 0x00, 0x00, 0xb7, 0xf8, 0x00, 0x00, 0x3c, 0xf7,
  0x00, 0x00, 0x3c, 0xf7, 0x00, 0x00, 0x93, 0xf5, 0x00, 0x00, 0x93, 0xf5,
  0x00, 0x00, 0x12, 0xf4, 0x00, 0x00, 0x12, 0xf4, 0x00, 0x00, 0xfa, 0xf2,
  0x00, 0x00, 0xfa, 0xf2, 0x00, 0x00, 0xca, 0xf1, 0x00, 0x00, 0xca, 0xf1,
  0x00, 0x00, 0x7b, 0xf0, 0x00, 0x00, 0x7b, 0xf0, 0x00, 0x00, 0x87, 0xef,
  0x00, 0x00, 0x87, 0xef, 0x00, 0x00, 0xf8, 0xee, 0x00, 0x00, 0xf8, 0xee,
  0x00, 0x00, 0x77, 0xee, 0x00, 0x00, 0x77, 0xee, 0x00, 0x00, 0x03, 0xee,
  0x00, 0x00, 0x03, 0xee, 0x00, 0x00, 0xa9, 0xed, 0x00, 0x00, 0xa9, 0xed,
  0x00, 0x00, 0x39, 0xed, 0x00, 0x00, 0x39, 0xed, 0x00, 0x00, 0x04, 0xed,
  0x00, 0x00, 0x04, 0xed, 0x00, 0x00, 0x29, 0xed, 0x00, 0x00, 0x29, 0xed,
  0x00, 0x00, 0x55, 0xed, 0x00, 0x00, 0x55, 0xed, 0x00, 0x00, 0x35, 0xed,
  0x00, 0x00, 0x35, 0xed, 0x00, 0x00, 0xfc, 0xec, 0x00, 0x00, 0xfc, 0xec,
  0x00, 0x00, 0x2c, 0xed, 0x00, 0x00, 0x2c, 0xed, 0x00, 0x00, 0xaa, 0xed,
  0x00, 0x00, 0xaa, 0xed, 0x00, 0x00, 0xde, 0xed, 0x00, 0x00, 0xde, 0xed,
  0x00, 0x00, 0x8f, 0xed, 0x00, 0x00, 0x8f, 0xed, 0x00, 0x00, 0x91, 0xed,
  0x00, 0x00, 0x91, 0xed, 0x00, 0x00, 0x2b, 0xee, 0x00, 0x00, 0x2b, 0xee,
  0x00, 0x00, 0x98, 0xee, 0x00, 0x00, 0x98, 0xee, 0x00, 0x00, 0xaf, 0xee,
  0x00, 0x00, 0xaf, 0xee, 0x00, 0x00, 0xe2, 0xee, 0x00, 0x00, 0xe2, 0xee,
  0x00, 0x00, 0x5a, 0xef, 0x00, 0x00, 0x5a, 0xef, 0x00, 0x00, 0xa5, 0xef,
  0x00, 0x00, 0xa5, 0xef, 0x00, 0x00, 0xd4, 0xef, 0x00, 0x00, 0xd4, 0xef,
  0x00, 0x00, 0x4a, 0xf0, 0x00, 0x00, 0x4a, 0xf0, 0x00, 0x00, 0xc5, 0xf0,
  0x00, 0x00, 0xc5, 0xf0, 0x00, 0x00, 0xe4, 0xf0, 0x00, 0x00, 0xe4, 0xf0,
  0x00, 0x00, 0xae, 0xf0, 0x00, 0x00, 0xae, 0xf0, 0x00, 0x00, 0x66, 0xf0,
  0x00, 0x00, 0x66, 0xf0, 0x00, 0x00, 0x5b, 0xf0, 0x00, 0x00, 0x5b, 0xf0,
  0x00, 0x00, 0x72, 0xf1, 0x00, 0x00, 0x72, 0xf1, 0x00, 0x00, 0x5e, 0xf4,
  0x00, 0x00, 0x5e, 0xf4, 0x00, 0x00, 0x14, 0xf8, 0x00, 0x00, 0x14, 0xf8,
  0x00, 0x00, 0x6e, 0xfa, 0x00, 0x00, 0x6e, 0xfa, 0x00, 0x00, 0x39, 0xfb,
  0x00, 0x00, 0x39, 0xfb, 0x00, 0x00, 0xc0, 0xfc, 0x00, 0x00, 0xc0, 0xfc,
  0x00, 0x00, 0x91, 0xff, 0x00, 0x00, 0x91, 0xff, 0x00, 0x00, 0x50, 0x02,
  0x00, 0x00, 0x50, 0x02, 0x00, 0x00, 0x0f, 0x05, 0x00, 0x00, 0x0f, 0x05,
  0x00, 0x00, 0x6c, 0x08, 0x00, 0x00, 0x6c, 0x08, 0x00, 0x00, 0xd2, 0x0b,
  0x00, 0x00, 0xd2, 0x0b, 0x00, 0x00, 0x8f, 0x0e, 0x00, 0x00, 0x8f, 0x0e,
  0x00, 0x00, 0xec, 0x10, 0x00, 0x00, 0xec, 0x10, 0x00, 0x00, 0x93, 0x12,
  0x00, 0x00, 0x93, 0x12, 0x00, 0x00, 0x00, 0x13, 0x00, 0x00, 0x00, 0x13,
  0x00, 0x00, 0xa3, 0x13, 0x00, 0x00, 0xa3, 0x13, 0x00, 0x00, 0x9e, 0x15,
  0x00, 0x00, 0x9e, 0x15, 0x00, 0x00, 0x24, 0x18, 0x00, 0x00, 0x24, 0x18,
  0x00, 0x00, 0x0b, 0x1a, 0x00, 0x00, 0x0b, 0x1a, 0x00, 0x00, 0xb1, 0x1a,
  0x00, 0x00, 0xb1, 0x1a, 0x00, 0x00, 0x69, 0x1a, 0x00, 0x00, 0x69, 0x1a,
  0x00, 0x00, 0x32, 0x1a, 0x00, 0x00, 0x32, 0x1a, 0x00, 0x00, 0x70, 0x1a,
  0x00, 0x00, 0x70, 0x1a, 0x00, 0x00, 0x93, 0x1a, 0x00, 0x00, 0x93, 0x1a,
  0x00, 0x00, 0x86, 0x1a, 0x00, 0x00, 0x86, 0x1a, 0x00, 0x00, 0xa9, 0x1a,
  0x00, 0x00, 0xa9, 0x1a, 0x00, 0x00, 0x69, 0x1a, 0x00, 0x00, 0x69, 0x1a,
  0x00, 0x00, 0x5d, 0x19, 0x00, 0x00, 0x5d, 0x19, 0x00, 0x00, 0x4e, 0x18,
  0x00, 0x00, 0x4e, 0x18, 0x00, 0x00, 0x5c, 0x17, 0x00, 0x00, 0x5c, 0x17,
  0x00, 0x00, 0x8e, 0x15, 0x00, 0x00, 0x8e, 0x15, 0x00, 0x00, 0x67, 0x13,
  0x00, 0x00, 0x67, 0x13, 0x00, 0x00, 0x40, 0x12, 0x00, 0x00, 0x40, 0x12,
  0x00, 0x00, 0x8a, 0x11, 0x00, 0x00, 0x8a, 0x11, 0x00, 0x00, 0x02, 0x10,
  0x00, 0x00, 0x02, 0x10, 0x00, 0x00, 0xdd, 0x0d, 0x00, 0x00, 0xdd, 0x0d,
  0x00, 0x00, 0xdf, 0x0b, 0x00, 0x00, 0xdf, 0x0b, 0x00, 0x00, 0x06, 0x0a,
  0x00, 0x00, 0x06, 0x0a, 0x00, 0x00, 0x69, 0x08, 0x00, 0x00, 0x69, 0x08,
  0x00, 0x00, 0x44, 0x07, 0x00, 0x00, 0x44, 0x07, 0x00, 0x00, 0xf1, 0x05,
  0x00, 0x00, 0xf1, 0x05, 0x00, 0x00, 0xec, 0x03, 0x00, 0x00, 0xec, 0x03,
  0x00, 0x00, 0xe5, 0x01, 0x00, 0x00, 0xe5, 0x01, 0x00, 0x00, 0xb4, 0x00,
  0x00, 0x00, 0xb4, 0x00, 0x00, 0x00, 0xe2, 0xff, 0x00, 0x00, 0xe2, 0xff,
  0x00, 0x00, 0x72, 0xfe, 0x00, 0x00, 0x72, 0xfe, 0x00, 0x00, 0x91, 0xfc,
  0x00, 0x00, 0x91, 0xfc, 0x00, 0x00, 0x1a, 0xfb, 0x00, 0x00, 0x1a, 0xfb,
  0x00, 0x00, 0x11, 0xfa, 0x00, 0x00, 0x11, 0xfa, 0x00, 0x00, 0xd6, 0xf8,
  0x00, 0x00, 0xd6, 0xf8, 0x00, 0x00, 0x61, 0xf7, 0x00, 0x00, 0x61, 0xf7,
  0x00, 0x00, 0xfd, 0xf5, 0x00, 0x00, 0xfd, 0xf5, 0x00, 0x00, 0xb1, 0xf4,
  0x00, 0x00, 0xb1, 0xf4, 0x00, 0x00, 0x99, 0xf3, 0x00, 0x00, 0x99, 0xf3,
  0x00, 0x00, 0xf2, 0xf2, 0x00, 0x00, 0xf2, 0xf2, 0x00, 0x00, 0x3a, 0xf2,
  0x00, 0x00, 0x3a, 0xf2, 0x00, 0x00, 0xdd, 0xf0, 0x00, 0x00, 0xdd, 0xf0,
  0x00, 0x00, 0x71, 0xef, 0x00, 0x00, 0x71, 0xef, 0x00, 0x00, 0x93, 0xee,
  0x00, 0x00, 0x93, 0xee, 0x00, 0x00, 0x3b, 0xee, 0x00, 0x00, 0x3b, 0xee,
  0x00, 0x00, 0x19, 0xee, 0x00, 0x00, 0x19, 0xee, 0x00, 0x00, 0xb4, 0xed,
  0x00, 0x00, 0xb4, 0xed, 0x00, 0x00, 0x0a, 0xed, 0x00, 0x00, 0x0a, 0xed,
  0x00, 0x00, 0xd9, 0xec, 0x00, 0x00, 0xd9, 0xec, 0x00, 0x00, 0x35, 0xed,
  0x00, 0x00, 0x35, 0xed, 0x00, 0x00, 0xff, 0xec, 0x00, 0x00, 0xff, 0xec,
  0x00, 0x00, 0x6b, 0xec, 0x00, 0x00, 0x6b, 0xec, 0x00, 0x00, 0xed, 0xec,
  0x00, 0x00, 0xed, 0xec, 0x00, 0x00, 0x0c, 0xee, 0x00, 0x00, 0x0c, 0xee,
  0x00, 0x00, 0x25, 0xee, 0x00, 0x00, 0x25, 0xee, 0x00, 0x00, 0xe7, 0xed,
  0x00, 0x00, 0xe7, 0xed, 0x00, 0x00, 0x03, 0xef, 0x00, 0x00, 0x03, 0xef,
  0x00, 0x00, 0x53, 0xf0, 0x00, 0x00, 0x53, 0xf0, 0x00, 0x00, 0xf2, 0xef,
  0x00, 0x00, 0xf2, 0xef, 0x00, 0x00, 0x89, 0xef, 0x00, 0x00, 0x89, 0xef,
  0x00, 0x00, 0x50, 0xf1, 0x00, 0x00, 0x50, 0xf1, 0x00, 0x00, 0x15, 0xf3,
  0x00, 0x00, 0x15, 0xf3, 0x00, 0x00, 0xa0, 0xf2, 0x00, 0x00, 0xa0, 0xf2,
  0x00, 0x00, 0x82, 0xf2, 0x00, 0x00, 0x82, 0xf2, 0x00, 0x00, 0x56, 0xf4,
  0x00, 0x00, 0x56, 0xf4, 0x00, 0x00, 0x1d, 0xf5, 0x00, 0x00, 0x1d, 0xf5,
  0x00, 0x00, 0x16, 0xf4, 0x00, 0x00, 0x16, 0xf4, 0x00, 0x00, 0x69, 0xf4,
  0x00, 0x00, 0x69, 0xf4, 0x00, 0x00, 0x1b, 0xf6, 0x00, 0x00, 0x1b, 0xf6,
  0x00, 0x00, 0x2d, 0xf6, 0x00, 0x00, 0x2d, 0xf6, 0x00, 0x00, 0xa0, 0xf4,
  0x00, 0x00, 0xa0, 0xf4, 0x00, 0x00, 0xbe, 0xf3, 0x00, 0x00, 0xbe, 0xf3,
  0x00, 0x00, 0xe4, 0xf4, 0x00, 0x00, 0xe4, 0xf4, 0x00, 0x00, 0x01, 0xf9,
  0x00, 0x00, 0x01, 0xf9, 0x00, 0x00, 0x94, 0xfe, 0x00, 0x00, 0x94, 0xfe,
  0x00, 0x00, 0xd1, 0x01, 0x00, 0x00, 0xd1, 0x01, 0x00, 0x00, 0x93, 0x02,
  0x00, 0x00, 0x93, 0x02, 0x00, 0x00, 0x55, 0x04, 0x00, 0x00, 0x55, 0x04,
  0x00, 0x00, 0xbf, 0x07, 0x00, 0x00, 0xbf, 0x07, 0x00, 0x00, 0xa4, 0x0a,
  0x00, 0x00, 0xa4, 0x0a, 0x00, 0x00, 0x89, 0x0d, 0x00, 0x00, 0x89, 0x0d,
  0x00, 0x00, 0xcb, 0x11, 0x00, 0x00, 0xcb, 0x11, 0x00, 0x00, 0x0b, 0x16,
  0x00, 0x00, 0x0b, 0x16, 0x00, 0x00, 0x15, 0x19, 0x00, 0x00, 0x15, 0x19,
  0x00, 0x00, 0x37, 0x1b, 0x00, 0x00, 0x37, 0x1b, 0x00, 0x00, 0x2b, 0x1c,
  0x00, 0x00, 0x2b, 0x1c, 0x00, 0x00, 0x57, 0x1b, 0x00, 0x00, 0x57, 0x1b,
  0x00, 0x00, 0x17, 0x1a, 0x00, 0x00, 0x17, 0x1a, 0x00, 0x00, 0x63, 0x1a,
  0x00, 0x00, 0x63, 0x1a, 0x00, 0x00, 0x10, 0x1c, 0x00, 0x00, 0x10, 0x1c,
  0x00, 0x00, 0x4e, 0x1d, 0x00, 0x00, 0x4e, 0x1d, 0x00, 0x00, 0xcf, 0x1c,
  0x00, 0x00, 0xcf, 0x1c, 0x00, 0x00, 0xd3, 0x1a, 0x00, 0x00, 0xd3, 0x1a,
  0x00, 0x00, 0x65, 0x18, 0x00, 0x00, 0x65, 0x18, 0x00, 0x00, 0x02, 0x16,
  0x00, 0x00, 0x02, 0x16, 0x00, 0x00, 0xc2, 0x13, 0x00, 0x00, 0xc2, 0x13,
  0x00, 0x00, 0x41, 0x12, 0x00, 0x00, 0x41, 0x12, 0x00, 0x00, 0xbb, 0x11,
  0x00, 0x00, 0xbb, 0x11, 0x00, 0x00, 0x53, 0x11, 0x00, 0x00, 0x53, 0x11,
  0x00, 0x00, 0x1b, 0x10, 0x00, 0x00, 0x1b, 0x10, 0x00, 0x00, 0x20, 0x0e,
  0x00, 0x00, 0x20, 0x0e, 0x00, 0x00, 0x0e, 0x0c, 0x00, 0x00, 0x0e, 0x0c,
  0x00, 0x00, 0x39, 0x0a, 0x00, 0x00, 0x39, 0x0a, 0x00, 0x00, 0x5e, 0x08,
  0x00, 0x00, 0x5e, 0x08, 0x00, 0x00, 0x77, 0x06, 0x00, 0x00, 0x77, 0x06,
  0x00, 0x00, 0x7f, 0x05, 0x00, 0x00, 0x7f, 0x05, 0x00, 0x00, 0xa2, 0x05,
  0x00, 0x00, 0xa2, 0x05, 0x00, 0x00, 0x75, 0x05, 0x00, 0x00, 0x75, 0x05,
  0x00, 0x00, 0x3a, 0x04, 0x00, 0x00, 0x3a, 0x04, 0x00, 0x00, 0x64, 0x02,
  0x00, 0x00, 0x64, 0x02, 0x00, 0x00, 0x64, 0x00, 0x00, 0x00, 0x64, 0x00,
  0x00, 0x00, 0xfe, 0xfe, 0x00, 0x00, 0xfe, 0xfe, 0x00, 0x00, 0xa4, 0xfe,
  0x00, 0x00, 0xa4, 0xfe, 0x00, 0x00, 0x59, 0xfe, 0x00, 0x00, 0x59, 0xfe,
  0x00, 0x00, 0x69, 0xfd, 0x00, 0x00, 0x69, 0xfd, 0x00, 0x00, 0x90, 0xfc,
  0x00, 0x00, 0x90, 0xfc, 0x00, 0x00, 0xf4, 0xfb, 0x00, 0x00, 0xf4, 0xfb,
  0x00, 0x00, 0xc6, 0xfa, 0x00, 0x00, 0xc6, 0xfa, 0x00, 0x00, 0xe6, 0xf8,
  0x00, 0x00, 0xe6, 0xf8, 0x00, 0x00, 0xaf, 0xf6, 0x00, 0x00, 0xaf, 0xf6,
  0x00, 0x00, 0xdb, 0xf4, 0x00, 0x00, 0xdb, 0xf4, 0x00, 0x00, 0x4b, 0xf4,
  0x00, 0x00, 0x4b, 0xf4, 0x00, 0x00, 0xd9, 0xf3, 0x00, 0x00, 0xd9, 0xf3,
  0x00, 0x00, 0x2c, 0xf2, 0x00, 0x00, 0x2c, 0xf2, 0x00, 0x00, 0xbd, 0xf0,
  0x00, 0x00, 0xbd, 0xf0, 0x00, 0x00, 0x4d, 0xf0, 0x00, 0x00, 0x4d, 0xf0,
  0x00, 0x00, 0xff, 0xee, 0x00, 0x00, 0xff, 0xee, 0x00, 0x00, 0xe6, 0xec,
  0x00, 0x00, 0xe6, 0xec, 0x00, 0x00, 0x42, 0xec, 0x00, 0x00, 0x42, 0xec,
  0x00, 0x00, 0xda, 0xec, 0x00, 0x00, 0xda, 0xec, 0x00, 0x00, 0xf9, 0xec,
  0x00, 0x00, 0xf9, 0xec, 0x00, 0x00, 0x95, 0xec, 0x00, 0x00, 0x95, 0xec,
  0x00, 0x00, 0x8d, 0xec, 0x00, 0x00, 0x8d, 0xec, 0x00, 0x00, 0x40, 0xed,
  0x00, 0x00, 0x40, 0xed, 0x00, 0x00, 0xef, 0xed, 0x00, 0x00, 0xef, 0xed,
  0x00, 0x00, 0x88, 0xed, 0x00, 0x00, 0x88, 0xed, 0x00, 0x00, 0x47, 0xed,
  0x00, 0x00, 0x47, 0xed, 0x00, 0x00, 0xf6, 0xee, 0x00, 0x00, 0xf6, 0xee,
  0x00, 0x00, 0xce, 0xf0, 0x00, 0x00, 0xce, 0xf0, 0x00, 0x00, 0xfa, 0xf0,
  0x00, 0x00, 0xfa, 0xf0, 0x00, 0x00, 0x1f, 0xf1, 0x00, 0x00, 0x1f, 0xf1,
  0x00, 0x00, 0x7d, 0xf2, 0x00, 0x00, 0x7d, 0xf2, 0x00, 0x00, 0xbd, 0xf3,
  0x00, 0x00, 0xbd, 0xf3, 0x00, 0x00, 0xf4, 0xf3, 0x00, 0x00, 0xf4, 0xf3,
  0x00, 0x00, 0x33, 0xf4, 0x00, 0x00, 0x33, 0xf4, 0x00, 0x00, 0x10, 0xf5,
  0x00, 0x00, 0x10, 0xf5, 0x00, 0x00, 0x49, 0xf6, 0x00, 0x00, 0x49, 0xf6,
  0x00, 0x00, 0x24, 0xf7, 0x00, 0x00, 0x24, 0xf7, 0x00, 0x00, 0x2b, 0xf7,
  0x00, 0x00, 0x2b, 0xf7, 0x00, 0x00, 0x5f, 0xf7, 0x00, 0x00, 0x5f, 0xf7,
  0x00, 0x00, 0xff, 0xf7, 0x00, 0x00, 0xff, 0xf7, 0x00, 0x00, 0xdd, 0xf7,
  0x00, 0x00, 0xdd, 0xf7, 0x00, 0x00, 0x74, 0xf7, 0x00, 0x00, 0x74, 0xf7,
  0x00, 0x00, 0x12, 0xf8, 0x00, 0x00, 0x12, 0xf8, 0x00, 0x00, 0xce, 0xf7,
  0x00, 0x00, 0xce, 0xf7, 0x00, 0x00, 0x47, 0xf5, 0x00, 0x00, 0x47, 0xf5,
  0x00, 0x00, 0xaf, 0xf4, 0x00, 0x00, 0xaf, 0xf4, 0x00, 0x00, 0xad, 0xf9,
  0x00, 0x00, 0xad, 0xf9, 0x00, 0x00, 0xe6, 0x00, 0x00, 0x00, 0xe6, 0x00,
  0x00, 0x00, 0x57, 0x05, 0x00, 0x00, 0x57, 0x05, 0x00, 0x00, 0x59, 0x07,
  0x00, 0x00, 0x59, 0x07, 0x00, 0x00, 0x6c, 0x09, 0x00, 0x00, 0x6c, 0x09,
  0x00, 0x00, 0xbc, 0x0b, 0x00, 0x00, 0xbc, 0x0b, 0x00, 0x00, 0x25, 0x0e,
  0x00, 0x00, 0x25, 0x0e, 0x00, 0x00, 0x85, 0x11, 0x00, 0x00, 0x85, 0x11,
  0x00, 0x00, 0xdf, 0x15, 0x00, 0x00, 0xdf, 0x15, 0x00, 0x00, 0xaa, 0x19,
  0x00, 0x00, 0xaa, 0x19, 0x00, 0x00, 0x69, 0x1c, 0x00, 0x00, 0x69, 0x1c,
  0x00, 0x00, 0x01, 0x1f, 0x00, 0x00, 0x01, 0x1f, 0x00, 0x00, 0x6f, 0x20,
  0x00, 0x00, 0x6f, 0x20, 0x00, 0x00, 0xe5, 0x1e, 0x00, 0x00, 0xe5, 0x1e,
  0x00, 0x00, 0xcd, 0x1b, 0x00, 0x00, 0xcd, 0x1b, 0x00, 0x00, 0xe4, 0x19,
  0x00, 0x00, 0xe4, 0x19, 0x00, 0x00, 0x4f, 0x19, 0x00, 0x00, 0x4f, 0x19,
  0x00, 0x00, 0x3a, 0x19, 0x00, 0x00, 0x3a, 0x19, 0x00, 0x00, 0x76, 0x19,
  0x00, 0x00, 0x76, 0x19, 0x00, 0x00, 0x73, 0x18, 0x00, 0x00, 0x73, 0x18,
  0x00, 0x00, 0xd9, 0x14, 0x00, 0x00, 0xd9, 0x14, 0x00, 0x00, 0x92, 0x10,
  0x00, 0x00, 0x92, 0x10, 0x00, 0x00, 0x6b, 0x0d, 0x00, 0x00, 0x6b, 0x0d,
  0x00, 0x00, 0x01, 0x0b, 0x00, 0x00, 0x01, 0x0b, 0x00, 0x00, 0x57, 0x09,
  0x00, 0x00, 0x57, 0x09, 0x00, 0x00, 0x9d, 0x08, 0x00, 0x00, 0x9d, 0x08,
  0x00, 0x00, 0xbf, 0x07, 0x00, 0x00, 0xbf, 0x07, 0x00, 0x00, 0xc7, 0x06,
  0x00, 0x00, 0xc7, 0x06, 0x00, 0x00, 0x98, 0x06, 0x00, 0x00, 0x98, 0x06,
  0x00, 0x00, 0x89, 0x05, 0x00, 0x00, 0x89, 0x05, 0x00, 0x00, 0xaa, 0x02,
  0x00, 0x00, 0xaa, 0x02, 0x00, 0x00, 0x96, 0x00, 0x00, 0x00, 0x96, 0x00,
  0x00, 0x00, 0x82, 0x00, 0x00, 0x00, 0x82, 0x00, 0x00, 0x00, 0xe6, 0x00,
  0x00, 0x00, 0xe6, 0x00, 0x00, 0x00, 0x6e, 0x01, 0x00, 0x00, 0x6e, 0x01,
  0x00, 0x00, 0x36, 0x02, 0x00, 0x00, 0x36, 0x02, 0x00, 0x00, 0xd3, 0x01,
  0x00, 0x00, 0xd3, 0x01, 0x00, 0x00, 0xd0, 0xff, 0x00, 0x00, 0xd0, 0xff,
  0x00, 0x00, 0x0f, 0xfe, 0x00, 0x00, 0x0f, 0xfe, 0x00, 0x00, 0x7a, 0xfd,
  0x00, 0x00, 0x7a, 0xfd, 0x00, 0x00, 0x1e, 0xfd, 0x00, 0x00, 0x1e, 0xfd,
  0x00, 0x00, 0x72, 0xfc, 0x00, 0x00, 0x72, 0xfc, 0x00, 0x00, 0xdf, 0xfb,
  0x00, 0x00, 0xdf, 0xfb, 0x00, 0x00, 0x98, 0xfb, 0x00, 0x00, 0x98, 0xfb,
  0x00, 0x00, 0xbf, 0xfa, 0x00, 0x00, 0xbf, 0xfa, 0x00, 0x00, 0xb3, 0xf8,
  0x00, 0x00, 0xb3, 0xf8, 0x00, 0x00, 0x0d, 0xf6, 0x00, 0x00, 0x0d, 0xf6,
  0x00, 0x00, 0x78, 0xf3, 0x00, 0x00, 0x78, 0xf3, 0x00, 0x00, 0x9a, 0xf1,
  0x00, 0x00, 0x9a, 0xf1, 0x00, 0x00, 0x11, 0xf1, 0x00, 0x00, 0x11, 0xf1,
  0x00, 0x00, 0xcd, 0xf0, 0x00, 0x00, 0xcd, 0xf0, 0x00, 0x00, 0x64, 0xef,
  0x00, 0x00, 0x64, 0xef, 0x00, 0x00, 0x2a, 0xee, 0x00, 0x00, 0x2a, 0xee,
  0x00, 0x00, 0x2b, 0xee, 0x00, 0x00, 0x2b, 0xee, 0x00, 0x00, 0x2f, 0xed,
  0x00, 0x00, 0x2f, 0xed, 0x00, 0x00, 0x64, 0xeb, 0x00, 0x00, 0x64, 0xeb,
  0x00, 0x00, 0xf5, 0xeb, 0x00, 0x00, 0xf5, 0xeb, 0x00, 0x00, 0xd3, 0xed,
  0x00, 0x00, 0xd3, 0xed, 0x00, 0x00, 0xf4, 0xed, 0x00, 0x00, 0xf4, 0xed,
  0x00, 0x00, 0x18, 0xee, 0x00, 0x00, 0x18, 0xee, 0x00, 0x00, 0x0e, 0xf0,
  0x00, 0x00, 0x0e, 0xf0, 0x00, 0x00, 0x0e, 0xf1, 0x00, 0x00, 0x0e, 0xf1,
  0x00, 0x00, 0x54, 0xf0, 0x00, 0x00, 0x54, 0xf0, 0x00, 0x00, 0xe8, 0xf0,
  0x00, 0x00, 0xe8, 0xf0, 0x00, 0x00, 0xc1, 0xf2, 0x00, 0x00, 0xc1, 0xf2,
  0x00, 0x00, 0xb3, 0xf3, 0x00, 0x00, 0xb3, 0xf3, 0x00, 0x00, 0x71, 0xf4,
  0x00, 0x00, 0x71, 0xf4, 0x00, 0x00, 0xb9, 0xf5, 0x00, 0x00, 0xb9, 0xf5,
  0x00, 0x00, 0xa7, 0xf6, 0x00, 0x00, 0xa7, 0xf6, 0x00, 0x00, 0x15, 0xf7,
  0x00, 0x00, 0x15, 0xf7, 0x00, 0x00, 0x7d, 0xf7, 0x00, 0x00, 0x7d, 0xf7,
  0x00, 0x00, 0xec, 0xf7, 0x00, 0x00, 0xec, 0xf7, 0x00, 0x00, 0x72, 0xf8,
  0x00, 0x00, 0x72, 0xf8, 0x00, 0x00, 0xd3, 0xf8, 0x00, 0x00, 0xd3, 0xf8,
  0x00, 0x00, 0x1b, 0xf9, 0x00, 0x00, 0x1b, 0xf9, 0x00, 0x00, 0xee, 0xf9,
  0x00, 0x00, 0xee, 0xf9, 0x00, 0x00, 0x50, 0xfa, 0x00, 0x00, 0x50, 0xfa,
  0x00, 0x00, 0x5c, 0xf9, 0x00, 0x00, 0x5c, 0xf9, 0x00, 0x00, 0xf1, 0xf8,
  0x00, 0x00, 0xf1, 0xf8, 0x00, 0x00, 0xbe, 0xf9, 0x00, 0x00, 0xbe, 0xf9,
  0x00, 0x00, 0x75, 0xf9, 0x00, 0x00, 0x75, 0xf9, 0x00, 0x00, 0xc3, 0xf7,
  0x00, 0x00, 0xc3, 0xf7, 0x00, 0x00, 0x32, 0xf6, 0x00, 0x00, 0x32, 0xf6,
  0x00, 0x00, 0xa0, 0xf5, 0x00, 0x00, 0xa0, 0xf5, 0x00, 0x00, 0xa9, 0xf8,
  0x00, 0x00, 0xa9, 0xf8, 0x00, 0x00, 0x79, 0x00, 0x00, 0x00, 0x79, 0x00,
  0x00, 0x00, 0x30, 0x08, 0x00, 0x00, 0x30, 0x08, 0x00, 0x00, 0x45, 0x0c,
  0x00, 0x00, 0x45, 0x0c, 0x00, 0x00, 0xba, 0x0e, 0x00, 0x00, 0xba, 0x0e,
  0x00, 0x00, 0x7e, 0x10, 0x00, 0x00, 0x7e, 0x10, 0x00, 0x00, 0xb5, 0x11,
  0x00, 0x00, 0xb5, 0x11, 0x00, 0x00, 0xe8, 0x14, 0x00, 0x00, 0xe8, 0x14,
  0x00, 0x00, 0x35, 0x19, 0x00, 0x00, 0x35, 0x19, 0x00, 0x00, 0xd3, 0x1b,
  0x00, 0x00, 0xd3, 0x1b, 0x00, 0x00, 0xeb, 0x1e, 0x00, 0x00, 0xeb, 0x1e,
  0x00, 0x00, 0x2f, 0x23, 0x00, 0x00, 0x2f, 0x23, 0x00, 0x00, 0xe6, 0x23,
  0x00, 0x00, 0xe6, 0x23, 0x00, 0x00, 0xae, 0x20, 0x00, 0x00, 0xae, 0x20,
  0x00, 0x00, 0x7c, 0x1d, 0x00, 0x00, 0x7c, 0x1d, 0x00, 0x00, 0x8f, 0x19,
  0x00, 0x00, 0x8f, 0x19, 0x00, 0x00, 0x36, 0x14, 0x00, 0x00, 0x36, 0x14,
  0x00, 0x00, 0xd4, 0x11, 0x00, 0x00, 0xd4, 0x11, 0x00, 0x00, 0x07, 0x13,
  0x00, 0x00, 0x07, 0x13, 0x00, 0x00, 0xc2, 0x12, 0x00, 0x00, 0xc2, 0x12,
  0x00, 0x00, 0x25, 0x0f, 0x00, 0x00, 0x25, 0x0f, 0x00, 0x00, 0x77, 0x0a,
  0x00, 0x00, 0x77, 0x0a, 0x00, 0x00, 0x0d, 0x06, 0x00, 0x00, 0x0d, 0x06,
  0x00, 0x00, 0xfa, 0x01, 0x00, 0x00, 0xfa, 0x01, 0x00, 0x00, 0xc8, 0xfe,
  0x00, 0x00, 0xc8, 0xfe, 0x00, 0x00, 0x0e, 0xfd, 0x00, 0x00, 0x0e, 0xfd,
  0x00, 0x00, 0x56, 0xfd, 0x00, 0x00, 0x56, 0xfd, 0x00, 0x00, 0xf1, 0xfe,
  0x00, 0x00, 0xf1, 0xfe, 0x00, 0x00, 0xd8, 0xff, 0x00, 0x00, 0xd8, 0xff,
  0x00, 0x00, 0xb5, 0xff, 0x00, 0x00, 0xb5, 0xff, 0x00, 0x00, 0x17, 0xff,
  0x00, 0x00, 0x17, 0xff, 0x00, 0x00, 0x68, 0xfd, 0x00, 0x00, 0x68, 0xfd,
  0x00, 0x00, 0x05, 0xfc, 0x00, 0x00, 0x05, 0xfc, 0x00, 0x00, 0x55, 0xfd,
  0x00, 0x00, 0x55, 0xfd, 0x00, 0x00, 0xa1, 0xff, 0x00, 0x00, 0xa1, 0xff,
  0x00, 0x00, 0xb8, 0x00, 0x00, 0x00, 0xb8, 0x00, 0x00, 0x00, 0x76, 0x01,
  0x00, 0x00, 0x76, 0x01, 0x00, 0x00, 0x55, 0x01, 0x00, 0x00, 0x55, 0x01,
  0x00, 0x00, 0x55, 0xff, 0x00, 0x00, 0x55, 0xff, 0x00, 0x00, 0x18, 0xfe,
  0x00, 0x00, 0x18, 0xfe, 0x00, 0x00, 0xbb, 0xfd, 0x00, 0x00, 0xbb, 0xfd,
  0x00, 0x00, 0x26, 0xfc, 0x00, 0x00, 0x26, 0xfc, 0x00, 0x00, 0x9d, 0xfb,
  0x00, 0x00, 0x9d, 0xfb, 0x00, 0x00, 0x63, 0xfc, 0x00, 0x00, 0x63, 0xfc,
  0x00, 0x00, 0x82, 0xfa, 0x00, 0x00, 0x82, 0xfa, 0x00, 0x00, 0x74, 0xf7,
  0x00, 0x00, 0x74, 0xf7, 0x00, 0x00, 0xd8, 0xf5, 0x00, 0x00, 0xd8, 0xf5,
  0x00, 0x00, 0xae, 0xf2, 0x00, 0x00, 0xae, 0xf2, 0x00, 0x00, 0x23, 0xef,
  0x00, 0x00, 0x23, 0xef, 0x00, 0x00, 0xe4, 0xee, 0x00, 0x00, 0xe4, 0xee,
  0x00, 0x00, 0xe5, 0xee, 0x00, 0x00, 0xe5, 0xee, 0x00, 0x00, 0x9f, 0xed,
  0x00, 0x00, 0x9f, 0xed, 0x00, 0x00, 0x2b, 0xee, 0x00, 0x00, 0x2b, 0xee,
  0x00, 0x00, 0x5a, 0xee, 0x00, 0x00, 0x5a, 0xee, 0x00, 0x00, 0xb6, 0xec,
  0x00, 0x00, 0xb6, 0xec, 0x00, 0x00, 0x6d, 0xed, 0x00, 0x00, 0x6d, 0xed,
  0x00, 0x00, 0x5f, 0xef, 0x00, 0x00, 0x5f, 0xef, 0x00, 0x00, 0x35, 0xef,
  0x00, 0x00, 0x35, 0xef, 0x00, 0x00, 0xa9, 0xf0, 0x00, 0x00, 0xa9, 0xf0,
  0x00, 0x00, 0x60, 0xf4, 0x00, 0x00, 0x60, 0xf4, 0x00, 0x00, 0x77, 0xf5,
  0x00, 0x00, 0x77, 0xf5, 0x00, 0x00, 0x42, 0xf5, 0x00, 0x00, 0x42, 0xf5,
  0x00, 0x00, 0xef, 0xf6, 0x00, 0x00, 0xef, 0xf6, 0x00, 0x00, 0x2f, 0xf8,
  0x00, 0x00, 0x2f, 0xf8, 0x00, 0x00, 0x0c, 0xf8, 0x00, 0x00, 0x0c, 0xf8,
  0x00, 0x00, 0xaa, 0xf8, 0x00, 0x00, 0xaa, 0xf8, 0x00, 0x00, 0xc0, 0xf9,
  0x00, 0x00, 0xc0, 0xf9, 0x00, 0x00, 0xa3, 0xfa, 0x00, 0x00, 0xa3, 0xfa,
  0x00, 0x00, 0x45, 0xfb, 0x00, 0x00, 0x45, 0xfb, 0x00, 0x00, 0xcf, 0xfa,
  0x00, 0x00, 0xcf, 0xfa, 0x00, 0x00, 0x58, 0xfa, 0x00, 0x00, 0x58, 0xfa,
  0x00, 0x00, 0x23, 0xfb, 0x00, 0x00, 0x23, 0xfb, 0x00, 0x00, 0xfe, 0xfa,
  0x00, 0x00, 0xfe, 0xfa, 0x00, 0x00, 0xa6, 0xf9, 0x00, 0x00, 0xa6, 0xf9,
  0x00, 0x00, 0xc2, 0xf9, 0x00, 0x00, 0xc2, 0xf9, 0x00, 0x00, 0xb1, 0xfa,
  0x00, 0x00, 0xb1, 0xfa, 0x00, 0x00, 0x47, 0xfa, 0x00, 0x00, 0x47, 0xfa,
  0x00, 0x00, 0x70, 0xf9, 0x00, 0x00, 0x70, 0xf9, 0x00, 0x00, 0x1d, 0xf9,
  0x00, 0x00, 0x1d, 0xf9, 0x00, 0x00, 0xc8, 0xf8, 0x00, 0x00, 0xc8, 0xf8,
  0x00, 0x00, 0xca, 0xf8, 0x00, 0x00, 0xca, 0xf8, 0x00, 0x00, 0xe9, 0xf7,
  0x00, 0x00, 0xe9, 0xf7, 0x00, 0x00, 0xb0, 0xf4, 0x00, 0x00, 0xb0, 0xf4,
  0x00, 0x00, 0x51, 0xf3, 0x00, 0x00, 0x51, 0xf3, 0x00, 0x00, 0xd5, 0xf9,
  0x00, 0x00, 0xd5, 0xf9, 0x00, 0x00, 0x72, 0x06, 0x00, 0x00, 0x72, 0x06,
  0x00, 0x00, 0xf7, 0x10, 0x00, 0x00, 0xf7, 0x10, 0x00, 0x00, 0x36, 0x15,
  0x00, 0x00, 0x36, 0x15, 0x00, 0x00, 0x92, 0x16, 0x00, 0x00, 0x92, 0x16,
  0x00, 0x00, 0x3e, 0x18, 0x00, 0x00, 0x3e, 0x18, 0x00, 0x00, 0x56, 0x19,
  0x00, 0x00, 0x56, 0x19, 0x00, 0x00, 0x81, 0x19, 0x00, 0x00, 0x81, 0x19,
  0x00, 0x00, 0x2a, 0x1b, 0x00, 0x00, 0x2a, 0x1b, 0x00, 0x00, 0xfc, 0x1e,
  0x00, 0x00, 0xfc, 0x1e, 0x00, 0x00, 0x4d, 0x22, 0x00, 0x00, 0x4d, 0x22,
  0x00, 0x00, 0xfc, 0x22, 0x00, 0x00, 0xfc, 0x22, 0x00, 0x00, 0x50, 0x21,
  0x00, 0x00, 0x50, 0x21, 0x00, 0x00, 0x22, 0x1e, 0x00, 0x00, 0x22, 0x1e,
  0x00, 0x00, 0x44, 0x18, 0x00, 0x00, 0x44, 0x18, 0x00, 0x00, 0x64, 0x0f,
  0x00, 0x00, 0x64, 0x0f, 0x00, 0x00, 0xcc, 0x08, 0x00, 0x00, 0xcc, 0x08,
  0x00, 0x00, 0x67, 0x09, 0x00, 0x00, 0x67, 0x09, 0x00, 0x00, 0x0b, 0x0c,
  0x00, 0x00, 0x0b, 0x0c, 0x00, 0x00, 0xb0, 0x09, 0x00, 0x00, 0xb0, 0x09,
  0x00, 0x00, 0xcd, 0x05, 0x00, 0x00, 0xcd, 0x05, 0x00, 0x00, 0xe9, 0x04,
  0x00, 0x00, 0xe9, 0x04, 0x00, 0x00, 0x93, 0x02, 0x00, 0x00, 0x93, 0x02,
  0x00, 0x00, 0xa7, 0xfc, 0x00, 0x00, 0xa7, 0xfc, 0x00, 0x00, 0x4b, 0xf9,
  0x00, 0x00, 0x4b, 0xf9, 0x00, 0x00, 0xf1, 0xfa, 0x00, 0x00, 0xf1, 0xfa,
  0x00, 0x00, 0x2d, 0xfd, 0x00, 0x00, 0x2d, 0xfd, 0x00, 0x00, 0x3b, 0xfe,
  0x00, 0x00, 0x3b, 0xfe, 0x00, 0x00, 0x05, 0x00, 0x00, 0x00, 0x05, 0x00,
  0x00, 0x00, 0x7d, 0x02, 0x00, 0x00, 0x7d, 0x02, 0x00, 0x00, 0x36, 0x03,
  0x00, 0x00, 0x36, 0x03, 0x00, 0x00, 0x48, 0x01, 0x00, 0x00, 0x48, 0x01,
  0x00, 0x00, 0xf0, 0xff, 0x00, 0x00, 0xf0, 0xff, 0x00, 0x00, 0xbc, 0x01,
  0x00, 0x00, 0xbc, 0x01, 0x00, 0x00, 0x37, 0x03, 0x00, 0x00, 0x37, 0x03,
  0x00, 0x00, 0x41, 0x01, 0x00, 0x00, 0x41, 0x01, 0x00, 0x00, 0xed, 0xff,
  0x00, 0x00, 0xed, 0xff, 0x00, 0x00, 0x49, 0x01, 0x00, 0x00, 0x49, 0x01,
  0x00, 0x00, 0x48, 0x00, 0x00, 0x00, 0x48, 0x00, 0x00, 0x00, 0x20, 0xfc,
  0x00, 0x00, 0x20, 0xfc, 0x00, 0x00, 0x50, 0xfa, 0x00, 0x00, 0x50, 0xfa,
  0x00, 0x00, 0xaa, 0xfa, 0x00, 0x00, 0xaa, 0xfa, 0x00, 0x00, 0x5c, 0xf8,
  0x00, 0x00, 0x5c, 0xf8, 0x00, 0x00, 0xbe, 0xf4, 0x00, 0x00, 0xbe, 0xf4,
  0x00, 0x00, 0x22, 0xf3, 0x00, 0x00, 0x22, 0xf3, 0x00, 0x00, 0xf4, 0xf1,
  0x00, 0x00, 0xf4, 0xf1, 0x00, 0x00, 0x88, 0xef, 0x00, 0x00, 0x88, 0xef,
  0x00, 0x00, 0x11, 0xed, 0x00, 0x00, 0x11, 0xed, 0x00, 0x00, 0xe2, 0xeb,
  0x00, 0x00, 0xe2, 0xeb, 0x00, 0x00, 0xd5, 0xec, 0x00, 0x00, 0xd5, 0xec,
  0x00, 0x00, 0x3e, 0xee, 0x00, 0x00, 0x3e, 0xee, 0x00, 0x00, 0xba, 0xed,
  0x00, 0x00, 0xba, 0xed, 0x00, 0x00, 0xda, 0xed, 0x00, 0x00, 0xda, 0xed,
  0x00, 0x00, 0xdb, 0xf0, 0x00, 0x00, 0xdb, 0xf0, 0x00, 0x00, 0xba, 0xf2,
  0x00, 0x00, 0xba, 0xf2, 0x00, 0x00, 0x31, 0xf2, 0x00, 0x00, 0x31, 0xf2,
  0x00, 0x00, 0xc7, 0xf3, 0x00, 0x00, 0xc7, 0xf3, 0x00, 0x00, 0x0a, 0xf7,
  0x00, 0x00, 0x0a, 0xf7, 0x00, 0x00, 0x1b, 0xf8, 0x00, 0x00, 0x1b, 0xf8,
  0x00, 0x00, 0x6f, 0xf8, 0x00, 0x00, 0x6f, 0xf8, 0x00, 0x00, 0xd1, 0xf9,
  0x00, 0x00, 0xd1, 0xf9, 0x00, 0x00, 0x73, 0xfa, 0x00, 0x00, 0x73, 0xfa,
  0x00, 0x00, 0x80, 0xfa, 0x00, 0x00, 0x80, 0xfa, 0x00, 0x00, 0xff, 0xfa,
  0x00, 0x00, 0xff, 0xfa, 0x00, 0x00, 0xcc, 0xfa, 0x00, 0x00, 0xcc, 0xfa,
  0x00, 0x00, 0x3a, 0xfa, 0x00, 0x00, 0x3a, 0xfa, 0x00, 0x00, 0xf7, 0xfa,
  0x00, 0x00, 0xf7, 0xfa, 0x00, 0x00, 0x6e, 0xfb, 0x00, 0x00, 0x6e, 0xfb,
  0x00, 0x00, 0x3b, 0xfa, 0x00, 0x00, 0x3b, 0xfa, 0x00, 0x00, 0xaf, 0xf9,
  0x00, 0x00, 0xaf, 0xf9, 0x00, 0x00, 0x85, 0xfa, 0x00, 0x00, 0x85, 0xfa,
  0x00, 0x00, 0x6b, 0xfa, 0x00, 0x00, 0x6b, 0xfa, 0x00, 0x00, 0x80, 0xf9,
  0x00, 0x00, 0x80, 0xf9, 0x00, 0x00, 0x8f, 0xf9, 0x00, 0x00, 0x8f, 0xf9,
  0x00, 0x00, 0xd2, 0xf9, 0x00, 0x00, 0xd2, 0xf9, 0x00, 0x00, 0x94, 0xf9,
  0x00, 0x00, 0x94, 0xf9, 0x00, 0x00, 0xcf, 0xf9, 0x00, 0x00, 0xcf, 0xf9,
  0x00, 0x00, 0xa6, 0xf9, 0x00, 0x00, 0xa6, 0xf9, 0x00, 0x00, 0x86, 0xf8,
  0x00, 0x00, 0x86, 0xf8, 0x00, 0x00, 0xe8, 0xf8, 0x00, 0x00, 0xe8, 0xf8,
  0x00, 0x00, 0x0b, 0xfa, 0x00, 0x00, 0x0b, 0xfa, 0x00, 0x00, 0x8a, 0xf7,
  0x00, 0x00, 0x8a, 0xf7, 0x00, 0x00, 0x7d, 0xf3, 0x00, 0x00, 0x7d, 0xf3,
  0x00, 0x00, 0x44, 0xf6, 0x00, 0x00, 0x44, 0xf6, 0x00, 0x00, 0xff, 0x01,
  0x00, 0x00, 0xff, 0x01, 0x00, 0x00, 0x34, 0x0f, 0x00, 0x00, 0x34, 0x0f,
  0x00, 0x00, 0x8d, 0x16, 0x00, 0x00, 0x8d, 0x16, 0x00, 0x00, 0xa3, 0x19,
  0x00, 0x00, 0xa3, 0x19, 0x00, 0x00, 0xfc, 0x1c, 0x00, 0x00, 0xfc, 0x1c,
  0x00, 0x00, 0x5e, 0x1e, 0x00, 0x00, 0x5e, 0x1e, 0x00, 0x00, 0xe2, 0x1b,
  0x00, 0x00, 0xe2, 0x1b, 0x00, 0x00, 0xd3, 0x1a, 0x00, 0x00, 0xd3, 0x1a,
  0x00, 0x00, 0x21, 0x1d, 0x00, 0x00, 0x21, 0x1d, 0x00, 0x00, 0xc4, 0x1e,
  0x00, 0x00, 0xc4, 0x1e, 0x00, 0x00, 0x77, 0x1f, 0x00, 0x00, 0x77, 0x1f,
  0x00, 0x00, 0x09, 0x20, 0x00, 0x00, 0x09, 0x20, 0x00, 0x00, 0xce, 0x1e,
  0x00, 0x00, 0xce, 0x1e, 0x00, 0x00, 0x24, 0x1b, 0x00, 0x00, 0x24, 0x1b,
  0x00, 0x00, 0xe6, 0x13, 0x00, 0x00, 0xe6, 0x13, 0x00, 0x00, 0xb6, 0x0a,
  0x00, 0x00, 0xb6, 0x0a, 0x00, 0x00, 0x5e, 0x07, 0x00, 0x00, 0x5e, 0x07,
  0x00, 0x00, 0xec, 0x09, 0x00, 0x00, 0xec, 0x09, 0x00, 0x00, 0x8c, 0x09,
  0x00, 0x00, 0x8c, 0x09, 0x00, 0x00, 0xb4, 0x06, 0x00, 0x00, 0xb4, 0x06,
  0x00, 0x00, 0xd7, 0x06, 0x00, 0x00, 0xd7, 0x06, 0x00, 0x00, 0xae, 0x06,
  0x00, 0x00, 0xae, 0x06, 0x00, 0x00, 0x20, 0x03, 0x00, 0x00, 0x20, 0x03,
  0x00, 0x00, 0x37, 0xff, 0x00, 0x00, 0x37, 0xff, 0x00, 0x00, 0x49, 0xfd,
  0x00, 0x00, 0x49, 0xfd, 0x00, 0x00, 0xc4, 0xfd, 0x00, 0x00, 0xc4, 0xfd,
  0x00, 0x00, 0x51, 0xff, 0x00, 0x00, 0x51, 0xff, 0x00, 0x00, 0x32, 0x00,
  0x00, 0x00, 0x32, 0x00, 0x00, 0x00, 0x5b, 0x02, 0x00, 0x00, 0x5b, 0x02,
  0x00, 0x00, 0xbf, 0x05, 0x00, 0x00, 0xbf, 0x05, 0x00, 0x00, 0x9b, 0x05,
  0x00, 0x00, 0x9b, 0x05, 0x00, 0x00, 0xff, 0x02, 0x00, 0x00, 0xff, 0x02,
  0x00, 0x00, 0x0b, 0x03, 0x00, 0x00, 0x0b, 0x03, 0x00, 0x00, 0x2e, 0x04,
  0x00, 0x00, 0x2e, 0x04, 0x00, 0x00, 0x86, 0x02, 0x00, 0x00, 0x86, 0x02,
  0x00, 0x00, 0x2c, 0x00, 0x00, 0x00, 0x2c, 0x00, 0x00, 0x00, 0x16, 0x00,
  0x00, 0x00, 0x16, 0x00, 0x00, 0x00, 0x13, 0x00, 0x00, 0x00, 0x13, 0x00,
  0x00, 0x00, 0x87, 0xfd, 0x00, 0x00, 0x87, 0xfd, 0x00, 0x00, 0x99, 0xfa,
  0x00, 0x00, 0x99, 0xfa, 0x00, 0x00, 0xb2, 0xf9, 0x00, 0x00, 0xb2, 0xf9,
  0x00, 0x00, 0x1d, 0xf8, 0x00, 0x00, 0x1d, 0xf8, 0x00, 0x00, 0x7e, 0xf4,
  0x00, 0x00, 0x7e, 0xf4, 0x00, 0x00, 0x38, 0xf2, 0x00, 0x00, 0x38, 0xf2,
  0x00, 0x00, 0xa1, 0xf1, 0x00, 0x00, 0xa1, 0xf1, 0x00, 0x00, 0x0d, 0xf0,
  0x00, 0x00, 0x0d, 0xf0, 0x00, 0x00, 0x0f, 0xee, 0x00, 0x00, 0x0f, 0xee,
  0x00, 0x00, 0x2a, 0xed, 0x00, 0x00, 0x2a, 0xed, 0x00, 0x00, 0x75, 0xed,
  0x00, 0x00, 0x75, 0xed, 0x00, 0x00, 0x7d, 0xee, 0x00, 0x00, 0x7d, 0xee,
  0x00, 0x00, 0xb7, 0xee, 0x00, 0x00, 0xb7, 0xee, 0x00, 0x00, 0x9f, 0xee,
  0x00, 0x00, 0x9f, 0xee, 0x00, 0x00, 0xc6, 0xf0, 0x00, 0x00, 0xc6, 0xf0,
  0x00, 0x00, 0xf2, 0xf2, 0x00, 0x00, 0xf2, 0xf2, 0x00, 0x00, 0xc0, 0xf2,
  0x00, 0x00, 0xc0, 0xf2, 0x00, 0x00, 0xdc, 0xf3, 0x00, 0x00, 0xdc, 0xf3,
  0x00, 0x00, 0x9e, 0xf6, 0x00, 0x00, 0x9e, 0xf6, 0x00, 0x00, 0x75, 0xf7,
  0x00, 0x00, 0x75, 0xf7, 0x00, 0x00, 0xbf, 0xf7, 0x00, 0x00, 0xbf, 0xf7,
  0x00, 0x00, 0xf6, 0xf8, 0x00, 0x00, 0xf6, 0xf8, 0x00, 0x00, 0x52, 0xf9,
  0x00, 0x00, 0x52, 0xf9, 0x00, 0x00, 0x7f, 0xf9, 0x00, 0x00, 0x7f, 0xf9,
  0x00, 0x00, 0xdb, 0xf9, 0x00, 0x00, 0xdb, 0xf9, 0x00, 0x00, 0xe4, 0xf8,
  0x00, 0x00, 0xe4, 0xf8, 0x00, 0x00, 0x91, 0xf8, 0x00, 0x00, 0x91, 0xf8,
  0x00, 0x00, 0xc4, 0xf9, 0x00, 0x00, 0xc4, 0xf9, 0x00, 0x00, 0x41, 0xf9,
  0x00, 0x00, 0x41, 0xf9, 0x00, 0x00, 0xf9, 0xf7, 0x00, 0x00, 0xf9, 0xf7,
  0x00, 0x00, 0xe6, 0xf8, 0x00, 0x00, 0xe6, 0xf8, 0x00, 0x00, 0x9d, 0xf9,
  0x00, 0x00, 0x9d, 0xf9, 0x00, 0x00, 0x3b, 0xf8, 0x00, 0x00, 0x3b, 0xf8,
  0x00, 0x00, 0xde, 0xf7, 0x00, 0x00, 0xde, 0xf7, 0x00, 0x00, 0x13, 0xf9,
  0x00, 0x00, 0x13, 0xf9, 0x00, 0x00, 0x04, 0xf9, 0x00, 0x00, 0x04, 0xf9,
  0x00, 0x00, 0x1a, 0xf8, 0x00, 0x00, 0x1a, 0xf8, 0x00, 0x00, 0x96, 0xf8,
  0x00, 0x00, 0x96, 0xf8, 0x00, 0x00, 0x89, 0xf9, 0x00, 0x00, 0x89, 0xf9,
  0x00, 0x00, 0x5d, 0xf9, 0x00, 0x00, 0x5d, 0xf9, 0x00, 0x00, 0xd0, 0xf8,
  0x00, 0x00, 0xd0, 0xf8, 0x00, 0x00, 0xbb, 0xf8, 0x00, 0x00, 0xbb, 0xf8,
  0x00, 0x00, 0x22, 0xf9, 0x00, 0x00, 0x22, 0xf9, 0x00, 0x00, 0xb6, 0xf8,
  0x00, 0x00, 0xb6, 0xf8, 0x00, 0x00, 0xa1, 0xf5, 0x00, 0x00, 0xa1, 0xf5,
  0x00, 0x00, 0x88, 0xf3, 0x00, 0x00, 0x88, 0xf3, 0x00, 0x00, 0x34, 0xfa,
  0x00, 0x00, 0x34, 0xfa, 0x00, 0x00, 0x82, 0x08, 0x00, 0x00, 0x82, 0x08,
  0x00, 0x00, 0x4f, 0x14, 0x00, 0x00, 0x4f, 0x14, 0x00, 0x00, 0xb9, 0x19,
  0x00, 0x00, 0xb9, 0x19, 0x00, 0x00, 0x06, 0x1d, 0x00, 0x00, 0x06, 0x1d,
  0x00, 0x00, 0x9b, 0x1f, 0x00, 0x00, 0x9b, 0x1f, 0x00, 0x00, 0x33, 0x1f,
  0x00, 0x00, 0x33, 0x1f, 0x00, 0x00, 0x7b, 0x1c, 0x00, 0x00, 0x7b, 0x1c,
  0x00, 0x00, 0x87, 0x1a, 0x00, 0x00, 0x87, 0x1a, 0x00, 0x00, 0xb2, 0x1a,
  0x00, 0x00, 0xb2, 0x1a, 0x00, 0x00, 0x71, 0x1c, 0x00, 0x00, 0x71, 0x1c,
  0x00, 0x00, 0x52, 0x1d, 0x00, 0x00, 0x52, 0x1d, 0x00, 0x00, 0x48, 0x1c,
  0x00, 0x00, 0x48, 0x1c, 0x00, 0x00, 0x34, 0x1b, 0x00, 0x00, 0x34, 0x1b,
  0x00, 0x00, 0x2e, 0x18, 0x00, 0x00, 0x2e, 0x18, 0x00, 0x00, 0xdd, 0x0f,
  0x00, 0x00, 0xdd, 0x0f, 0x00, 0x00, 0x0d, 0x08, 0x00, 0x00, 0x0d, 0x08,
  0x00, 0x00, 0x8e, 0x07, 0x00, 0x00, 0x8e, 0x07, 0x00, 0x00, 0x6b, 0x09,
  0x00, 0x00, 0x6b, 0x09, 0x00, 0x00, 0xfe, 0x07, 0x00, 0x00, 0xfe, 0x07,
  0x00, 0x00, 0xa1, 0x06, 0x00, 0x00, 0xa1, 0x06, 0x00, 0x00, 0x56, 0x07,
  0x00, 0x00, 0x56, 0x07, 0x00, 0x00, 0x24, 0x07, 0x00, 0x00, 0x24, 0x07,
  0x00, 0x00, 0xbc, 0x04, 0x00, 0x00, 0xbc, 0x04, 0x00, 0x00, 0xf6, 0x00,
  0x00, 0x00, 0xf6, 0x00, 0x00, 0x00, 0x8a, 0xfe, 0x00, 0x00, 0x8a, 0xfe,
  0x00, 0x00, 0x94, 0xff, 0x00, 0x00, 0x94, 0xff, 0x00, 0x00, 0x2e, 0x01,
  0x00, 0x00, 0x2e, 0x01, 0x00, 0x00, 0x83, 0x01, 0x00, 0x00, 0x83, 0x01,
  0x00, 0x00, 0xd4, 0x03, 0x00, 0x00, 0xd4, 0x03, 0x00, 0x00, 0x63, 0x07,
  0x00, 0x00, 0x63, 0x07, 0x00, 0x00, 0x71, 0x07, 0x00, 0x00, 0x71, 0x07,
  0x00, 0x00, 0xde, 0x04, 0x00, 0x00, 0xde, 0x04, 0x00, 0x00, 0x25, 0x04,
  0x00, 0x00, 0x25, 0x04, 0x00, 0x00, 0xc3, 0x04, 0x00, 0x00, 0xc3, 0x04,
  0x00, 0x00, 0x03, 0x03, 0x00, 0x00, 0x03, 0x03, 0x00, 0x00, 0x88, 0xff,
  0x00, 0x00, 0x88, 0xff, 0x00, 0x00, 0x25, 0xfe, 0x00, 0x00, 0x25, 0xfe,
  0x00, 0x00, 0x95, 0xfe, 0x00, 0x00, 0x95, 0xfe, 0x00, 0x00, 0xf4, 0xfc,
  0x00, 0x00, 0xf4, 0xfc, 0x00, 0x00, 0x2d, 0xf9, 0x00, 0x00, 0x2d, 0xf9,
  0x00, 0x00, 0xcd, 0xf6, 0x00, 0x00, 0xcd, 0xf6, 0x00, 0x00, 0x22, 0xf6,
  0x00, 0x00, 0x22, 0xf6, 0x00, 0x00, 0xe1, 0xf3, 0x00, 0x00, 0xe1, 0xf3,
  0x00, 0x00, 0x26, 0xf0, 0x00, 0x00, 0x26, 0xf0, 0x00, 0x00, 0x9e, 0xee,
  0x00, 0x00, 0x9e, 0xee, 0x00, 0x00, 0x22, 0xef, 0x00, 0x00, 0x22, 0xef,
  0x00, 0x00, 0x58, 0xee, 0x00, 0x00, 0x58, 0xee, 0x00, 0x00, 0xd1, 0xec,
  0x00, 0x00, 0xd1, 0xec, 0x00, 0x00, 0x28, 0xed, 0x00, 0x00, 0x28, 0xed,
  0x00, 0x00, 0x08, 0xef, 0x00, 0x00, 0x08, 0xef, 0x00, 0x00, 0x67, 0xf0,
  0x00, 0x00, 0x67, 0xf0, 0x00, 0x00, 0x37, 0xf0, 0x00, 0x00, 0x37, 0xf0,
  0x00, 0x00, 0x8e, 0xf0, 0x00, 0x00, 0x8e, 0xf0, 0x00, 0x00, 0x89, 0xf3,
  0x00, 0x00, 0x89, 0xf3, 0x00, 0x00, 0xb5, 0xf5, 0x00, 0x00, 0xb5, 0xf5,
  0x00, 0x00, 0xc5, 0xf4, 0x00, 0x00, 0xc5, 0xf4, 0x00, 0x00, 0x5c, 0xf5,
  0x00, 0x00, 0x5c, 0xf5, 0x00, 0x00, 0xaf, 0xf8, 0x00, 0x00, 0xaf, 0xf8,
  0x00, 0x00, 0x83, 0xf9, 0x00, 0x00, 0x83, 0xf9, 0x00, 0x00, 0xd0, 0xf7,
  0x00, 0x00, 0xd0, 0xf7, 0x00, 0x00, 0x51, 0xf8, 0x00, 0x00, 0x51, 0xf8,
  0x00, 0x00, 0x20, 0xfa, 0x00, 0x00, 0x20, 0xfa, 0x00, 0x00, 0xb1, 0xf9,
  0x00, 0x00, 0xb1, 0xf9, 0x00, 0x00, 0xe1, 0xf7, 0x00, 0x00, 0xe1, 0xf7,
  0x00, 0x00, 0xbc, 0xf7, 0x00, 0x00, 0xbc, 0xf7, 0x00, 0x00, 0x29, 0xf9,
  0x00, 0x00, 0x29, 0xf9, 0x00, 0x00, 0x37, 0xf9, 0x00, 0x00, 0x37, 0xf9,
  0x00, 0x00, 0x8e, 0xf7, 0x00, 0x00, 0x8e, 0xf7, 0x00, 0x00, 0x49, 0xf7,
  0x00, 0x00, 0x49, 0xf7, 0x00, 0x00, 0x13, 0xf9, 0x00, 0x00, 0x13, 0xf9,
  0x00, 0x00, 0x9f, 0xf9, 0x00, 0x00, 0x9f, 0xf9, 0x00, 0x00, 0xd7, 0xf7,
  0x00, 0x00, 0xd7, 0xf7, 0x00, 0x00, 0x71, 0xf7, 0x00, 0x00, 0x71, 0xf7,
  0x00, 0x00, 0xd0, 0xf9, 0x00, 0x00, 0xd0, 0xf9, 0x00, 0x00, 0xa8, 0xfa,
  0x00, 0x00, 0xa8, 0xfa, 0x00, 0x00, 0x9e, 0xf8, 0x00, 0x00, 0x9e, 0xf8,
  0x00, 0x00, 0x67, 0xf8, 0x00, 0x00, 0x67, 0xf8, 0x00, 0x00, 0x35, 0xfb,
  0x00, 0x00, 0x35, 0xfb, 0x00, 0x00, 0xd4, 0xfb, 0x00, 0x00, 0xd4, 0xfb,
  0x00, 0x00, 0x41, 0xf9, 0x00, 0x00, 0x41, 0xf9, 0x00, 0x00, 0xe9, 0xf8,
  0x00, 0x00, 0xe9, 0xf8, 0x00, 0x00, 0x3d, 0xfb, 0x00, 0x00, 0x3d, 0xfb,
  0x00, 0x00, 0x02, 0xfa, 0x00, 0x00, 0x02, 0xfa, 0x00, 0x00, 0x01, 0xf5,
  0x00, 0x00, 0x01, 0xf5, 0x00, 0x00, 0x32, 0xf6, 0x00, 0x00, 0x32, 0xf6,
  0x00, 0x00, 0x98, 0x02, 0x00, 0x00, 0x98, 0x02, 0x00, 0x00, 0x48, 0x11,
  0x00, 0x00, 0x48, 0x11, 0x00, 0x00, 0x10, 0x19, 0x00, 0x00, 0x10, 0x19,
  0x00, 0x00, 0xf9, 0x1b, 0x00, 0x00, 0xf9, 0x1b, 0x00, 0x00, 0x67, 0x1f,
  0x00, 0x00, 0x67, 0x1f, 0x00, 0x00, 0xf6, 0x21, 0x00, 0x00, 0xf6, 0x21,
  0x00, 0x00, 0x67, 0x1f, 0x00, 0x00, 0x67, 0x1f, 0x00, 0x00, 0x15, 0x1a,
  0x00, 0x00, 0x15, 0x1a, 0x00, 0x00, 0x91, 0x18, 0x00, 0x00, 0x91, 0x18,
  0x00, 0x00, 0xa7, 0x1a, 0x00, 0x00, 0xa7, 0x1a, 0x00, 0x00, 0xc0, 0x1a,
  0x00, 0x00, 0xc0, 0x1a, 0x00, 0x00, 0x1f, 0x19, 0x00, 0x00, 0x1f, 0x19,
  0x00, 0x00, 0x6c, 0x19, 0x00, 0x00, 0x6c, 0x19, 0x00, 0x00, 0x92, 0x18,
  0x00, 0x00, 0x92, 0x18, 0x00, 0x00, 0x32, 0x12, 0x00, 0x00, 0x32, 0x12,
  0x00, 0x00, 0x0c, 0x0a, 0x00, 0x00, 0x0c, 0x0a, 0x00, 0x00, 0x4a, 0x06,
  0x00, 0x00, 0x4a, 0x06, 0x00, 0x00, 0xf8, 0x06, 0x00, 0x00, 0xf8, 0x06,
  0x00, 0x00, 0xcd, 0x07, 0x00, 0x00, 0xcd, 0x07, 0x00, 0x00, 0x8f, 0x06,
  0x00, 0x00, 0x8f, 0x06, 0x00, 0x00, 0x99, 0x05, 0x00, 0x00, 0x99, 0x05,
  0x00, 0x00, 0x0d, 0x07, 0x00, 0x00, 0x0d, 0x07, 0x00, 0x00, 0x62, 0x07,
  0x00, 0x00, 0x62, 0x07, 0x00, 0x00, 0x8c, 0x03, 0x00, 0x00, 0x8c, 0x03,
  0x00, 0x00, 0xbb, 0xff, 0x00, 0x00, 0xbb, 0xff, 0x00, 0x00, 0x9e, 0xff,
  0x00, 0x00, 0x9e, 0xff, 0x00, 0x00, 0x9e, 0x00, 0x00, 0x00, 0x9e, 0x00,
  0x00, 0x00, 0x1c, 0x01, 0x00, 0x00, 0x1c, 0x01, 0x00, 0x00, 0xf8, 0x02,
  0x00, 0x00, 0xf8, 0x02, 0x00, 0x00, 0xe7, 0x05, 0x00, 0x00, 0xe7, 0x05,
  0x00, 0x00, 0xbb, 0x07, 0x00, 0x00, 0xbb, 0x07, 0x00, 0x00, 0x45, 0x07,
  0x00, 0x00, 0x45, 0x07, 0x00, 0x00, 0x0b, 0x05, 0x00, 0x00, 0x0b, 0x05,
  0x00, 0x00, 0x9a, 0x03, 0x00, 0x00, 0x9a, 0x03, 0x00, 0x00, 0x71, 0x03,
  0x00, 0x00, 0x71, 0x03, 0x00, 0x00, 0x2c, 0x01, 0x00, 0x00, 0x2c, 0x01,
  0x00, 0x00, 0x37, 0xfd, 0x00, 0x00, 0x37, 0xfd, 0x00, 0x00, 0x14, 0xfc,
  0x00, 0x00, 0x14, 0xfc, 0x00, 0x00, 0x7d, 0xfc, 0x00, 0x00, 0x7d, 0xfc,
  0x00, 0x00, 0x39, 0xfa, 0x00, 0x00, 0x39, 0xfa, 0x00, 0x00, 0x88, 0xf6,
  0x00, 0x00, 0x88, 0xf6, 0x00, 0x00, 0x25, 0xf4, 0x00, 0x00, 0x25, 0xf4,
  0x00, 0x00, 0xab, 0xf2, 0x00, 0x00, 0xab, 0xf2, 0x00, 0x00, 0xee, 0xf0,
  0x00, 0x00, 0xee, 0xf0, 0x00, 0x00, 0x60, 0xee, 0x00, 0x00, 0x60, 0xee,
  0x00, 0x00, 0x56, 0xec, 0x00, 0x00, 0x56, 0xec, 0x00, 0x00, 0xed, 0xec,
  0x00, 0x00, 0xed, 0xec, 0x00, 0x00, 0x09, 0xee, 0x00, 0x00, 0x09, 0xee,
  0x00, 0x00, 0x1b, 0xed, 0x00, 0x00, 0x1b, 0xed, 0x00, 0x00, 0xbe, 0xec,
  0x00, 0x00, 0xbe, 0xec, 0x00, 0x00, 0xf9, 0xee, 0x00, 0x00, 0xf9, 0xee,
  0x00, 0x00, 0xe3, 0xf0, 0x00, 0x00, 0xe3, 0xf0, 0x00, 0x00, 0xc4, 0xf0,
  0x00, 0x00, 0xc4, 0xf0, 0x00, 0x00, 0x37, 0xf1, 0x00, 0x00, 0x37, 0xf1,
  0x00, 0x00, 0xbd, 0xf3, 0x00, 0x00, 0xbd, 0xf3, 0x00, 0x00, 0xfc, 0xf5,
  0x00, 0x00, 0xfc, 0xf5, 0x00, 0x00, 0x14, 0xf6, 0x00, 0x00, 0x14, 0xf6,
  0x00, 0x00, 0x5a, 0xf6, 0x00, 0x00, 0x5a, 0xf6, 0x00, 0x00, 0x41, 0xf8,
  0x00, 0x00, 0x41, 0xf8, 0x00, 0x00, 0x2b, 0xf9, 0x00, 0x00, 0x2b, 0xf9,
  0x00, 0x00, 0x55, 0xf8, 0x00, 0x00, 0x55, 0xf8, 0x00, 0x00, 0x32, 0xf8,
  0x00, 0x00, 0x32, 0xf8, 0x00, 0x00, 0x31, 0xf9, 0x00, 0x00, 0x31, 0xf9,
  0x00, 0x00, 0x28, 0xf9, 0x00, 0x00, 0x28, 0xf9, 0x00, 0x00, 0xd2, 0xf7,
  0x00, 0x00, 0xd2, 0xf7, 0x00, 0x00, 0x93, 0xf7, 0x00, 0x00, 0x93, 0xf7,
  0x00, 0x00, 0xd7, 0xf8, 0x00, 0x00, 0xd7, 0xf8, 0x00, 0x00, 0xc5, 0xf8,
  0x00, 0x00, 0xc5, 0xf8, 0x00, 0x00, 0x29, 0xf7, 0x00, 0x00, 0x29, 0xf7,
  0x00, 0x00, 0x7f, 0xf7, 0x00, 0x00, 0x7f, 0xf7, 0x00, 0x00, 0x54, 0xf9,
  0x00, 0x00, 0x54, 0xf9, 0x00, 0x00, 0x0f, 0xf9, 0x00, 0x00, 0x0f, 0xf9,
  0x00, 0x00, 0x9c, 0xf7, 0x00, 0x00, 0x9c, 0xf7, 0x00, 0x00, 0x43, 0xf8,
  0x00, 0x00, 0x43, 0xf8, 0x00, 0x00, 0x1c, 0xfa, 0x00, 0x00, 0x1c, 0xfa,
  0x00, 0x00, 0x05, 0xfa, 0x00, 0x00, 0x05, 0xfa, 0x00, 0x00, 0xaa, 0xf8,
  0x00, 0x00, 0xaa, 0xf8, 0x00, 0x00, 0x66, 0xf9, 0x00, 0x00, 0x66, 0xf9,
  0x00, 0x00, 0x75, 0xfb, 0x00, 0x00, 0x75, 0xfb, 0x00, 0x00, 0x04, 0xfb,
  0x00, 0x00, 0x04, 0xfb, 0x00, 0x00, 0x4a, 0xf9, 0x00, 0x00, 0x4a, 0xf9,
  0x00, 0x00, 0xfd, 0xf9, 0x00, 0x00, 0xfd, 0xf9, 0x00, 0x00, 0x4d, 0xfb,
  0x00, 0x00, 0x4d, 0xfb, 0x00, 0x00, 0x71, 0xf9, 0x00, 0x00, 0x71, 0xf9,
  0x00, 0x00, 0x8a, 0xf5, 0x00, 0x00, 0x8a, 0xf5, 0x00, 0x00, 0xfb, 0xf5,
  0x00, 0x00, 0xfb, 0xf5, 0x00, 0x00, 0x8e, 0xff, 0x00, 0x00, 0x8e, 0xff,
  0x00, 0x00, 0x3c, 0x0d, 0x00, 0x00, 0x3c, 0x0d, 0x00, 0x00, 0x9e, 0x16,
  0x00, 0x00, 0x9e, 0x16, 0x00, 0x00, 0xb1, 0x1b, 0x00, 0x00, 0xb1, 0x1b,
  0x00, 0x00, 0x87, 0x1f, 0x00, 0x00, 0x87, 0x1f, 0x00, 0x00, 0xc7, 0x20,
  0x00, 0x00, 0xc7, 0x20, 0x00, 0x00, 0xc9, 0x1e, 0x00, 0x00, 0xc9, 0x1e,
  0x00, 0x00, 0x9b, 0x1b, 0x00, 0x00, 0x9b, 0x1b, 0x00, 0x00, 0x76, 0x18,
  0x00, 0x00, 0x76, 0x18, 0x00, 0x00, 0xc7, 0x16, 0x00, 0x00, 0xc7, 0x16,
  0x00, 0x00, 0x32, 0x17, 0x00, 0x00, 0x32, 0x17, 0x00, 0x00, 0xd9, 0x17,
  0x00, 0x00, 0xd9, 0x17, 0x00, 0x00, 0xda, 0x17, 0x00, 0x00, 0xda, 0x17,
  0x00, 0x00, 0xac, 0x16, 0x00, 0x00, 0xac, 0x16, 0x00, 0x00, 0x7e, 0x12,
  0x00, 0x00, 0x7e, 0x12, 0x00, 0x00, 0x3d, 0x0c, 0x00, 0x00, 0x3d, 0x0c,
  0x00, 0x00, 0x96, 0x07, 0x00, 0x00, 0x96, 0x07, 0x00, 0x00, 0x32, 0x06,
  0x00, 0x00, 0x32, 0x06, 0x00, 0x00, 0xab, 0x06, 0x00, 0x00, 0xab, 0x06,
  0x00, 0x00, 0xfe, 0x06, 0x00, 0x00, 0xfe, 0x06, 0x00, 0x00, 0xd4, 0x06,
  0x00, 0x00, 0xd4, 0x06, 0x00, 0x00, 0x3b, 0x07, 0x00, 0x00, 0x3b, 0x07,
  0x00, 0x00, 0xed, 0x07, 0x00, 0x00, 0xed, 0x07, 0x00, 0x00, 0xc3, 0x06,
  0x00, 0x00, 0xc3, 0x06, 0x00, 0x00, 0x6d, 0x03, 0x00, 0x00, 0x6d, 0x03,
  0x00, 0x00, 0xe0, 0x00, 0x00, 0x00, 0xe0, 0x00, 0x00, 0x00, 0xc1, 0x00,
  0x00, 0x00, 0xc1, 0x00, 0x00, 0x00, 0xaa, 0x01, 0x00, 0x00, 0xaa, 0x01,
  0x00, 0x00, 0x34, 0x03, 0x00, 0x00, 0x34, 0x03, 0x00, 0x00, 0xc9, 0x05,
  0x00, 0x00, 0xc9, 0x05, 0x00, 0x00, 0xc1, 0x07, 0x00, 0x00, 0xc1, 0x07,
  0x00, 0x00, 0x05, 0x08, 0x00, 0x00, 0x05, 0x08, 0x00, 0x00, 0x6d, 0x07,
  0x00, 0x00, 0x6d, 0x07, 0x00, 0x00, 0x20, 0x06, 0x00, 0x00, 0x20, 0x06,
  0x00, 0x00, 0x1b, 0x04, 0x00, 0x00, 0x1b, 0x04, 0x00, 0x00, 0xff, 0x01,
  0x00, 0x00, 0xff, 0x01, 0x00, 0x00, 0x92, 0xff, 0x00, 0x00, 0x92, 0xff,
  0x00, 0x00, 0xf7, 0xfc, 0x00, 0x00, 0xf7, 0xfc, 0x00, 0x00, 0x55, 0xfb,
  0x00, 0x00, 0x55, 0xfb, 0x00, 0x00, 0x4f, 0xfa, 0x00, 0x00, 0x4f, 0xfa,
  0x00, 0x00, 0x35, 0xf8, 0x00, 0x00, 0x35, 0xf8, 0x00, 0x00, 0x3a, 0xf5,
  0x00, 0x00, 0x3a, 0xf5, 0x00, 0x00, 0xe1, 0xf2, 0x00, 0x00, 0xe1, 0xf2,
  0x00, 0x00, 0x10, 0xf1, 0x00, 0x00, 0x10, 0xf1, 0x00, 0x00, 0x56, 0xef,
  0x00, 0x00, 0x56, 0xef, 0x00, 0x00, 0xee, 0xed, 0x00, 0x00, 0xee, 0xed,
  0x00, 0x00, 0xd7, 0xec, 0x00, 0x00, 0xd7, 0xec, 0x00, 0x00, 0xd5, 0xec,
  0x00, 0x00, 0xd5, 0xec, 0x00, 0x00, 0xfc, 0xed, 0x00, 0x00, 0xfc, 0xed,
  0x00, 0x00, 0x74, 0xee, 0x00, 0x00, 0x74, 0xee, 0x00, 0x00, 0x74, 0xee,
  0x00, 0x00, 0x74, 0xee, 0x00, 0x00, 0xf7, 0xef, 0x00, 0x00, 0xf7, 0xef,
  0x00, 0x00, 0xb6, 0xf1, 0x00, 0x00, 0xb6, 0xf1, 0x00, 0x00, 0x1d, 0xf2,
  0x00, 0x00, 0x1d, 0xf2, 0x00, 0x00, 0xe0, 0xf2, 0x00, 0x00, 0xe0, 0xf2,
  0x00, 0x00, 0x7a, 0xf4, 0x00, 0x00, 0x7a, 0xf4, 0x00, 0x00, 0xe0, 0xf5,
  0x00, 0x00, 0xe0, 0xf5, 0x00, 0x00, 0xf6, 0xf6, 0x00, 0x00, 0xf6, 0xf6,
  0x00, 0x00, 0x6e, 0xf7, 0x00, 0x00, 0x6e, 0xf7, 0x00, 0x00, 0xcc, 0xf7,
  0x00, 0x00, 0xcc, 0xf7, 0x00, 0x00, 0xd0, 0xf8, 0x00, 0x00, 0xd0, 0xf8,
  0x00, 0x00, 0x24, 0xf9, 0x00, 0x00, 0x24, 0xf9, 0x00, 0x00, 0x93, 0xf8,
  0x00, 0x00, 0x93, 0xf8, 0x00, 0x00, 0x4d, 0xf8, 0x00, 0x00, 0x4d, 0xf8,
  0x00, 0x00, 0x33, 0xf8, 0x00, 0x00, 0x33, 0xf8, 0x00, 0x00, 0x4e, 0xf8,
  0x00, 0x00, 0x4e, 0xf8, 0x00, 0x00, 0x94, 0xf8, 0x00, 0x00, 0x94, 0xf8,
  0x00, 0x00, 0xf4, 0xf7, 0x00, 0x00, 0xf4, 0xf7, 0x00, 0x00, 0x92, 0xf7,
  0x00, 0x00, 0x92, 0xf7, 0x00, 0x00, 0xcd, 0xf8, 0x00, 0x00, 0xcd, 0xf8,
  0x00, 0x00, 0x55, 0xf9, 0x00, 0x00, 0x55, 0xf9, 0x00, 0x00, 0x68, 0xf8,
  0x00, 0x00, 0x68, 0xf8, 0x00, 0x00, 0x76, 0xf8, 0x00, 0x00, 0x76, 0xf8,
  0x00, 0x00, 0x98, 0xf9, 0x00, 0x00, 0x98, 0xf9, 0x00, 0x00, 0x37, 0xfa,
  0x00, 0x00, 0x37, 0xfa, 0x00, 0x00, 0xee, 0xf9, 0x00, 0x00, 0xee, 0xf9,
  0x00, 0x00, 0x7c, 0xf9, 0x00, 0x00, 0x7c, 0xf9, 0x00, 0x00, 0x26, 0xfa,
  0x00, 0x00, 0x26, 0xfa, 0x00, 0x00, 0x74, 0xfb, 0x00, 0x00, 0x74, 0xfb,
  0x00, 0x00, 0x3b, 0xfb, 0x00, 0x00, 0x3b, 0xfb, 0x00, 0x00, 0xff, 0xf9,
  0x00, 0x00, 0xff, 0xf9, 0x00, 0x00, 0x58, 0xfa, 0x00, 0x00, 0x58, 0xfa,
  0x00, 0x00, 0x8b, 0xfb, 0x00, 0x00, 0x8b, 0xfb, 0x00, 0x00, 0x26, 0xfb,
  0x00, 0x00, 0x26, 0xfb, 0x00, 0x00, 0xd5, 0xf8, 0x00, 0x00, 0xd5, 0xf8,
  0x00, 0x00, 0xfd, 0xf5, 0x00, 0x00, 0xfd, 0xf5, 0x00, 0x00, 0xb4, 0xf6,
  0x00, 0x00, 0xb4, 0xf6, 0x00, 0x00, 0xc4, 0xfe, 0x00, 0x00, 0xc4, 0xfe,
  0x00, 0x00, 0x00, 0x0b, 0x00, 0x00, 0x00, 0x0b, 0x00, 0x00, 0x54, 0x15,
  0x00, 0x00, 0x54, 0x15, 0x00, 0x00, 0x17, 0x1c, 0x00, 0x00, 0x17, 0x1c,
  0x00, 0x00, 0xbf, 0x1f, 0x00, 0x00, 0xbf, 0x1f, 0x00, 0x00, 0x75, 0x20,
  0x00, 0x00, 0x75, 0x20, 0x00, 0x00, 0x63, 0x1f, 0x00, 0x00, 0x63, 0x1f,
  0x00, 0x00, 0x9f, 0x1c, 0x00, 0x00, 0x9f, 0x1c, 0x00, 0x00, 0x69, 0x18,
  0x00, 0x00, 0x69, 0x18, 0x00, 0x00, 0xc3, 0x15, 0x00, 0x00, 0xc3, 0x15,
  0x00, 0x00, 0xad, 0x15, 0x00, 0x00, 0xad, 0x15, 0x00, 0x00, 0x7f, 0x16,
  0x00, 0x00, 0x7f, 0x16, 0x00, 0x00, 0x6f, 0x17, 0x00, 0x00, 0x6f, 0x17,
  0x00, 0x00, 0xb7, 0x16, 0x00, 0x00, 0xb7, 0x16, 0x00, 0x00, 0x98, 0x12,
  0x00, 0x00, 0x98, 0x12, 0x00, 0x00, 0x6f, 0x0d, 0x00, 0x00, 0x6f, 0x0d,
  0x00, 0x00, 0x8a, 0x09, 0x00, 0x00, 0x8a, 0x09, 0x00, 0x00, 0xd4, 0x06,
  0x00, 0x00, 0xd4, 0x06, 0x00, 0x00, 0x6b, 0x06, 0x00, 0x00, 0x6b, 0x06,
  0x00, 0x00, 0xd1, 0x07, 0x00, 0x00, 0xd1, 0x07, 0x00, 0x00, 0xef, 0x07,
  0x00, 0x00, 0xef, 0x07, 0x00, 0x00, 0x43, 0x07, 0x00, 0x00, 0x43, 0x07,
  0x00, 0x00, 0xe5, 0x07, 0x00, 0x00, 0xe5, 0x07, 0x00, 0x00, 0x01, 0x08,
  0x00, 0x00, 0x01, 0x08, 0x00, 0x00, 0x5a, 0x05, 0x00, 0x00, 0x5a, 0x05,
  0x00, 0x00, 0x83, 0x01, 0x00, 0x00, 0x83, 0x01, 0x00, 0x00, 0xee, 0xff,
  0x00, 0x00, 0xee, 0xff, 0x00, 0x00, 0xda, 0x01, 0x00, 0x00, 0xda, 0x01,
  0x00, 0x00, 0xa3, 0x04, 0x00, 0x00, 0xa3, 0x04, 0x00, 0x00, 0x83, 0x05,
  0x00, 0x00, 0x83, 0x05, 0x00, 0x00, 0x69, 0x06, 0x00, 0x00, 0x69, 0x06,
  0x00, 0x00, 0x10, 0x09, 0x00, 0x00, 0x10, 0x09, 0x00, 0x00, 0x98, 0x09,
  0x00, 0x00, 0x98, 0x09, 0x00, 0x00, 0x27, 0x06, 0x00, 0x00, 0x27, 0x06,
  0x00, 0x00, 0x70, 0x03, 0x00, 0x00, 0x70, 0x03, 0x00, 0x00, 0xf2, 0x02,
  0x00, 0x00, 0xf2, 0x02, 0x00, 0x00, 0xad, 0x00, 0x00, 0x00, 0xad, 0x00,
  0x00, 0x00, 0x92, 0xfc, 0x00, 0x00, 0x92, 0xfc, 0x00, 0x00, 0x4c, 0xfa,
  0x00, 0x00, 0x4c, 0xfa, 0x00, 0x00, 0xdc, 0xf9, 0x00, 0x00, 0xdc, 0xf9,
  0x00, 0x00, 0x99, 0xf8, 0x00, 0x00, 0x99, 0xf8, 0x00, 0x00, 0x4a, 0xf5,
  0x00, 0x00, 0x4a, 0xf5, 0x00, 0x00, 0xa0, 0xf1, 0x00, 0x00, 0xa0, 0xf1,
  0x00, 0x00, 0x5b, 0xf0, 0x00, 0x00, 0x5b, 0xf0, 0x00, 0x00, 0x3b, 0xf0,
  0x00, 0x00, 0x3b, 0xf0, 0x00, 0x00, 0x07, 0xee, 0x00, 0x00, 0x07, 0xee,
  0x00, 0x00, 0xd7, 0xeb, 0x00, 0x00, 0xd7, 0xeb, 0x00, 0x00, 0xf4, 0xec,
  0x00, 0x00, 0xf4, 0xec, 0x00, 0x00, 0xba, 0xee, 0x00, 0x00, 0xba, 0xee,
  0x00, 0x00, 0x91, 0xee, 0x00, 0x00, 0x91, 0xee, 0x00, 0x00, 0x99, 0xee,
  0x00, 0x00, 0x99, 0xee, 0x00, 0x00, 0x64, 0xf0, 0x00, 0x00, 0x64, 0xf0,
  0x00, 0x00, 0x54, 0xf2, 0x00, 0x00, 0x54, 0xf2, 0x00, 0x00, 0x16, 0xf3,
  0x00, 0x00, 0x16, 0xf3, 0x00, 0x00, 0x93, 0xf3, 0x00, 0x00, 0x93, 0xf3,
  0x00, 0x00, 0x23, 0xf5, 0x00, 0x00, 0x23, 0xf5, 0x00, 0x00, 0x07, 0xf7,
  0x00, 0x00, 0x07, 0xf7, 0x00, 0x00, 0xe4, 0xf7, 0x00, 0x00, 0xe4, 0xf7,
  0x00, 0x00, 0x3e, 0xf8, 0x00, 0x00, 0x3e, 0xf8, 0x00, 0x00, 0xa8, 0xf8,
  0x00, 0x00, 0xa8, 0xf8, 0x00, 0x00, 0x11, 0xf9, 0x00, 0x00, 0x11, 0xf9,
  0x00, 0x00, 0x9a, 0xf9, 0x00, 0x00, 0x9a, 0xf9, 0x00, 0x00, 0x56, 0xf9,
  0x00, 0x00, 0x56, 0xf9, 0x00, 0x00, 0x2b, 0xf8, 0x00, 0x00, 0x2b, 0xf8,
  0x00, 0x00, 0x1c, 0xf8, 0x00, 0x00, 0x1c, 0xf8, 0x00, 0x00, 0xcb, 0xf8,
  0x00, 0x00, 0xcb, 0xf8, 0x00, 0x00, 0x3d, 0xf8, 0x00, 0x00, 0x3d, 0xf8,
  0x00, 0x00, 0x78, 0xf7, 0x00, 0x00, 0x78, 0xf7, 0x00, 0x00, 0xa9, 0xf7,
  0x00, 0x00, 0xa9, 0xf7, 0x00, 0x00, 0x2f, 0xf8, 0x00, 0x00, 0x2f, 0xf8,
  0x00, 0x00, 0x74, 0xf8, 0x00, 0x00, 0x74, 0xf8, 0x00, 0x00, 0x30, 0xf8,
  0x00, 0x00, 0x30, 0xf8, 0x00, 0x00, 0x15, 0xf8, 0x00, 0x00, 0x15, 0xf8,
  0x00, 0x00, 0xeb, 0xf8, 0x00, 0x00, 0xeb, 0xf8, 0x00, 0x00, 0x9a, 0xf9,
  0x00, 0x00, 0x9a, 0xf9, 0x00, 0x00, 0x7b, 0xf9, 0x00, 0x00, 0x7b, 0xf9,
  0x00, 0x00, 0xb6, 0xf9, 0x00, 0x00, 0xb6, 0xf9, 0x00, 0x00, 0x61, 0xfa,
  0x00, 0x00, 0x61, 0xfa, 0x00, 0x00, 0xe8, 0xfa, 0x00, 0x00, 0xe8, 0xfa,
  0x00, 0x00, 0x45, 0xfb, 0x00, 0x00, 0x45, 0xfb, 0x00, 0x00, 0x05, 0xfb,
  0x00, 0x00, 0x05, 0xfb, 0x00, 0x00, 0xaf, 0xfa, 0x00, 0x00, 0xaf, 0xfa,
  0x00, 0x00, 0x24, 0xfb, 0x00, 0x00, 0x24, 0xfb, 0x00, 0x00, 0x28, 0xfb,
  0x00, 0x00, 0x28, 0xfb, 0x00, 0x00, 0x11, 0xfa, 0x00, 0x00, 0x11, 0xfa,
  0x00, 0x00, 0xae, 0xf8, 0x00, 0x00, 0xae, 0xf8, 0x00, 0x00, 0x62, 0xf6,
  0x00, 0x00, 0x62, 0xf6, 0x00, 0x00, 0x10, 0xf6, 0x00, 0x00, 0x10, 0xf6,
  0x00, 0x00, 0x76, 0xfe, 0x00, 0x00, 0x76, 0xfe, 0x00, 0x00, 0x3c, 0x0d,
  0x00, 0x00, 0x3c, 0x0d, 0x00, 0x00, 0x35, 0x18, 0x00, 0x00, 0x35, 0x18,
  0x00, 0x00, 0x1e, 0x1d, 0x00, 0x00, 0x1e, 0x1d, 0x00, 0x00, 0xba, 0x20,
  0x00, 0x00, 0xba, 0x20, 0x00, 0x00, 0x6b, 0x23, 0x00, 0x00, 0x6b, 0x23,
  0x00, 0x00, 0x5e, 0x22, 0x00, 0x00, 0x5e, 0x22, 0x00, 0x00, 0x59, 0x1d,
  0x00, 0x00, 0x59, 0x1d, 0x00, 0x00, 0xc4, 0x17, 0x00, 0x00, 0xc4, 0x17,
  0x00, 0x00, 0xe8, 0x15, 0x00, 0x00, 0xe8, 0x15, 0x00, 0x00, 0x75, 0x16,
  0x00, 0x00, 0x75, 0x16, 0x00, 0x00, 0x80, 0x15, 0x00, 0x00, 0x80, 0x15,
  0x00, 0x00, 0x3b, 0x15, 0x00, 0x00, 0x3b, 0x15, 0x00, 0x00, 0x76, 0x16,
  0x00, 0x00, 0x76, 0x16, 0x00, 0x00, 0x9a, 0x13, 0x00, 0x00, 0x9a, 0x13,
  0x00, 0x00, 0x7c, 0x0c, 0x00, 0x00, 0x7c, 0x0c, 0x00, 0x00, 0xbc, 0x07,
  0x00, 0x00, 0xbc, 0x07, 0x00, 0x00, 0x65, 0x07, 0x00, 0x00, 0x65, 0x07,
  0x00, 0x00, 0xf3, 0x07, 0x00, 0x00, 0xf3, 0x07, 0x00, 0x00, 0xe0, 0x06,
  0x00, 0x00, 0xe0, 0x06, 0x00, 0x00, 0xd9, 0x05, 0x00, 0x00, 0xd9, 0x05,
  0x00, 0x00, 0xc9, 0x07, 0x00, 0x00, 0xc9, 0x07, 0x00, 0x00, 0xdd, 0x09,
  0x00, 0x00, 0xdd, 0x09, 0x00, 0x00, 0x9d, 0x07, 0x00, 0x00, 0x9d, 0x07,
  0x00, 0x00, 0xf4, 0x03, 0x00, 0x00, 0xf4, 0x03, 0x00, 0x00, 0xbb, 0x02,
  0x00, 0x00, 0xbb, 0x02, 0x00, 0x00, 0x00, 0x02, 0x00, 0x00, 0x00, 0x02,
  0x00, 0x00, 0x55, 0x01, 0x00, 0x00, 0x55, 0x01, 0x00, 0x00, 0x48, 0x03,
  0x00, 0x00, 0x48, 0x03, 0x00, 0x00, 0x38, 0x06, 0x00, 0x00, 0x38, 0x06,
  0x00, 0x00, 0xa8, 0x07, 0x00, 0x00, 0xa8, 0x07, 0x00, 0x00, 0x6f, 0x08,
  0x00, 0x00, 0x6f, 0x08, 0x00, 0x00, 0x26, 0x08, 0x00, 0x00, 0x26, 0x08,
  0x00, 0x00, 0x77, 0x06, 0x00, 0x00, 0x77, 0x06, 0x00, 0x00, 0x17, 0x05,
  0x00, 0x00, 0x17, 0x05, 0x00, 0x00, 0xa6, 0x02, 0x00, 0x00, 0xa6, 0x02,
  0x00, 0x00, 0x5b, 0xfe, 0x00, 0x00, 0x5b, 0xfe, 0x00, 0x00, 0x49, 0xfc,
  0x00, 0x00, 0x49, 0xfc, 0x00, 0x00, 0xc0, 0xfb, 0x00, 0x00, 0xc0, 0xfb,
  0x00, 0x00, 0xf8, 0xf8, 0x00, 0x00, 0xf8, 0xf8, 0x00, 0x00, 0x78, 0xf6,
  0x00, 0x00, 0x78, 0xf6, 0x00, 0x00, 0x67, 0xf5, 0x00, 0x00, 0x67, 0xf5,
  0x00, 0x00, 0x17, 0xf3, 0x00, 0x00, 0x17, 0xf3, 0x00, 0x00, 0xd5, 0xf0,
  0x00, 0x00, 0xd5, 0xf0, 0x00, 0x00, 0x92, 0xef, 0x00, 0x00, 0x92, 0xef,
  0x00, 0x00, 0x39, 0xee, 0x00, 0x00, 0x39, 0xee, 0x00, 0x00, 0x37, 0xee,
  0x00, 0x00, 0x37, 0xee, 0x00, 0x00, 0xa8, 0xee, 0x00, 0x00, 0xa8, 0xee,
  0x00, 0x00, 0x10, 0xee, 0x00, 0x00, 0x10, 0xee, 0x00, 0x00, 0x5e, 0xef,
  0x00, 0x00, 0x5e, 0xef, 0x00, 0x00, 0xfb, 0xf1, 0x00, 0x00, 0xfb, 0xf1,
  0x00, 0x00, 0x37, 0xf2, 0x00, 0x00, 0x37, 0xf2, 0x00, 0x00, 0x50, 0xf2,
  0x00, 0x00, 0x50, 0xf2, 0x00, 0x00, 0x7d, 0xf4, 0x00, 0x00, 0x7d, 0xf4,
  0x00, 0x00, 0xdc, 0xf5, 0x00, 0x00, 0xdc, 0xf5, 0x00, 0x00, 0xf8, 0xf5,
  0x00, 0x00, 0xf8, 0xf5, 0x00, 0x00, 0xed, 0xf6, 0x00, 0x00, 0xed, 0xf6,
  0x00, 0x00, 0x1c, 0xf8, 0x00, 0x00, 0x1c, 0xf8, 0x00, 0x00, 0x88, 0xf8,
  0x00, 0x00, 0x88, 0xf8, 0x00, 0x00, 0x00, 0xf9, 0x00, 0x00, 0x00, 0xf9,
  0x00, 0x00, 0x45, 0xf9, 0x00, 0x00, 0x45, 0xf9, 0x00, 0x00, 0xe4, 0xf8,
  0x00, 0x00, 0xe4, 0xf8, 0x00, 0x00, 0x07, 0xf9, 0x00, 0x00, 0x07, 0xf9,
  0x00, 0x00, 0x0d, 0xf9, 0x00, 0x00, 0x0d, 0xf9, 0x00, 0x00, 0x00, 0xf8,
  0x00, 0x00, 0x00, 0xf8, 0x00, 0x00, 0xd8, 0xf7, 0x00, 0x00, 0xd8, 0xf7,
  0x00, 0x00, 0x53, 0xf8, 0x00, 0x00, 0x53, 0xf8, 0x00, 0x00, 0x86, 0xf7,
  0x00, 0x00, 0x86, 0xf7, 0x00, 0x00, 0x76, 0xf7, 0x00, 0x00, 0x76, 0xf7,
  0x00, 0x00, 0x45, 0xf8, 0x00, 0x00, 0x45, 0xf8, 0x00, 0x00, 0xb7, 0xf7,
  0x00, 0x00, 0xb7, 0xf7, 0x00, 0x00, 0xd5, 0xf7, 0x00, 0x00, 0xd5, 0xf7,
  0x00, 0x00, 0x21, 0xf9, 0x00, 0x00, 0x21, 0xf9, 0x00, 0x00, 0x04, 0xf9,
  0x00, 0x00, 0x04, 0xf9, 0x00, 0x00, 0xd1, 0xf8, 0x00, 0x00, 0xd1, 0xf8,
  0x00, 0x00, 0xc9, 0xf9, 0x00, 0x00, 0xc9, 0xf9, 0x00, 0x00, 0x53, 0xfa,
  0x00, 0x00, 0x53, 0xfa, 0x00, 0x00, 0x8f, 0xfa, 0x00, 0x00, 0x8f, 0xfa,
  0x00, 0x00, 0xc3, 0xfa, 0x00, 0x00, 0xc3, 0xfa, 0x00, 0x00, 0xc0, 0xfa,
  0x00, 0x00, 0xc0, 0xfa, 0x00, 0x00, 0xa7, 0xfb, 0x00, 0x00, 0xa7, 0xfb,
  0x00, 0x00, 0x32, 0xfc, 0x00, 0x00, 0x32, 0xfc, 0x00, 0x00, 0x2b, 0xfb,
  0x00, 0x00, 0x2b, 0xfb, 0x00, 0x00, 0xf7, 0xfa, 0x00, 0x00, 0xf7, 0xfa,
  0x00, 0x00, 0x95, 0xfb, 0x00, 0x00, 0x95, 0xfb, 0x00, 0x00, 0xe7, 0xfa,
  0x00, 0x00, 0xe7, 0xfa, 0x00, 0x00, 0x11, 0xf9, 0x00, 0x00, 0x11, 0xf9,
  0x00, 0x00, 0x4a, 0xf6, 0x00, 0x00, 0x4a, 0xf6, 0x00, 0x00, 0x93, 0xf5,
  0x00, 0x00, 0x93, 0xf5, 0x00, 0x00, 0x11, 0xfd, 0x00, 0x00, 0x11, 0xfd,
  0x00, 0x00, 0x10, 0x0b, 0x00, 0x00, 0x10, 0x0b, 0x00, 0x00, 0xcf, 0x16,
  0x00, 0x00, 0xcf, 0x16, 0x00, 0x00, 0x7e, 0x1d, 0x00, 0x00, 0x7e, 0x1d,
  0x00, 0x00, 0xa2, 0x21, 0x00, 0x00, 0xa2, 0x21, 0x00, 0x00, 0x13, 0x24,
  0x00, 0x00, 0x13, 0x24, 0x00, 0x00, 0xf5, 0x23, 0x00, 0x00, 0xf5, 0x23,
  0x00, 0x00, 0x9e, 0x1f, 0x00, 0x00, 0x9e, 0x1f, 0x00, 0x00, 0xdb, 0x18,
  0x00, 0x00, 0xdb, 0x18, 0x00, 0x00, 0x0d, 0x15, 0x00, 0x00, 0x0d, 0x15,
  0x00, 0x00, 0x95, 0x14, 0x00, 0x00, 0x95, 0x14, 0x00, 0x00, 0x09, 0x14,
  0x00, 0x00, 0x09, 0x14, 0x00, 0x00, 0x9d, 0x13, 0x00, 0x00, 0x9d, 0x13,
  0x00, 0x00, 0xcd, 0x13, 0x00, 0x00, 0xcd, 0x13, 0x00, 0x00, 0x3d, 0x12,
  0x00, 0x00, 0x3d, 0x12, 0x00, 0x00, 0xb2, 0x0d, 0x00, 0x00, 0xb2, 0x0d,
  0x00, 0x00, 0x52, 0x08, 0x00, 0x00, 0x52, 0x08, 0x00, 0x00, 0xfb, 0x05,
  0x00, 0x00, 0xfb, 0x05, 0x00, 0x00, 0x1c, 0x07, 0x00, 0x00, 0x1c, 0x07,
  0x00, 0x00, 0x62, 0x07, 0x00, 0x00, 0x62, 0x07, 0x00, 0x00, 0xb3, 0x05,
  0x00, 0x00, 0xb3, 0x05, 0x00, 0x00, 0xfc, 0x05, 0x00, 0x00, 0xfc, 0x05,
  0x00, 0x00, 0xaf, 0x08, 0x00, 0x00, 0xaf, 0x08, 0x00, 0x00, 0x4c, 0x09,
  0x00, 0x00, 0x4c, 0x09, 0x00, 0x00, 0xc4, 0x05, 0x00, 0x00, 0xc4, 0x05,
  0x00, 0x00, 0x18, 0x02, 0x00, 0x00, 0x18, 0x02, 0x00, 0x00, 0x33, 0x02,
  0x00, 0x00, 0x33, 0x02, 0x00, 0x00, 0x8f, 0x03, 0x00, 0x00, 0x8f, 0x03,
  0x00, 0x00, 0x86, 0x03, 0x00, 0x00, 0x86, 0x03, 0x00, 0x00, 0xb5, 0x04,
  0x00, 0x00, 0xb5, 0x04, 0x00, 0x00, 0x9e, 0x07, 0x00, 0x00, 0x9e, 0x07,
  0x00, 0x00, 0x11, 0x09, 0x00, 0x00, 0x11, 0x09, 0x00, 0x00, 0x8c, 0x08,
  0x00, 0x00, 0x8c, 0x08, 0x00, 0x00, 0x25, 0x07, 0x00, 0x00, 0x25, 0x07,
  0x00, 0x00, 0x3d, 0x05, 0x00, 0x00, 0x3d, 0x05, 0x00, 0x00, 0x12, 0x03,
  0x00, 0x00, 0x12, 0x03, 0x00, 0x00, 0xcd, 0xff, 0x00, 0x00, 0xcd, 0xff,
  0x00, 0x00, 0xff, 0xfb, 0x00, 0x00, 0xff, 0xfb, 0x00, 0x00, 0x09, 0xfa,
  0x00, 0x00, 0x09, 0xfa, 0x00, 0x00, 0x10, 0xf9, 0x00, 0x00, 0x10, 0xf9,
  0x00, 0x00, 0xa8, 0xf6, 0x00, 0x00, 0xa8, 0xf6, 0x00, 0x00, 0x0c, 0xf4,
  0x00, 0x00, 0x0c, 0xf4, 0x00, 0x00, 0xa7, 0xf2, 0x00, 0x00, 0xa7, 0xf2,
  0x00, 0x00, 0x51, 0xf1, 0x00, 0x00, 0x51, 0xf1, 0x00, 0x00, 0xdd, 0xef,
  0x00, 0x00, 0xdd, 0xef, 0x00, 0x00, 0xe9, 0xee, 0x00, 0x00, 0xe9, 0xee,
  0x00, 0x00, 0x68, 0xee, 0x00, 0x00, 0x68, 0xee, 0x00, 0x00, 0x90, 0xee,
  0x00, 0x00, 0x90, 0xee, 0x00, 0x00, 0x52, 0xef, 0x00, 0x00, 0x52, 0xef,
  0x00, 0x00, 0x10, 0xf0, 0x00, 0x00, 0x10, 0xf0, 0x00, 0x00, 0x18, 0xf1,
  0x00, 0x00, 0x18, 0xf1, 0x00, 0x00, 0x95, 0xf2, 0x00, 0x00, 0x95, 0xf2,
  0x00, 0x00, 0x7c, 0xf3, 0x00, 0x00, 0x7c, 0xf3, 0x00, 0x00, 0x34, 0xf4,
  0x00, 0x00, 0x34, 0xf4, 0x00, 0x00, 0x8e, 0xf5, 0x00, 0x00, 0x8e, 0xf5,
  0x00, 0x00, 0x8f, 0xf6, 0x00, 0x00, 0x8f, 0xf6, 0x00, 0x00, 0x36, 0xf7,
  0x00, 0x00, 0x36, 0xf7, 0x00, 0x00, 0xec, 0xf7, 0x00, 0x00, 0xec, 0xf7,
  0x00, 0x00, 0x0e, 0xf8, 0x00, 0x00, 0x0e, 0xf8, 0x00, 0x00, 0x95, 0xf8,
  0x00, 0x00, 0x95, 0xf8, 0x00, 0x00, 0x74, 0xf9, 0x00, 0x00, 0x74, 0xf9,
  0x00, 0x00, 0x8a, 0xf8, 0x00, 0x00, 0x8a, 0xf8, 0x00, 0x00, 0xb9, 0xf7,
  0x00, 0x00, 0xb9, 0xf7, 0x00, 0x00, 0xd7, 0xf8, 0x00, 0x00, 0xd7, 0xf8,
  0x00, 0x00, 0x8d, 0xf8, 0x00, 0x00, 0x8d, 0xf8, 0x00, 0x00, 0xff, 0xf6,
  0x00, 0x00, 0xff, 0xf6, 0x00, 0x00, 0xa3, 0xf7, 0x00, 0x00, 0xa3, 0xf7,
  0x00, 0x00, 0x77, 0xf8, 0x00, 0x00, 0x77, 0xf8, 0x00, 0x00, 0xe9, 0xf7,
  0x00, 0x00, 0xe9, 0xf7, 0x00, 0x00, 0x2a, 0xf8, 0x00, 0x00, 0x2a, 0xf8,
  0x00, 0x00, 0xb1, 0xf8, 0x00, 0x00, 0xb1, 0xf8, 0x00, 0x00, 0xe4, 0xf8,
  0x00, 0x00, 0xe4, 0xf8, 0x00, 0x00, 0xcf, 0xf9, 0x00, 0x00, 0xcf, 0xf9,
  0x00, 0x00, 0x1e, 0xfa, 0x00, 0x00, 0x1e, 0xfa, 0x00, 0x00, 0xac, 0xf9,
  0x00, 0x00, 0xac, 0xf9, 0x00, 0x00, 0xa8, 0xfa, 0x00, 0x00, 0xa8, 0xfa,
  0x00, 0x00, 0xbc, 0xfb, 0x00, 0x00, 0xbc, 0xfb, 0x00, 0x00, 0x52, 0xfb,
  0x00, 0x00, 0x52, 0xfb, 0x00, 0x00, 0x8c, 0xfb, 0x00, 0x00, 0x8c, 0xfb,
  0x00, 0x00, 0x86, 0xfc, 0x00, 0x00, 0x86, 0xfc, 0x00, 0x00, 0x72, 0xfc,
  0x00, 0x00, 0x72, 0xfc, 0x00, 0x00, 0x57, 0xfc, 0x00, 0x00, 0x57, 0xfc,
  0x00, 0x00, 0xdf, 0xfc, 0x00, 0x00, 0xdf, 0xfc, 0x00, 0x00, 0x87, 0xfc,
  0x00, 0x00, 0x87, 0xfc, 0x00, 0x00, 0xb1, 0xfb, 0x00, 0x00, 0xb1, 0xfb,
  0x00, 0x00, 0xaf, 0xfb, 0x00, 0x00, 0xaf, 0xfb, 0x00, 0x00, 0x5b, 0xfb,
  0x00, 0x00, 0x5b, 0xfb, 0x00, 0x00, 0x8b, 0xf9, 0x00, 0x00, 0x8b, 0xf9,
  0x00, 0x00, 0xb6, 0xf6, 0x00, 0x00, 0xb6, 0xf6, 0x00, 0x00, 0xa5, 0xf5,
  0x00, 0x00, 0xa5, 0xf5, 0x00, 0x00, 0x00, 0xfc, 0x00, 0x00, 0x00, 0xfc,
  0x00, 0x00, 0x8f, 0x09, 0x00, 0x00, 0x8f, 0x09, 0x00, 0x00, 0xb9, 0x15,
  0x00, 0x00, 0xb9, 0x15, 0x00, 0x00, 0x9a, 0x1c, 0x00, 0x00, 0x9a, 0x1c,
  0x00, 0x00, 0x73, 0x21, 0x00, 0x00, 0x73, 0x21, 0x00, 0x00, 0xf7, 0x24,
  0x00, 0x00, 0xf7, 0x24, 0x00, 0x00, 0x0d, 0x25, 0x00, 0x00, 0x0d, 0x25,
  0x00, 0x00, 0xba, 0x20, 0x00, 0x00, 0xba, 0x20, 0x00, 0x00, 0x8b, 0x19,
  0x00, 0x00, 0x8b, 0x19, 0x00, 0x00, 0x2a, 0x14, 0x00, 0x00, 0x2a, 0x14,
  0x00, 0x00, 0x05, 0x12, 0x00, 0x00, 0x05, 0x12, 0x00, 0x00, 0x66, 0x10,
  0x00, 0x00, 0x66, 0x10, 0x00, 0x00, 0xe1, 0x0f, 0x00, 0x00, 0xe1, 0x0f,
  0x00, 0x00, 0xd7, 0x10, 0x00, 0x00, 0xd7, 0x10, 0x00, 0x00, 0xcf, 0x0f,
  0x00, 0x00, 0xcf, 0x0f, 0x00, 0x00, 0x40, 0x0c, 0x00, 0x00, 0x40, 0x0c,
  0x00, 0x00, 0xc8, 0x08, 0x00, 0x00, 0xc8, 0x08, 0x00, 0x00, 0xb8, 0x06,
  0x00, 0x00, 0xb8, 0x06, 0x00, 0x00, 0x68, 0x06, 0x00, 0x00, 0x68, 0x06,
  0x00, 0x00, 0x28, 0x06, 0x00, 0x00, 0x28, 0x06, 0x00, 0x00, 0xae, 0x04,
  0x00, 0x00, 0xae, 0x04, 0x00, 0x00, 0x94, 0x04, 0x00, 0x00, 0x94, 0x04,
  0x00, 0x00, 0xbe, 0x06, 0x00, 0x00, 0xbe, 0x06, 0x00, 0x00, 0x0d, 0x08,
  0x00, 0x00, 0x0d, 0x08, 0x00, 0x00, 0xa1, 0x06, 0x00, 0x00, 0xa1, 0x06,
  0x00, 0x00, 0xb0, 0x03, 0x00, 0x00, 0xb0, 0x03, 0x00, 0x00, 0xfd, 0x01,
  0x00, 0x00, 0xfd, 0x01, 0x00, 0x00, 0xe6, 0x02, 0x00, 0x00, 0xe6, 0x02,
  0x00, 0x00, 0x34, 0x04, 0x00, 0x00, 0x34, 0x04, 0x00, 0x00, 0x69, 0x04,
  0x00, 0x00, 0x69, 0x04, 0x00, 0x00, 0x91, 0x05, 0x00, 0x00, 0x91, 0x05,
  0x00, 0x00, 0xdd, 0x07, 0x00, 0x00, 0xdd, 0x07, 0x00, 0x00, 0xdd, 0x08,
  0x00, 0x00, 0xdd, 0x08, 0x00, 0x00, 0xff, 0x07, 0x00, 0x00, 0xff, 0x07,
  0x00, 0x00, 0x4b, 0x06, 0x00, 0x00, 0x4b, 0x06, 0x00, 0x00, 0x31, 0x04,
  0x00, 0x00, 0x31, 0x04, 0x00, 0x00, 0x88, 0x01, 0x00, 0x00, 0x88, 0x01,
  0x00, 0x00, 0xd7, 0xfd, 0x00, 0x00, 0xd7, 0xfd, 0x00, 0x00, 0xed, 0xf9,
  0x00, 0x00, 0xed, 0xf9, 0x00, 0x00, 0x04, 0xf8, 0x00, 0x00, 0x04, 0xf8,
  0x00, 0x00, 0x3d, 0xf7, 0x00, 0x00, 0x3d, 0xf7, 0x00, 0x00, 0xaa, 0xf4,
  0x00, 0x00, 0xaa, 0xf4, 0x00, 0x00, 0x9c, 0xf1, 0x00, 0x00, 0x9c, 0xf1,
  0x00, 0x00, 0xd6, 0xf0, 0x00, 0x00, 0xd6, 0xf0, 0x00, 0x00, 0xc7, 0xf0,
  0x00, 0x00, 0xc7, 0xf0, 0x00, 0x00, 0x95, 0xef, 0x00, 0x00, 0x95, 0xef,
  0x00, 0x00, 0x5a, 0xee, 0x00, 0x00, 0x5a, 0xee, 0x00, 0x00, 0x11, 0xee,
  0x00, 0x00, 0x11, 0xee, 0x00, 0x00, 0xf5, 0xee, 0x00, 0x00, 0xf5, 0xee,
  0x00, 0x00, 0x9d, 0xf0, 0x00, 0x00, 0x9d, 0xf0, 0x00, 0x00, 0x1f, 0xf1,
  0x00, 0x00, 0x1f, 0xf1, 0x00, 0x00, 0x32, 0xf1, 0x00, 0x00, 0x32, 0xf1,
  0x00, 0x00, 0x96, 0xf3, 0x00, 0x00, 0x96, 0xf3, 0x00, 0x00, 0xaf, 0xf5,
  0x00, 0x00, 0xaf, 0xf5, 0x00, 0x00, 0x40, 0xf5, 0x00, 0x00, 0x40, 0xf5,
  0x00, 0x00, 0xf4, 0xf5, 0x00, 0x00, 0xf4, 0xf5, 0x00, 0x00, 0x04, 0xf8,
  0x00, 0x00, 0x04, 0xf8, 0x00, 0x00, 0x73, 0xf8, 0x00, 0x00, 0x73, 0xf8,
  0x00, 0x00, 0x4c, 0xf8, 0x00, 0x00, 0x4c, 0xf8, 0x00, 0x00, 0x9c, 0xf8,
  0x00, 0x00, 0x9c, 0xf8, 0x00, 0x00, 0xa4, 0xf8, 0x00, 0x00, 0xa4, 0xf8,
  0x00, 0x00, 0x05, 0xf9, 0x00, 0x00, 0x05, 0xf9, 0x00, 0x00, 0x32, 0xf9,
  0x00, 0x00, 0x32, 0xf9, 0x00, 0x00, 0x4c, 0xf8, 0x00, 0x00, 0x4c, 0xf8,
  0x00, 0x00, 0xe1, 0xf7, 0x00, 0x00, 0xe1, 0xf7, 0x00, 0x00, 0x4a, 0xf8,
  0x00, 0x00, 0x4a, 0xf8, 0x00, 0x00, 0x8b, 0xf8, 0x00, 0x00, 0x8b, 0xf8,
  0x00, 0x00, 0x38, 0xf8, 0x00, 0x00, 0x38, 0xf8, 0x00, 0x00, 0x8c, 0xf7,
  0x00, 0x00, 0x8c, 0xf7, 0x00, 0x00, 0xf5, 0xf7, 0x00, 0x00, 0xf5, 0xf7,
  0x00, 0x00, 0x11, 0xf9, 0x00, 0x00, 0x11, 0xf9, 0x00, 0x00, 0x06, 0xf9,
  0x00, 0x00, 0x06, 0xf9, 0x00, 0x00, 0xa3, 0xf8, 0x00, 0x00, 0xa3, 0xf8,
  0x00, 0x00, 0x4d, 0xf9, 0x00, 0x00, 0x4d, 0xf9, 0x00, 0x00, 0x3a, 0xfa,
  0x00, 0x00, 0x3a, 0xfa, 0x00, 0x00, 0xdd, 0xfa, 0x00, 0x00, 0xdd, 0xfa,
  0x00, 0x00, 0x12, 0xfb, 0x00, 0x00, 0x12, 0xfb, 0x00, 0x00, 0xe0, 0xfa,
  0x00, 0x00, 0xe0, 0xfa, 0x00, 0x00, 0x78, 0xfb, 0x00, 0x00, 0x78, 0xfb,
  0x00, 0x00, 0xab, 0xfc, 0x00, 0x00, 0xab, 0xfc, 0x00, 0x00, 0xd8, 0xfc,
  0x00, 0x00, 0xd8, 0xfc, 0x00, 0x00, 0xbe, 0xfb, 0x00, 0x00, 0xbe, 0xfb,
  0x00, 0x00, 0x5c, 0xfb, 0x00, 0x00, 0x5c, 0xfb, 0x00, 0x00, 0xea, 0xfc,
  0x00, 0x00, 0xea, 0xfc, 0x00, 0x00, 0x68, 0xfd, 0x00, 0x00, 0x68, 0xfd,
  0x00, 0x00, 0x0c, 0xfb, 0x00, 0x00, 0x0c, 0xfb, 0x00, 0x00, 0xc7, 0xf9,
  0x00, 0x00, 0xc7, 0xf9, 0x00, 0x00, 0x48, 0xfb, 0x00, 0x00, 0x48, 0xfb,
  0x00, 0x00, 0x81, 0xfb, 0x00, 0x00, 0x81, 0xfb, 0x00, 0x00, 0x76, 0xf8,
  0x00, 0x00, 0x76, 0xf8, 0x00, 0x00, 0x9a, 0xf4, 0x00, 0x00, 0x9a, 0xf4,
  0x00, 0x00, 0xa7, 0xf4, 0x00, 0x00, 0xa7, 0xf4, 0x00, 0x00, 0x52, 0xfc,
  0x00, 0x00, 0x52, 0xfc, 0x00, 0x00, 0x22, 0x08, 0x00, 0x00, 0x22, 0x08,
  0x00, 0x00, 0x8f, 0x12, 0x00, 0x00, 0x8f, 0x12, 0x00, 0x00, 0xe4, 0x1b,
  0x00, 0x00, 0xe4, 0x1b, 0x00, 0x00, 0x14, 0x24, 0x00, 0x00, 0x14, 0x24,
  0x00, 0x00, 0x30, 0x28, 0x00, 0x00, 0x30, 0x28, 0x00, 0x00, 0x2a, 0x28,
  0x00, 0x00, 0x2a, 0x28, 0x00, 0x00, 0xc1, 0x24, 0x00, 0x00, 0xc1, 0x24,
  0x00, 0x00, 0xb8, 0x1d, 0x00, 0x00, 0xb8, 0x1d, 0x00, 0x00, 0x56, 0x15,
  0x00, 0x00, 0x56, 0x15, 0x00, 0x00, 0x98, 0x0e, 0x00, 0x00, 0x98, 0x0e,
  0x00, 0x00, 0xe5, 0x0a, 0x00, 0x00, 0xe5, 0x0a, 0x00, 0x00, 0xcd, 0x0a,
  0x00, 0x00, 0xcd, 0x0a, 0x00, 0x00, 0xe6, 0x0b, 0x00, 0x00, 0xe6, 0x0b,
  0x00, 0x00, 0x1e, 0x0b, 0x00, 0x00, 0x1e, 0x0b, 0x00, 0x00, 0xb5, 0x09,
  0x00, 0x00, 0xb5, 0x09, 0x00, 0x00, 0x20, 0x09, 0x00, 0x00, 0x20, 0x09,
  0x00, 0x00, 0x5e, 0x08, 0x00, 0x00, 0x5e, 0x08, 0x00, 0x00, 0x65, 0x07,
  0x00, 0x00, 0x65, 0x07, 0x00, 0x00, 0x3a, 0x06, 0x00, 0x00, 0x3a, 0x06,
  0x00, 0x00, 0x40, 0x04, 0x00, 0x00, 0x40, 0x04, 0x00, 0x00, 0x83, 0x03,
  0x00, 0x00, 0x83, 0x03, 0x00, 0x00, 0xd2, 0x05, 0x00, 0x00, 0xd2, 0x05,
  0x00, 0x00, 0xf6, 0x07, 0x00, 0x00, 0xf6, 0x07, 0x00, 0x00, 0x50, 0x07,
  0x00, 0x00, 0x50, 0x07, 0x00, 0x00, 0xa3, 0x05, 0x00, 0x00, 0xa3, 0x05,
  0x00, 0x00, 0x7f, 0x04, 0x00, 0x00, 0x7f, 0x04, 0x00, 0x00, 0x55, 0x04,
  0x00, 0x00, 0x55, 0x04, 0x00, 0x00, 0x07, 0x05, 0x00, 0x00, 0x07, 0x05,
  0x00, 0x00, 0x15, 0x05, 0x00, 0x00, 0x15, 0x05, 0x00, 0x00, 0xdf, 0x04,
  0x00, 0x00, 0xdf, 0x04, 0x00, 0x00, 0x69, 0x06, 0x00, 0x00, 0x69, 0x06,
  0x00, 0x00, 0xbe, 0x07, 0x00, 0x00, 0xbe, 0x07, 0x00, 0x00, 0xd2, 0x06,
  0x00, 0x00, 0xd2, 0x06, 0x00, 0x00, 0x43, 0x06, 0x00, 0x00, 0x43, 0x06,
  0x00, 0x00, 0x93, 0x05, 0x00, 0x00, 0x93, 0x05, 0x00, 0x00, 0x6e, 0x01,
  0x00, 0x00, 0x6e, 0x01, 0x00, 0x00, 0xdf, 0xfc, 0x00, 0x00, 0xdf, 0xfc,
  0x00, 0x00, 0xb3, 0xfa, 0x00, 0x00, 0xb3, 0xfa, 0x00, 0x00, 0xf6, 0xf7,
  0x00, 0x00, 0xf6, 0xf7, 0x00, 0x00, 0xb7, 0xf4, 0x00, 0x00, 0xb7, 0xf4,
  0x00, 0x00, 0xc1, 0xf2, 0x00, 0x00, 0xc1, 0xf2, 0x00, 0x00, 0x53, 0xf1,
  0x00, 0x00, 0x53, 0xf1, 0x00, 0x00, 0xc6, 0xf0, 0x00, 0x00, 0xc6, 0xf0,
  0x00, 0x00, 0x95, 0xf0, 0x00, 0x00, 0x95, 0xf0, 0x00, 0x00, 0xeb, 0xef,
  0x00, 0x00, 0xeb, 0xef, 0x00, 0x00, 0xaf, 0xf0, 0x00, 0x00, 0xaf, 0xf0,
  0x00, 0x00, 0xb8, 0xf1, 0x00, 0x00, 0xb8, 0xf1, 0x00, 0x00, 0x0c, 0xf1,
  0x00, 0x00, 0x0c, 0xf1, 0x00, 0x00, 0xb5, 0xf1, 0x00, 0x00, 0xb5, 0xf1,
  0x00, 0x00, 0xfc, 0xf3, 0x00, 0x00, 0xfc, 0xf3, 0x00, 0x00, 0xe5, 0xf4,
  0x00, 0x00, 0xe5, 0xf4, 0x00, 0x00, 0xff, 0xf4, 0x00, 0x00, 0xff, 0xf4,
  0x00, 0x00, 0x81, 0xf5, 0x00, 0x00, 0x81, 0xf5, 0x00, 0x00, 0xcc, 0xf6,
  0x00, 0x00, 0xcc, 0xf6, 0x00, 0x00, 0x7d, 0xf8, 0x00, 0x00, 0x7d, 0xf8,
  0x00, 0x00, 0x5c, 0xf8, 0x00, 0x00, 0x5c, 0xf8, 0x00, 0x00, 0x62, 0xf7,
  0x00, 0x00, 0x62, 0xf7, 0x00, 0x00, 0x6b, 0xf8, 0x00, 0x00, 0x6b, 0xf8,
  0x00, 0x00, 0x94, 0xf9, 0x00, 0x00, 0x94, 0xf9, 0x00, 0x00, 0x07, 0xf9,
  0x00, 0x00, 0x07, 0xf9, 0x00, 0x00, 0x59, 0xf8, 0x00, 0x00, 0x59, 0xf8,
  0x00, 0x00, 0x7d, 0xf8, 0x00, 0x00, 0x7d, 0xf8, 0x00, 0x00, 0x51, 0xf9,
  0x00, 0x00, 0x51, 0xf9, 0x00, 0x00, 0x8d, 0xf9, 0x00, 0x00, 0x8d, 0xf9,
  0x00, 0x00, 0x8d, 0xf8, 0x00, 0x00, 0x8d, 0xf8, 0x00, 0x00, 0x76, 0xf8,
  0x00, 0x00, 0x76, 0xf8, 0x00, 0x00, 0xb2, 0xf9, 0x00, 0x00, 0xb2, 0xf9,
  0x00, 0x00, 0x12, 0xfa, 0x00, 0x00, 0x12, 0xfa, 0x00, 0x00, 0x9e, 0xf9,
  0x00, 0x00, 0x9e, 0xf9, 0x00, 0x00, 0xba, 0xf9, 0x00, 0x00, 0xba, 0xf9,
  0x00, 0x00, 0x89, 0xfa, 0x00, 0x00, 0x89, 0xfa, 0x00, 0x00, 0x6e, 0xfb,
  0x00, 0x00, 0x6e, 0xfb, 0x00, 0x00, 0x89, 0xfb, 0x00, 0x00, 0x89, 0xfb,
  0x00, 0x00, 0x2c, 0xfb, 0x00, 0x00, 0x2c, 0xfb, 0x00, 0x00, 0x97, 0xfb,
  0x00, 0x00, 0x97, 0xfb, 0x00, 0x00, 0x64, 0xfc, 0x00, 0x00, 0x64, 0xfc,
  0x00, 0x00, 0xab, 0xfc, 0x00, 0x00, 0xab, 0xfc, 0x00, 0x00, 0x8b, 0xfc,
  0x00, 0x00, 0x8b, 0xfc, 0x00, 0x00, 0x46, 0xfc, 0x00, 0x00, 0x46, 0xfc,
  0x00, 0x00, 0x6d, 0xfc, 0x00, 0x00, 0x6d, 0xfc, 0x00, 0x00, 0x1a, 0xfd,
  0x00, 0x00, 0x1a, 0xfd, 0x00, 0x00, 0x08, 0xfd, 0x00, 0x00, 0x08, 0xfd,
  0x00, 0x00, 0x20, 0xfc, 0x00, 0x00, 0x20, 0xfc, 0x00, 0x00, 0xba, 0xfb,
  0x00, 0x00, 0xba, 0xfb, 0x00, 0x00, 0x0d, 0xfc, 0x00, 0x00, 0x0d, 0xfc,
  0x00, 0x00, 0x39, 0xfc, 0x00, 0x00, 0x39, 0xfc, 0x00, 0x00, 0x60, 0xfb,
  0x00, 0x00, 0x60, 0xfb, 0x00, 0x00, 0x1d, 0xfa, 0x00, 0x00, 0x1d, 0xfa,
  0x00, 0x00, 0x18, 0xfa, 0x00, 0x00, 0x18, 0xfa, 0x00, 0x00, 0xa9, 0xfa,
  0x00, 0x00, 0xa9, 0xfa, 0x00, 0x00, 0xd2, 0xf9, 0x00, 0x00, 0xd2, 0xf9,
  0x00, 0x00, 0x9a, 0xf7, 0x00, 0x00, 0x9a, 0xf7, 0x00, 0x00, 0x32, 0xf5,
  0x00, 0x00, 0x32, 0xf5, 0x00, 0x00, 0xdb, 0xf5, 0x00, 0x00, 0xdb, 0xf5,
  0x00, 0x00, 0x66, 0xfd, 0x00, 0x00, 0x66, 0xfd, 0x00, 0x00, 0x2c, 0x09,
  0x00, 0x00, 0x2c, 0x09, 0x00, 0x00, 0x36, 0x14, 0x00, 0x00, 0x36, 0x14,
  0x00, 0x00, 0x23, 0x1e, 0x00, 0x00, 0x23, 0x1e, 0x00, 0x00, 0xb3, 0x26,
  0x00, 0x00, 0xb3, 0x26, 0x00, 0x00, 0x4b, 0x2c, 0x00, 0x00, 0x4b, 0x2c,
  0x00, 0x00, 0x0e, 0x2e, 0x00, 0x00, 0x0e, 0x2e, 0x00, 0x00, 0x69, 0x2a,
  0x00, 0x00, 0x69, 0x2a, 0x00, 0x00, 0xdd, 0x21, 0x00, 0x00, 0xdd, 0x21,
  0x00, 0x00, 0xc0, 0x17, 0x00, 0x00, 0xc0, 0x17, 0x00, 0x00, 0x3f, 0x0e,
  0x00, 0x00, 0x3f, 0x0e, 0x00, 0x00, 0x7f, 0x07, 0x00, 0x00, 0x7f, 0x07,
  0x00, 0x00, 0xe0, 0x04, 0x00, 0x00, 0xe0, 0x04, 0x00, 0x00, 0xa3, 0x04,
  0x00, 0x00, 0xa3, 0x04, 0x00, 0x00, 0x71, 0x04, 0x00, 0x00, 0x71, 0x04,
  0x00, 0x00, 0x2b, 0x04, 0x00, 0x00, 0x2b, 0x04, 0x00, 0x00, 0xa8, 0x05,
  0x00, 0x00, 0xa8, 0x05, 0x00, 0x00, 0x42, 0x08, 0x00, 0x00, 0x42, 0x08,
  0x00, 0x00, 0x60, 0x08, 0x00, 0x00, 0x60, 0x08, 0x00, 0x00, 0xf8, 0x05,
  0x00, 0x00, 0xf8, 0x05, 0x00, 0x00, 0x2a, 0x04, 0x00, 0x00, 0x2a, 0x04,
  0x00, 0x00, 0xa6, 0x03, 0x00, 0x00, 0xa6, 0x03, 0x00, 0x00, 0x9f, 0x03,
  0x00, 0x00, 0x9f, 0x03, 0x00, 0x00, 0x50, 0x03, 0x00, 0x00, 0x50, 0x03,
  0x00, 0x00, 0x96, 0x02, 0x00, 0x00, 0x96, 0x02, 0x00, 0x00, 0x8c, 0x02,
  0x00, 0x00, 0x8c, 0x02, 0x00, 0x00, 0x92, 0x02, 0x00, 0x00, 0x92, 0x02,
  0x00, 0x00, 0x43, 0x02, 0x00, 0x00, 0x43, 0x02, 0x00, 0x00, 0x93, 0x03,
  0x00, 0x00, 0x93, 0x03, 0x00, 0x00, 0x80, 0x05, 0x00, 0x00, 0x80, 0x05,
  0x00, 0x00, 0x8a, 0x05, 0x00, 0x00, 0x8a, 0x05, 0x00, 0x00, 0x43, 0x05,
  0x00, 0x00, 0x43, 0x05, 0x00, 0x00, 0x6f, 0x06, 0x00, 0x00, 0x6f, 0x06,
  0x00, 0x00, 0x60, 0x07, 0x00, 0x00, 0x60, 0x07, 0x00, 0x00, 0x43, 0x06,
  0x00, 0x00, 0x43, 0x06, 0x00, 0x00, 0x78, 0x03, 0x00, 0x00, 0x78, 0x03,
  0x00, 0x00, 0x9c, 0x00, 0x00, 0x00, 0x9c, 0x00, 0x00, 0x00, 0x57, 0xfe,
  0x00, 0x00, 0x57, 0xfe, 0x00, 0x00, 0x74, 0xfb, 0x00, 0x00, 0x74, 0xfb,
  0x00, 0x00, 0xa0, 0xf7, 0x00, 0x00, 0xa0, 0xf7, 0x00, 0x00, 0xe4, 0xf4,
  0x00, 0x00, 0xe4, 0xf4, 0x00, 0x00, 0x08, 0xf4, 0x00, 0x00, 0x08, 0xf4,
  0x00, 0x00, 0xf0, 0xf2, 0x00, 0x00, 0xf0, 0xf2, 0x00, 0x00, 0x44, 0xf1,
  0x00, 0x00, 0x44, 0xf1, 0x00, 0x00, 0x17, 0xf1, 0x00, 0x00, 0x17, 0xf1,
  0x00, 0x00, 0xff, 0xf1, 0x00, 0x00, 0xff, 0xf1, 0x00, 0x00, 0x1f, 0xf2,
  0x00, 0x00, 0x1f, 0xf2, 0x00, 0x00, 0xad, 0xf1, 0x00, 0x00, 0xad, 0xf1,
  0x00, 0x00, 0xba, 0xf1, 0x00, 0x00, 0xba, 0xf1, 0x00, 0x00, 0xe1, 0xf2,
  0x00, 0x00, 0xe1, 0xf2, 0x00, 0x00, 0x70, 0xf4, 0x00, 0x00, 0x70, 0xf4,
  0x00, 0x00, 0xea, 0xf4, 0x00, 0x00, 0xea, 0xf4, 0x00, 0x00, 0x41, 0xf5,
  0x00, 0x00, 0x41, 0xf5, 0x00, 0x00, 0xfa, 0xf6, 0x00, 0x00, 0xfa, 0xf6,
  0x00, 0x00, 0xd6, 0xf8, 0x00, 0x00, 0xd6, 0xf8, 0x00, 0x00, 0x9e, 0xf9,
  0x00, 0x00, 0x9e, 0xf9, 0x00, 0x00, 0xbc, 0xf9, 0x00, 0x00, 0xbc, 0xf9,
  0x00, 0x00, 0x20, 0xfa, 0x00, 0x00, 0x20, 0xfa, 0x00, 0x00, 0x27, 0xfb,
  0x00, 0x00, 0x27, 0xfb, 0x00, 0x00, 0x53, 0xfb, 0x00, 0x00, 0x53, 0xfb,
  0x00, 0x00, 0x3c, 0xfa, 0x00, 0x00, 0x3c, 0xfa, 0x00, 0x00, 0x16, 0xfa,
  0x00, 0x00, 0x16, 0xfa, 0x00, 0x00, 0xd3, 0xfa, 0x00, 0x00, 0xd3, 0xfa,
  0x00, 0x00, 0x73, 0xfa, 0x00, 0x00, 0x73, 0xfa, 0x00, 0x00, 0xb3, 0xf9,
  0x00, 0x00, 0xb3, 0xf9, 0x00, 0x00, 0x14, 0xfa, 0x00, 0x00, 0x14, 0xfa,
  0x00, 0x00, 0xc1, 0xfa, 0x00, 0x00, 0xc1, 0xfa, 0x00, 0x00, 0xd3, 0xfa,
  0x00, 0x00, 0xd3, 0xfa, 0x00, 0x00, 0xda, 0xfa, 0x00, 0x00, 0xda, 0xfa,
  0x00, 0x00, 0x2c, 0xfb, 0x00, 0x00, 0x2c, 0xfb, 0x00, 0x00, 0xb1, 0xfb,
  0x00, 0x00, 0xb1, 0xfb, 0x00, 0x00, 0x4d, 0xfc, 0x00, 0x00, 0x4d, 0xfc,
  0x00, 0x00, 0x2f, 0xfc, 0x00, 0x00, 0x2f, 0xfc, 0x00, 0x00, 0xd4, 0xfb,
  0x00, 0x00, 0xd4, 0xfb, 0x00, 0x00, 0x92, 0xfc, 0x00, 0x00, 0x92, 0xfc,
  0x00, 0x00, 0x09, 0xfd, 0x00, 0x00, 0x09, 0xfd, 0x00, 0x00, 0x63, 0xfc,
  0x00, 0x00, 0x63, 0xfc, 0x00, 0x00, 0x5c, 0xfc, 0x00, 0x00, 0x5c, 0xfc,
  0x00, 0x00, 0xdd, 0xfc, 0x00, 0x00, 0xdd, 0xfc, 0x00, 0x00, 0xe0, 0xfc,
  0x00, 0x00, 0xe0, 0xfc, 0x00, 0x00, 0xcc, 0xfc, 0x00, 0x00, 0xcc, 0xfc,
  0x00, 0x00, 0x9a, 0xfc, 0x00, 0x00, 0x9a, 0xfc, 0x00, 0x00, 0x82, 0xfc,
  0x00, 0x00, 0x82, 0xfc, 0x00, 0x00, 0xf3, 0xfc, 0x00, 0x00, 0xf3, 0xfc,
  0x00, 0x00, 0xf4, 0xfc, 0x00, 0x00, 0xf4, 0xfc, 0x00, 0x00, 0x36, 0xfc,
  0x00, 0x00, 0x36, 0xfc, 0x00, 0x00, 0xfb, 0xfb, 0x00, 0x00, 0xfb, 0xfb,
  0x00, 0x00, 0x63, 0xfc, 0x00, 0x00, 0x63, 0xfc, 0x00, 0x00, 0x2a, 0xfc,
  0x00, 0x00, 0x2a, 0xfc, 0x00, 0x00, 0x4d, 0xfb, 0x00, 0x00, 0x4d, 0xfb,
  0x00, 0x00, 0xf6, 0xfa, 0x00, 0x00, 0xf6, 0xfa, 0x00, 0x00, 0x1e, 0xfb,
  0x00, 0x00, 0x1e, 0xfb, 0x00, 0x00, 0xce, 0xfa, 0x00, 0x00, 0xce, 0xfa,
  0x00, 0x00, 0x38, 0xfa, 0x00, 0x00, 0x38, 0xfa, 0x00, 0x00, 0xb4, 0xf9,
  0x00, 0x00, 0xb4, 0xf9, 0x00, 0x00, 0x43, 0xf8, 0x00, 0x00, 0x43, 0xf8,
  0x00, 0x00, 0x47, 0xf6, 0x00, 0x00, 0x47, 0xf6, 0x00, 0x00, 0x25, 0xf7,
  0x00, 0x00, 0x25, 0xf7, 0x00, 0x00, 0xee, 0xfd, 0x00, 0x00, 0xee, 0xfd,
  0x00, 0x00, 0x28, 0x09, 0x00, 0x00, 0x28, 0x09, 0x00, 0x00, 0x0a, 0x14,
  0x00, 0x00, 0x0a, 0x14, 0x00, 0x00, 0x8d, 0x1c, 0x00, 0x00, 0x8d, 0x1c,
  0x00, 0x00, 0x6a, 0x24, 0x00, 0x00, 0x6a, 0x24, 0x00, 0x00, 0x53, 0x2b,
  0x00, 0x00, 0x53, 0x2b, 0x00, 0x00, 0xcf, 0x2d, 0x00, 0x00, 0xcf, 0x2d,
  0x00, 0x00, 0xfb, 0x29, 0x00, 0x00, 0xfb, 0x29, 0x00, 0x00, 0x9c, 0x21,
  0x00, 0x00, 0x9c, 0x21, 0x00, 0x00, 0x57, 0x18, 0x00, 0x00, 0x57, 0x18,
  0x00, 0x00, 0x12, 0x10, 0x00, 0x00, 0x12, 0x10, 0x00, 0x00, 0xa3, 0x08,
  0x00, 0x00, 0xa3, 0x08, 0x00, 0x00, 0x7d, 0x03, 0x00, 0x00, 0x7d, 0x03,
  0x00, 0x00, 0x6a, 0x01, 0x00, 0x00, 0x6a, 0x01, 0x00, 0x00, 0x9d, 0x00,
  0x00, 0x00, 0x9d, 0x00, 0x00, 0x00, 0xfc, 0x00, 0x00, 0x00, 0xfc, 0x00,
  0x00, 0x00, 0xdb, 0x02, 0x00, 0x00, 0xdb, 0x02, 0x00, 0x00, 0xf0, 0x04,
  0x00, 0x00, 0xf0, 0x04, 0x00, 0x00, 0xaa, 0x06, 0x00, 0x00, 0xaa, 0x06,
  0x00, 0x00, 0xb7, 0x06, 0x00, 0x00, 0xb7, 0x06, 0x00, 0x00, 0x90, 0x04,
  0x00, 0x00, 0x90, 0x04, 0x00, 0x00, 0x11, 0x03, 0x00, 0x00, 0x11, 0x03,
  0x00, 0x00, 0xd3, 0x02, 0x00, 0x00, 0xd3, 0x02, 0x00, 0x00, 0xbd, 0x01,
  0x00, 0x00, 0xbd, 0x01, 0x00, 0x00, 0x1b, 0x00, 0x00, 0x00, 0x1b, 0x00,
  0x00, 0x00, 0x10, 0xff, 0x00, 0x00, 0x10, 0xff, 0x00, 0x00, 0x25, 0xff,
  0x00, 0x00, 0x25, 0xff, 0x00, 0x00, 0xe6, 0x00, 0x00, 0x00, 0xe6, 0x00,
  0x00, 0x00, 0x09, 0x03, 0x00, 0x00, 0x09, 0x03, 0x00, 0x00, 0x3a, 0x04,
  0x00, 0x00, 0x3a, 0x04, 0x00, 0x00, 0x7c, 0x05, 0x00, 0x00, 0x7c, 0x05,
  0x00, 0x00, 0x30, 0x07, 0x00, 0x00, 0x30, 0x07, 0x00, 0x00, 0x52, 0x08,
  0x00, 0x00, 0x52, 0x08, 0x00, 0x00, 0x59, 0x08, 0x00, 0x00, 0x59, 0x08,
  0x00, 0x00, 0x0c, 0x07, 0x00, 0x00, 0x0c, 0x07, 0x00, 0x00, 0xef, 0x04,
  0x00, 0x00, 0xef, 0x04, 0x00, 0x00, 0x6a, 0x02, 0x00, 0x00, 0x6a, 0x02,
  0x00, 0x00, 0xf4, 0xfe, 0x00, 0x00, 0xf4, 0xfe, 0x00, 0x00, 0x5c, 0xfb,
  0x00, 0x00, 0x5c, 0xfb, 0x00, 0x00, 0xa2, 0xf8, 0x00, 0x00, 0xa2, 0xf8,
  0x00, 0x00, 0x2f, 0xf6, 0x00, 0x00, 0x2f, 0xf6, 0x00, 0x00, 0x1a, 0xf4,
  0x00, 0x00, 0x1a, 0xf4, 0x00, 0x00, 0x8e, 0xf2, 0x00, 0x00, 0x8e, 0xf2,
  0x00, 0x00, 0x77, 0xf1, 0x00, 0x00, 0x77, 0xf1, 0x00, 0x00, 0x61, 0xf1,
  0x00, 0x00, 0x61, 0xf1, 0x00, 0x00, 0x92, 0xf1, 0x00, 0x00, 0x92, 0xf1,
  0x00, 0x00, 0xfa, 0xf0, 0x00, 0x00, 0xfa, 0xf0, 0x00, 0x00, 0x2e, 0xf0,
  0x00, 0x00, 0x2e, 0xf0, 0x00, 0x00, 0x65, 0xf0, 0x00, 0x00, 0x65, 0xf0,
  0x00, 0x00, 0x98, 0xf1, 0x00, 0x00, 0x98, 0xf1, 0x00, 0x00, 0x18, 0xf2,
  0x00, 0x00, 0x18, 0xf2, 0x00, 0x00, 0x1e, 0xf2, 0x00, 0x00, 0x1e, 0xf2,
  0x00, 0x00, 0x82, 0xf3, 0x00, 0x00, 0x82, 0xf3, 0x00, 0x00, 0xa0, 0xf5,
  0x00, 0x00, 0xa0, 0xf5, 0x00, 0x00, 0x6e, 0xf7, 0x00, 0x00, 0x6e, 0xf7,
  0x00, 0x00, 0xbc, 0xf8, 0x00, 0x00, 0xbc, 0xf8, 0x00, 0x00, 0x61, 0xf9,
  0x00, 0x00, 0x61, 0xf9, 0x00, 0x00, 0xa4, 0xfa, 0x00, 0x00, 0xa4, 0xfa,
  0x00, 0x00, 0x46, 0xfc, 0x00, 0x00, 0x46, 0xfc, 0x00, 0x00, 0x04, 0xfc,
  0x00, 0x00, 0x04, 0xfc, 0x00, 0x00, 0xf1, 0xfa, 0x00, 0x00, 0xf1, 0xfa,
  0x00, 0x00, 0x5c, 0xfb, 0x00, 0x00, 0x5c, 0xfb, 0x00, 0x00, 0x09, 0xfc,
  0x00, 0x00, 0x09, 0xfc, 0x00, 0x00, 0x5b, 0xfb, 0x00, 0x00, 0x5b, 0xfb,
  0x00, 0x00, 0x87, 0xfa, 0x00, 0x00, 0x87, 0xfa, 0x00, 0x00, 0xe8, 0xfa,
  0x00, 0x00, 0xe8, 0xfa, 0x00, 0x00, 0xc9, 0xfb, 0x00, 0x00, 0xc9, 0xfb,
  0x00, 0x00, 0x18, 0xfc, 0x00, 0x00, 0x18, 0xfc, 0x00, 0x00, 0xd8, 0xfb,
  0x00, 0x00, 0xd8, 0xfb, 0x00, 0x00, 0xd8, 0xfb, 0x00, 0x00, 0xd8, 0xfb,
  0x00, 0x00, 0xda, 0xfc, 0x00, 0x00, 0xda, 0xfc, 0x00, 0x00, 0xa0, 0xfd,
  0x00, 0x00, 0xa0, 0xfd, 0x00, 0x00, 0xe7, 0xfc, 0x00, 0x00, 0xe7, 0xfc,
  0x00, 0x00, 0x7b, 0xfc, 0x00, 0x00, 0x7b, 0xfc, 0x00, 0x00, 0x46, 0xfd,
  0x00, 0x00, 0x46, 0xfd, 0x00, 0x00, 0xa0, 0xfd, 0x00, 0x00, 0xa0, 0xfd,
  0x00, 0x00, 0x16, 0xfd, 0x00, 0x00, 0x16, 0xfd, 0x00, 0x00, 0x97, 0xfc,
  0x00, 0x00, 0x97, 0xfc, 0x00, 0x00, 0xb4, 0xfc, 0x00, 0x00, 0xb4, 0xfc,
  0x00, 0x00, 0x34, 0xfd, 0x00, 0x00, 0x34, 0xfd, 0x00, 0x00, 0x3f, 0xfd,
  0x00, 0x00, 0x3f, 0xfd, 0x00, 0x00, 0xac, 0xfc, 0x00, 0x00, 0xac, 0xfc,
  0x00, 0x00, 0x7b, 0xfc, 0x00, 0x00, 0x7b, 0xfc, 0x00, 0x00, 0x0c, 0xfd,
  0x00, 0x00, 0x0c, 0xfd, 0x00, 0x00, 0x2f, 0xfd, 0x00, 0x00, 0x2f, 0xfd,
  0x00, 0x00, 0x62, 0xfc, 0x00, 0x00, 0x62, 0xfc, 0x00, 0x00, 0xfe, 0xfb,
  0x00, 0x00, 0xfe, 0xfb, 0x00, 0x00, 0x41, 0xfc, 0x00, 0x00, 0x41, 0xfc,
  0x00, 0x00, 0x35, 0xfc, 0x00, 0x00, 0x35, 0xfc, 0x00, 0x00, 0xcf, 0xfb,
  0x00, 0x00, 0xcf, 0xfb, 0x00, 0x00, 0x45, 0xfb, 0x00, 0x00, 0x45, 0xfb,
  0x00, 0x00, 0x33, 0xfb, 0x00, 0x00, 0x33, 0xfb, 0x00, 0x00, 0xde, 0xfb,
  0x00, 0x00, 0xde, 0xfb, 0x00, 0x00, 0xc8, 0xfb, 0x00, 0x00, 0xc8, 0xfb,
  0x00, 0x00, 0xa8, 0xfa, 0x00, 0x00, 0xa8, 0xfa, 0x00, 0x00, 0x84, 0xfa,
  0x00, 0x00, 0x84, 0xfa, 0x00, 0x00, 0x44, 0xfb, 0x00, 0x00, 0x44, 0xfb,
  0x00, 0x00, 0xaf, 0xfa, 0x00, 0x00, 0xaf, 0xfa, 0x00, 0x00, 0x66, 0xf8,
  0x00, 0x00, 0x66, 0xf8, 0x00, 0x00, 0x37, 0xf6, 0x00, 0x00, 0x37, 0xf6,
  0x00, 0x00, 0xae, 0xf6, 0x00, 0x00, 0xae, 0xf6, 0x00, 0x00, 0xb2, 0xfb,
  0x00, 0x00, 0xb2, 0xfb, 0x00, 0x00, 0x84, 0x04, 0x00, 0x00, 0x84, 0x04,
  0x00, 0x00, 0x63, 0x0e, 0x00, 0x00, 0x63, 0x0e, 0x00, 0x00, 0xe4, 0x17,
  0x00, 0x00, 0xe4, 0x17, 0x00, 0x00, 0x3a, 0x21, 0x00, 0x00, 0x3a, 0x21,
  0x00, 0x00, 0x6c, 0x29, 0x00, 0x00, 0x6c, 0x29, 0x00, 0x00, 0x12, 0x2e,
  0x00, 0x00, 0x12, 0x2e, 0x00, 0x00, 0xa7, 0x2d, 0x00, 0x00, 0xa7, 0x2d,
  0x00, 0x00, 0x7e, 0x28, 0x00, 0x00, 0x7e, 0x28, 0x00, 0x00, 0x14, 0x20,
  0x00, 0x00, 0x14, 0x20, 0x00, 0x00, 0x57, 0x16, 0x00, 0x00, 0x57, 0x16,
  0x00, 0x00, 0x2f, 0x0d, 0x00, 0x00, 0x2f, 0x0d, 0x00, 0x00, 0x6e, 0x06,
  0x00, 0x00, 0x6e, 0x06, 0x00, 0x00, 0x66, 0x02, 0x00, 0x00, 0x66, 0x02,
  0x00, 0x00, 0xc4, 0xff, 0x00, 0x00, 0xc4, 0xff, 0x00, 0x00, 0xa8, 0xfe,
  0x00, 0x00, 0xa8, 0xfe, 0x00, 0x00, 0x16, 0x00, 0x00, 0x00, 0x16, 0x00,
  0x00, 0x00, 0x78, 0x03, 0x00, 0x00, 0x78, 0x03, 0x00, 0x00, 0x90, 0x06,
  0x00, 0x00, 0x90, 0x06, 0x00, 0x00, 0xf2, 0x06, 0x00, 0x00, 0xf2, 0x06,
  0x00, 0x00, 0x8b, 0x05, 0x00, 0x00, 0x8b, 0x05, 0x00, 0x00, 0xe6, 0x04,
  0x00, 0x00, 0xe6, 0x04, 0x00, 0x00, 0x07, 0x04, 0x00, 0x00, 0x07, 0x04,
  0x00, 0x00, 0x93, 0x01, 0x00, 0x00, 0x93, 0x01, 0x00, 0x00, 0x40, 0xff,
  0x00, 0x00, 0x40, 0xff, 0x00, 0x00, 0x2e, 0xfe, 0x00, 0x00, 0x2e, 0xfe,
  0x00, 0x00, 0xc3, 0xfd, 0x00, 0x00, 0xc3, 0xfd, 0x00, 0x00, 0x50, 0xfe,
  0x00, 0x00, 0x50, 0xfe, 0x00, 0x00, 0x16, 0x00, 0x00, 0x00, 0x16, 0x00,
  0x00, 0x00, 0x51, 0x02, 0x00, 0x00, 0x51, 0x02, 0x00, 0x00, 0xbe, 0x04,
  0x00, 0x00, 0xbe, 0x04, 0x00, 0x00, 0x80, 0x06, 0x00, 0x00, 0x80, 0x06,
  0x00, 0x00, 0x3d, 0x07, 0x00, 0x00, 0x3d, 0x07, 0x00, 0x00, 0x6a, 0x08,
  0x00, 0x00, 0x6a, 0x08, 0x00, 0x00, 0xd7, 0x08, 0x00, 0x00, 0xd7, 0x08,
  0x00, 0x00, 0x57, 0x06, 0x00, 0x00, 0x57, 0x06, 0x00, 0x00, 0xff, 0x02,
  0x00, 0x00, 0xff, 0x02, 0x00, 0x00, 0xe6, 0x00, 0x00, 0x00, 0xe6, 0x00,
  0x00, 0x00, 0x4e, 0xfe, 0x00, 0x00, 0x4e, 0xfe, 0x00, 0x00, 0x46, 0xfa,
  0x00, 0x00, 0x46, 0xfa, 0x00, 0x00, 0x32, 0xf7, 0x00, 0x00, 0x32, 0xf7,
  0x00, 0x00, 0xe2, 0xf5, 0x00, 0x00, 0xe2, 0xf5, 0x00, 0x00, 0xb3, 0xf4,
  0x00, 0x00, 0xb3, 0xf4, 0x00, 0x00, 0x44, 0xf3, 0x00, 0x00, 0x44, 0xf3,
  0x00, 0x00, 0x02, 0xf2, 0x00, 0x00, 0x02, 0xf2, 0x00, 0x00, 0xbc, 0xf1,
  0x00, 0x00, 0xbc, 0xf1, 0x00, 0x00, 0x4a, 0xf2, 0x00, 0x00, 0x4a, 0xf2,
  0x00, 0x00, 0xa4, 0xf1, 0x00, 0x00, 0xa4, 0xf1, 0x00, 0x00, 0x4d, 0xf0,
  0x00, 0x00, 0x4d, 0xf0, 0x00, 0x00, 0x7e, 0xf0, 0x00, 0x00, 0x7e, 0xf0,
  0x00, 0x00, 0xee, 0xf1, 0x00, 0x00, 0xee, 0xf1, 0x00, 0x00, 0xd6, 0xf2,
  0x00, 0x00, 0xd6, 0xf2, 0x00, 0x00, 0xf9, 0xf2, 0x00, 0x00, 0xf9, 0xf2,
  0x00, 0x00, 0x47, 0xf4, 0x00, 0x00, 0x47, 0xf4, 0x00, 0x00, 0x15, 0xf7,
  0x00, 0x00, 0x15, 0xf7, 0x00, 0x00, 0x29, 0xf9, 0x00, 0x00, 0x29, 0xf9,
  0x00, 0x00, 0xf9, 0xf9, 0x00, 0x00, 0xf9, 0xf9, 0x00, 0x00, 0xb5, 0xfa,
  0x00, 0x00, 0xb5, 0xfa, 0x00, 0x00, 0xf4, 0xfb, 0x00, 0x00, 0xf4, 0xfb,
  0x00, 0x00, 0x15, 0xfd, 0x00, 0x00, 0x15, 0xfd, 0x00, 0x00, 0xe2, 0xfc,
  0x00, 0x00, 0xe2, 0xfc, 0x00, 0x00, 0xd7, 0xfb, 0x00, 0x00, 0xd7, 0xfb,
  0x00, 0x00, 0xb8, 0xfb, 0x00, 0x00, 0xb8, 0xfb, 0x00, 0x00, 0x6e, 0xfc,
  0x00, 0x00, 0x6e, 0xfc, 0x00, 0x00, 0x6f, 0xfc, 0x00, 0x00, 0x6f, 0xfc,
  0x00, 0x00, 0xa4, 0xfb, 0x00, 0x00, 0xa4, 0xfb, 0x00, 0x00, 0xa1, 0xfb,
  0x00, 0x00, 0xa1, 0xfb, 0x00, 0x00, 0xfd, 0xfc, 0x00, 0x00, 0xfd, 0xfc,
  0x00, 0x00, 0xe1, 0xfd, 0x00, 0x00, 0xe1, 0xfd, 0x00, 0x00, 0x46, 0xfd,
  0x00, 0x00, 0x46, 0xfd, 0x00, 0x00, 0x2b, 0xfd, 0x00, 0x00, 0x2b, 0xfd,
  0x00, 0x00, 0x3d, 0xfe, 0x00, 0x00, 0x3d, 0xfe, 0x00, 0x00, 0xa3, 0xfe,
  0x00, 0x00, 0xa3, 0xfe, 0x00, 0x00, 0xef, 0xfd, 0x00, 0x00, 0xef, 0xfd,
  0x00, 0x00, 0x1c, 0xfd, 0x00, 0x00, 0x1c, 0xfd, 0x00, 0x00, 0x0d, 0xfd,
  0x00, 0x00, 0x0d, 0xfd, 0x00, 0x00, 0xa3, 0xfd, 0x00, 0x00, 0xa3, 0xfd,
  0x00, 0x00, 0x36, 0xfd, 0x00, 0x00, 0x36, 0xfd, 0x00, 0x00, 0x05, 0xfc,
  0x00, 0x00, 0x05, 0xfc, 0x00, 0x00, 0x45, 0xfc, 0x00, 0x00, 0x45, 0xfc,
  0x00, 0x00, 0x7e, 0xfd, 0x00, 0x00, 0x7e, 0xfd, 0x00, 0x00, 0x7c, 0xfd,
  0x00, 0x00, 0x7c, 0xfd, 0x00, 0x00, 0xb9, 0xfc, 0x00, 0x00, 0xb9, 0xfc,
  0x00, 0x00, 0xf0, 0xfc, 0x00, 0x00, 0xf0, 0xfc, 0x00, 0x00, 0xc0, 0xfd,
  0x00, 0x00, 0xc0, 0xfd, 0x00, 0x00, 0xfe, 0xfd, 0x00, 0x00, 0xfe, 0xfd,
  0x00, 0x00, 0x3d, 0xfd, 0x00, 0x00, 0x3d, 0xfd, 0x00, 0x00, 0x6e, 0xfc,
  0x00, 0x00, 0x6e, 0xfc, 0x00, 0x00, 0xdb, 0xfc, 0x00, 0x00, 0xdb, 0xfc,
  0x00, 0x00, 0x38, 0xfd, 0x00, 0x00, 0x38, 0xfd, 0x00, 0x00, 0x31, 0xfc,
  0x00, 0x00, 0x31, 0xfc, 0x00, 0x00, 0x56, 0xfb, 0x00, 0x00, 0x56, 0xfb,
  0x00, 0x00, 0xbe, 0xfb, 0x00, 0x00, 0xbe, 0xfb, 0x00, 0x00, 0x2b, 0xfc,
  0x00, 0x00, 0x2b, 0xfc, 0x00, 0x00, 0xb3, 0xfb, 0x00, 0x00, 0xb3, 0xfb,
  0x00, 0x00, 0x3d, 0xfb, 0x00, 0x00, 0x3d, 0xfb, 0x00, 0x00, 0x70, 0xfb,
  0x00, 0x00, 0x70, 0xfb, 0x00, 0x00, 0x94, 0xfb, 0x00, 0x00, 0x94, 0xfb,
  0x00, 0x00, 0x3c, 0xfb, 0x00, 0x00, 0x3c, 0xfb, 0x00, 0x00, 0xa2, 0xfa,
  0x00, 0x00, 0xa2, 0xfa, 0x00, 0x00, 0x18, 0xfa, 0x00, 0x00, 0x18, 0xfa,
  0x00, 0x00, 0x6a, 0xf9, 0x00, 0x00, 0x6a, 0xf9, 0x00, 0x00, 0x66, 0xf7,
  0x00, 0x00, 0x66, 0xf7, 0x00, 0x00, 0x01, 0xf6, 0x00, 0x00, 0x01, 0xf6,
  0x00, 0x00, 0x69, 0xfa, 0x00, 0x00, 0x69, 0xfa, 0x00, 0x00, 0x10, 0x04,
  0x00, 0x00, 0x10, 0x04, 0x00, 0x00, 0x81, 0x0d, 0x00, 0x00, 0x81, 0x0d,
  0x00, 0x00, 0x07, 0x16, 0x00, 0x00, 0x07, 0x16, 0x00, 0x00, 0x5b, 0x1f,
  0x00, 0x00, 0x5b, 0x1f, 0x00, 0x00, 0xe2, 0x27, 0x00, 0x00, 0xe2, 0x27,
  0x00, 0x00, 0x51, 0x2d, 0x00, 0x00, 0x51, 0x2d, 0x00, 0x00, 0xaf, 0x2d,
  0x00, 0x00, 0xaf, 0x2d, 0x00, 0x00, 0x4e, 0x28, 0x00, 0x00, 0x4e, 0x28,
  0x00, 0x00, 0x53, 0x20, 0x00, 0x00, 0x53, 0x20, 0x00, 0x00, 0x17, 0x18,
  0x00, 0x00, 0x17, 0x18, 0x00, 0x00, 0x08, 0x0f, 0x00, 0x00, 0x08, 0x0f,
  0x00, 0x00, 0xeb, 0x06, 0x00, 0x00, 0xeb, 0x06, 0x00, 0x00, 0x44, 0x02,
  0x00, 0x00, 0x44, 0x02, 0x00, 0x00, 0x09, 0x00, 0x00, 0x00, 0x09, 0x00,
  0x00, 0x00, 0x0d, 0xff, 0x00, 0x00, 0x0d, 0xff, 0x00, 0x00, 0xb5, 0xff,
  0x00, 0x00, 0xb5, 0xff, 0x00, 0x00, 0x31, 0x02, 0x00, 0x00, 0x31, 0x02,
  0x00, 0x00, 0xc5, 0x05, 0x00, 0x00, 0xc5, 0x05, 0x00, 0x00, 0xb6, 0x07,
  0x00, 0x00, 0xb6, 0x07, 0x00, 0x00, 0x99, 0x06, 0x00, 0x00, 0x99, 0x06,
  0x00, 0x00, 0xe3, 0x04, 0x00, 0x00, 0xe3, 0x04, 0x00, 0x00, 0x2f, 0x04,
  0x00, 0x00, 0x2f, 0x04, 0x00, 0x00, 0x3a, 0x03, 0x00, 0x00, 0x3a, 0x03,
  0x00, 0x00, 0xd3, 0x00, 0x00, 0x00, 0xd3, 0x00, 0x00, 0x00, 0xdb, 0xfd,
  0x00, 0x00, 0xdb, 0xfd, 0x00, 0x00, 0xef, 0xfc, 0x00, 0x00, 0xef, 0xfc,
  0x00, 0x00, 0xbb, 0xfe, 0x00, 0x00, 0xbb, 0xfe, 0x00, 0x00, 0x91, 0x00,
  0x00, 0x00, 0x91, 0x00, 0x00, 0x00, 0x50, 0x01, 0x00, 0x00, 0x50, 0x01,
  0x00, 0x00, 0x4b, 0x03, 0x00, 0x00, 0x4b, 0x03, 0x00, 0x00, 0x8b, 0x06,
  0x00, 0x00, 0x8b, 0x06, 0x00, 0x00, 0x91, 0x08, 0x00, 0x00, 0x91, 0x08,
  0x00, 0x00, 0x09, 0x09, 0x00, 0x00, 0x09, 0x09, 0x00, 0x00, 0x77, 0x08,
  0x00, 0x00, 0x77, 0x08, 0x00, 0x00, 0x7d, 0x07, 0x00, 0x00, 0x7d, 0x07,
  0x00, 0x00, 0xed, 0x05, 0x00, 0x00, 0xed, 0x05, 0x00, 0x00, 0x6e, 0x02,
  0x00, 0x00, 0x6e, 0x02, 0x00, 0x00, 0x4c, 0xfe, 0x00, 0x00, 0x4c, 0xfe,
  0x00, 0x00, 0x5e, 0xfb, 0x00, 0x00, 0x5e, 0xfb, 0x00, 0x00, 0x37, 0xf9,
  0x00, 0x00, 0x37, 0xf9, 0x00, 0x00, 0xb1, 0xf6, 0x00, 0x00, 0xb1, 0xf6,
  0x00, 0x00, 0xf9, 0xf3, 0x00, 0x00, 0xf9, 0xf3, 0x00, 0x00, 0xeb, 0xf2,
  0x00, 0x00, 0xeb, 0xf2, 0x00, 0x00, 0xf3, 0xf2, 0x00, 0x00, 0xf3, 0xf2,
  0x00, 0x00, 0x3f, 0xf2, 0x00, 0x00, 0x3f, 0xf2, 0x00, 0x00, 0x6c, 0xf1,
  0x00, 0x00, 0x6c, 0xf1, 0x00, 0x00, 0xe4, 0xf0, 0x00, 0x00, 0xe4, 0xf0,
  0x00, 0x00, 0xab, 0xf0, 0x00, 0x00, 0xab, 0xf0, 0x00, 0x00, 0xc9, 0xf0,
  0x00, 0x00, 0xc9, 0xf0, 0x00, 0x00, 0xd6, 0xf0, 0x00, 0x00, 0xd6, 0xf0,
  0x00, 0x00, 0x17, 0xf1, 0x00, 0x00, 0x17, 0xf1, 0x00, 0x00, 0x1b, 0xf2,
  0x00, 0x00, 0x1b, 0xf2, 0x00, 0x00, 0xff, 0xf3, 0x00, 0x00, 0xff, 0xf3,
  0x00, 0x00, 0xbf, 0xf5, 0x00, 0x00, 0xbf, 0xf5, 0x00, 0x00, 0x49, 0xf7,
  0x00, 0x00, 0x49, 0xf7, 0x00, 0x00, 0x84, 0xf9, 0x00, 0x00, 0x84, 0xf9,
  0x00, 0x00, 0x44, 0xfb, 0x00, 0x00, 0x44, 0xfb, 0x00, 0x00, 0x3f, 0xfc,
  0x00, 0x00, 0x3f, 0xfc, 0x00, 0x00, 0x29, 0xfd, 0x00, 0x00, 0x29, 0xfd,
  0x00, 0x00, 0x57, 0xfd, 0x00, 0x00, 0x57, 0xfd, 0x00, 0x00, 0x2d, 0xfd,
  0x00, 0x00, 0x2d, 0xfd, 0x00, 0x00, 0x45, 0xfd, 0x00, 0x00, 0x45, 0xfd,
  0x00, 0x00, 0xed, 0xfc, 0x00, 0x00, 0xed, 0xfc, 0x00, 0x00, 0x39, 0xfc,
  0x00, 0x00, 0x39, 0xfc, 0x00, 0x00, 0x4c, 0xfc, 0x00, 0x00, 0x4c, 0xfc,
  0x00, 0x00, 0xc6, 0xfc, 0x00, 0x00, 0xc6, 0xfc, 0x00, 0x00, 0xc3, 0xfc,
  0x00, 0x00, 0xc3, 0xfc, 0x00, 0x00, 0x24, 0xfd, 0x00, 0x00, 0x24, 0xfd,
  0x00, 0x00, 0xbe, 0xfd, 0x00, 0x00, 0xbe, 0xfd, 0x00, 0x00, 0xf6, 0xfd,
  0x00, 0x00, 0xf6, 0xfd, 0x00, 0x00, 0x87, 0xfe, 0x00, 0x00, 0x87, 0xfe,
  0x00, 0x00, 0xac, 0xfe, 0x00, 0x00, 0xac, 0xfe, 0x00, 0x00, 0x0e, 0xfe,
  0x00, 0x00, 0x0e, 0xfe, 0x00, 0x00, 0x05, 0xfe, 0x00, 0x00, 0x05, 0xfe,
  0x00, 0x00, 0x23, 0xfe, 0x00, 0x00, 0x23, 0xfe, 0x00, 0x00, 0x92, 0xfd,
  0x00, 0x00, 0x92, 0xfd, 0x00, 0x00, 0x0e, 0xfd, 0x00, 0x00, 0x0e, 0xfd,
  0x00, 0x00, 0x0c, 0xfd, 0x00, 0x00, 0x0c, 0xfd, 0x00, 0x00, 0x1f, 0xfd,
  0x00, 0x00, 0x1f, 0xfd, 0x00, 0x00, 0x31, 0xfd, 0x00, 0x00, 0x31, 0xfd,
  0x00, 0x00, 0x39, 0xfd, 0x00, 0x00, 0x39, 0xfd, 0x00, 0x00, 0x19, 0xfd,
  0x00, 0x00, 0x19, 0xfd, 0x00, 0x00, 0x70, 0xfd, 0x00, 0x00, 0x70, 0xfd,
  0x00, 0x00, 0xc8, 0xfd, 0x00, 0x00, 0xc8, 0xfd, 0x00, 0x00, 0x52, 0xfd,
  0x00, 0x00, 0x52, 0xfd, 0x00, 0x00, 0x15, 0xfd, 0x00, 0x00, 0x15, 0xfd,
  0x00, 0x00, 0x63, 0xfd, 0x00, 0x00, 0x63, 0xfd, 0x00, 0x00, 0x48, 0xfd,
  0x00, 0x00, 0x48, 0xfd, 0x00, 0x00, 0xe0, 0xfc, 0x00, 0x00, 0xe0, 0xfc,
  0x00, 0x00, 0xc4, 0xfc, 0x00, 0x00, 0xc4, 0xfc, 0x00, 0x00, 0xf0, 0xfc,
  0x00, 0x00, 0xf0, 0xfc, 0x00, 0x00, 0x16, 0xfd, 0x00, 0x00, 0x16, 0xfd,
  0x00, 0x00, 0xd5, 0xfc, 0x00, 0x00, 0xd5, 0xfc, 0x00, 0x00, 0x8c, 0xfc,
  0x00, 0x00, 0x8c, 0xfc, 0x00, 0x00, 0xdf, 0xfc, 0x00, 0x00, 0xdf, 0xfc,
  0x00, 0x00, 0xee, 0xfc, 0x00, 0x00, 0xee, 0xfc, 0x00, 0x00, 0x3a, 0xfc,
  0x00, 0x00, 0x3a, 0xfc, 0x00, 0x00, 0x01, 0xfc, 0x00, 0x00, 0x01, 0xfc,
  0x00, 0x00, 0x2e, 0xfc, 0x00, 0x00, 0x2e, 0xfc, 0x00, 0x00, 0xac, 0xfb,
  0x00, 0x00, 0xac, 0xfb, 0x00, 0x00, 0xf9, 0xfa, 0x00, 0x00, 0xf9, 0xfa,
  0x00, 0x00, 0xcb, 0xfa, 0x00, 0x00, 0xcb, 0xfa, 0x00, 0x00, 0x80, 0xfa,
  0x00, 0x00, 0x80, 0xfa, 0x00, 0x00, 0x0d, 0xf9, 0x00, 0x00, 0x0d, 0xf9,
  0x00, 0x00, 0x07, 0xf7, 0x00, 0x00, 0x07, 0xf7, 0x00, 0x00, 0x8c, 0xf7,
  0x00, 0x00, 0x8c, 0xf7, 0x00, 0x00, 0x6a, 0xfd, 0x00, 0x00, 0x6a, 0xfd,
  0x00, 0x00, 0x8d, 0x06, 0x00, 0x00, 0x8d, 0x06, 0x00, 0x00, 0x01, 0x0f,
  0x00, 0x00, 0x01, 0x0f, 0x00, 0x00, 0x62, 0x17, 0x00, 0x00, 0x62, 0x17,
  0x00, 0x00, 0xf5, 0x20, 0x00, 0x00, 0xf5, 0x20, 0x00, 0x00, 0x49, 0x29,
  0x00, 0x00, 0x49, 0x29, 0x00, 0x00, 0xb8, 0x2d, 0x00, 0x00, 0xb8, 0x2d,
  0x00, 0x00, 0xf8, 0x2c, 0x00, 0x00, 0xf8, 0x2c, 0x00, 0x00, 0xe7, 0x27,
  0x00, 0x00, 0xe7, 0x27, 0x00, 0x00, 0xc5, 0x20, 0x00, 0x00, 0xc5, 0x20,
  0x00, 0x00, 0xe4, 0x17, 0x00, 0x00, 0xe4, 0x17, 0x00, 0x00, 0x35, 0x0e,
  0x00, 0x00, 0x35, 0x0e, 0x00, 0x00, 0x13, 0x07, 0x00, 0x00, 0x13, 0x07,
  0x00, 0x00, 0xf6, 0x02, 0x00, 0x00, 0xf6, 0x02, 0x00, 0x00, 0xab, 0xff,
  0x00, 0x00, 0xab, 0xff, 0x00, 0x00, 0x10, 0xfe, 0x00, 0x00, 0x10, 0xfe,
  0x00, 0x00, 0xac, 0xff, 0x00, 0x00, 0xac, 0xff, 0x00, 0x00, 0x0a, 0x03,
  0x00, 0x00, 0x0a, 0x03, 0x00, 0x00, 0x12, 0x06, 0x00, 0x00, 0x12, 0x06,
  0x00, 0x00, 0xfb, 0x06, 0x00, 0x00, 0xfb, 0x06, 0x00, 0x00, 0xef, 0x05,
  0x00, 0x00, 0xef, 0x05, 0x00, 0x00, 0x18, 0x05, 0x00, 0x00, 0x18, 0x05,
  0x00, 0x00, 0x61, 0x04, 0x00, 0x00, 0x61, 0x04, 0x00, 0x00, 0x26, 0x02,
  0x00, 0x00, 0x26, 0x02, 0x00, 0x00, 0xee, 0xfe, 0x00, 0x00, 0xee, 0xfe,
  0x00, 0x00, 0xe2, 0xfc, 0x00, 0x00, 0xe2, 0xfc, 0x00, 0x00, 0xbb, 0xfc,
  0x00, 0x00, 0xbb, 0xfc, 0x00, 0x00, 0x7f, 0xfd, 0x00, 0x00, 0x7f, 0xfd,
  0x00, 0x00, 0xc0, 0xfe, 0x00, 0x00, 0xc0, 0xfe, 0x00, 0x00, 0xc3, 0x00,
  0x00, 0x00, 0xc3, 0x00, 0x00, 0x00, 0x80, 0x03, 0x00, 0x00, 0x80, 0x03,
  0x00, 0x00, 0x26, 0x06, 0x00, 0x00, 0x26, 0x06, 0x00, 0x00, 0xdf, 0x07,
  0x00, 0x00, 0xdf, 0x07, 0x00, 0x00, 0x9e, 0x08, 0x00, 0x00, 0x9e, 0x08,
  0x00, 0x00, 0x74, 0x08, 0x00, 0x00, 0x74, 0x08, 0x00, 0x00, 0x56, 0x07,
  0x00, 0x00, 0x56, 0x07, 0x00, 0x00, 0xe6, 0x04, 0x00, 0x00, 0xe6, 0x04,
  0x00, 0x00, 0x33, 0x01, 0x00, 0x00, 0x33, 0x01, 0x00, 0x00, 0xd6, 0xfd,
  0x00, 0x00, 0xd6, 0xfd, 0x00, 0x00, 0x4e, 0xfb, 0x00, 0x00, 0x4e, 0xfb,
  0x00, 0x00, 0x7c, 0xf8, 0x00, 0x00, 0x7c, 0xf8, 0x00, 0x00, 0xcd, 0xf5,
  0x00, 0x00, 0xcd, 0xf5, 0x00, 0x00, 0x59, 0xf4, 0x00, 0x00, 0x59, 0xf4,
  0x00, 0x00, 0xb8, 0xf3, 0x00, 0x00, 0xb8, 0xf3, 0x00, 0x00, 0x0a, 0xf3,
  0x00, 0x00, 0x0a, 0xf3, 0x00, 0x00, 0x51, 0xf2, 0x00, 0x00, 0x51, 0xf2,
  0x00, 0x00, 0xfc, 0xf1, 0x00, 0x00, 0xfc, 0xf1, 0x00, 0x00, 0xb2, 0xf1,
  0x00, 0x00, 0xb2, 0xf1, 0x00, 0x00, 0x18, 0xf1, 0x00, 0x00, 0x18, 0xf1,
  0x00, 0x00, 0xc6, 0xf0, 0x00, 0x00, 0xc6, 0xf0, 0x00, 0x00, 0x36, 0xf1,
  0x00, 0x00, 0x36, 0xf1, 0x00, 0x00, 0x12, 0xf2, 0x00, 0x00, 0x12, 0xf2,
  0x00, 0x00, 0xfb, 0xf2, 0x00, 0x00, 0xfb, 0xf2, 0x00, 0x00, 0x50, 0xf4,
  0x00, 0x00, 0x50, 0xf4, 0x00, 0x00, 0x78, 0xf6, 0x00, 0x00, 0x78, 0xf6,
  0x00, 0x00, 0xdc, 0xf8, 0x00, 0x00, 0xdc, 0xf8, 0x00, 0x00, 0x72, 0xfa,
  0x00, 0x00, 0x72, 0xfa, 0x00, 0x00, 0x75, 0xfb, 0x00, 0x00, 0x75, 0xfb,
  0x00, 0x00, 0x02, 0xfd, 0x00, 0x00, 0x02, 0xfd, 0x00, 0x00, 0x15, 0xfe,
  0x00, 0x00, 0x15, 0xfe, 0x00, 0x00, 0x88, 0xfd, 0x00, 0x00, 0x88, 0xfd,
  0x00, 0x00, 0x10, 0xfd, 0x00, 0x00, 0x10, 0xfd, 0x00, 0x00, 0x53, 0xfd,
  0x00, 0x00, 0x53, 0xfd, 0x00, 0x00, 0x29, 0xfd, 0x00, 0x00, 0x29, 0xfd,
  0x00, 0x00, 0x96, 0xfc, 0x00, 0x00, 0x96, 0xfc, 0x00, 0x00, 0x38, 0xfc,
  0x00, 0x00, 0x38, 0xfc, 0x00, 0x00, 0xb8, 0xfc, 0x00, 0x00, 0xb8, 0xfc,
  0x00, 0x00, 0xb6, 0xfd, 0x00, 0x00, 0xb6, 0xfd, 0x00, 0x00, 0xd0, 0xfd,
  0x00, 0x00, 0xd0, 0xfd, 0x00, 0x00, 0xa7, 0xfd, 0x00, 0x00, 0xa7, 0xfd,
  0x00, 0x00, 0x7e, 0xfe, 0x00, 0x00, 0x7e, 0xfe, 0x00, 0x00, 0x5d, 0xff,
  0x00, 0x00, 0x5d, 0xff, 0x00, 0x00, 0x16, 0xff, 0x00, 0x00, 0x16, 0xff,
  0x00, 0x00, 0x47, 0xfe, 0x00, 0x00, 0x47, 0xfe, 0x00, 0x00, 0x27, 0xfe,
  0x00, 0x00, 0x27, 0xfe, 0x00, 0x00, 0x83, 0xfe, 0x00, 0x00, 0x83, 0xfe,
  0x00, 0x00, 0x06, 0xfe, 0x00, 0x00, 0x06, 0xfe, 0x00, 0x00, 0xf1, 0xfc,
  0x00, 0x00, 0xf1, 0xfc, 0x00, 0x00, 0xc3, 0xfc, 0x00, 0x00, 0xc3, 0xfc,
  0x00, 0x00, 0x6d, 0xfd, 0x00, 0x00, 0x6d, 0xfd, 0x00, 0x00, 0x97, 0xfd,
  0x00, 0x00, 0x97, 0xfd, 0x00, 0x00, 0x1c, 0xfd, 0x00, 0x00, 0x1c, 0xfd,
  0x00, 0x00, 0x2d, 0xfd, 0x00, 0x00, 0x2d, 0xfd, 0x00, 0x00, 0xfc, 0xfd,
  0x00, 0x00, 0xfc, 0xfd, 0x00, 0x00, 0x51, 0xfe, 0x00, 0x00, 0x51, 0xfe,
  0x00, 0x00, 0xd2, 0xfd, 0x00, 0x00, 0xd2, 0xfd, 0x00, 0x00, 0x7f, 0xfd,
  0x00, 0x00, 0x7f, 0xfd, 0x00, 0x00, 0xa7, 0xfd, 0x00, 0x00, 0xa7, 0xfd,
  0x00, 0x00, 0xa7, 0xfd, 0x00, 0x00, 0xa7, 0xfd, 0x00, 0x00, 0x39, 0xfd,
  0x00, 0x00, 0x39, 0xfd, 0x00, 0x00, 0x87, 0xfc, 0x00, 0x00, 0x87, 0xfc,
  0x00, 0x00, 0x5f, 0xfc, 0x00, 0x00, 0x5f, 0xfc, 0x00, 0x00, 0xdb, 0xfc,
  0x00, 0x00, 0xdb, 0xfc, 0x00, 0x00, 0xa1, 0xfc, 0x00, 0x00, 0xa1, 0xfc,
  0x00, 0x00, 0xfd, 0xfb, 0x00, 0x00, 0xfd, 0xfb, 0x00, 0x00, 0x1e, 0xfc,
  0x00, 0x00, 0x1e, 0xfc, 0x00, 0x00, 0x8a, 0xfc, 0x00, 0x00, 0x8a, 0xfc,
  0x00, 0x00, 0x61, 0xfc, 0x00, 0x00, 0x61, 0xfc, 0x00, 0x00, 0xd7, 0xfb,
  0x00, 0x00, 0xd7, 0xfb, 0x00, 0x00, 0xc2, 0xfb, 0x00, 0x00, 0xc2, 0xfb,
  0x00, 0x00, 0xfc, 0xfb, 0x00, 0x00, 0xfc, 0xfb, 0x00, 0x00, 0xfe, 0xfb,
  0x00, 0x00, 0xfe, 0xfb, 0x00, 0x00, 0x74, 0xfb, 0x00, 0x00, 0x74, 0xfb,
  0x00, 0x00, 0xa4, 0xfa, 0x00, 0x00, 0xa4, 0xfa, 0x00, 0x00, 0xf1, 0xfa,
  0x00, 0x00, 0xf1, 0xfa, 0x00, 0x00, 0x0d, 0xfb, 0x00, 0x00, 0x0d, 0xfb,
  0x00, 0x00, 0xc7, 0xf8, 0x00, 0x00, 0xc7, 0xf8, 0x00, 0x00, 0x8a, 0xf6,
  0x00, 0x00, 0x8a, 0xf6, 0x00, 0x00, 0x2b, 0xf8, 0x00, 0x00, 0x2b, 0xf8,
  0x00, 0x00, 0x6b, 0xfe, 0x00, 0x00, 0x6b, 0xfe, 0x00, 0x00, 0xc4, 0x06,
  0x00, 0x00, 0xc4, 0x06, 0x00, 0x00, 0xff, 0x0e, 0x00, 0x00, 0xff, 0x0e,
  0x00, 0x00, 0xba, 0x17, 0x00, 0x00, 0xba, 0x17, 0x00, 0x00, 0x0b, 0x21,
  0x00, 0x00, 0x0b, 0x21, 0x00, 0x00, 0xdd, 0x28, 0x00, 0x00, 0xdd, 0x28,
  0x00, 0x00, 0x6e, 0x2c, 0x00, 0x00, 0x6e, 0x2c, 0x00, 0x00, 0xed, 0x2a,
  0x00, 0x00, 0xed, 0x2a, 0x00, 0x00, 0x57, 0x26, 0x00, 0x00, 0x57, 0x26,
  0x00, 0x00, 0x36, 0x1f, 0x00, 0x00, 0x36, 0x1f, 0x00, 0x00, 0xac, 0x15,
  0x00, 0x00, 0xac, 0x15, 0x00, 0x00, 0xec, 0x0c, 0x00, 0x00, 0xec, 0x0c,
  0x00, 0x00, 0xdb, 0x06, 0x00, 0x00, 0xdb, 0x06, 0x00, 0x00, 0x76, 0x02,
  0x00, 0x00, 0x76, 0x02, 0x00, 0x00, 0x53, 0xff, 0x00, 0x00, 0x53, 0xff,
  0x00, 0x00, 0x3d, 0xfe, 0x00, 0x00, 0x3d, 0xfe, 0x00, 0x00, 0x39, 0x00,
  0x00, 0x00, 0x39, 0x00, 0x00, 0x00, 0xe1, 0x03, 0x00, 0x00, 0xe1, 0x03,
  0x00, 0x00, 0xf6, 0x05, 0x00, 0x00, 0xf6, 0x05, 0x00, 0x00, 0x39, 0x06,
  0x00, 0x00, 0x39, 0x06, 0x00, 0x00, 0x12, 0x06, 0x00, 0x00, 0x12, 0x06,
  0x00, 0x00, 0x7a, 0x05, 0x00, 0x00, 0x7a, 0x05, 0x00, 0x00, 0xff, 0x03,
  0x00, 0x00, 0xff, 0x03, 0x00, 0x00, 0x7d, 0x01, 0x00, 0x00, 0x7d, 0x01,
  0x00, 0x00, 0xe6, 0xfe, 0x00, 0x00, 0xe6, 0xfe, 0x00, 0x00, 0x7f, 0xfd,
  0x00, 0x00, 0x7f, 0xfd, 0x00, 0x00, 0x38, 0xfd, 0x00, 0x00, 0x38, 0xfd,
  0x00, 0x00, 0xd7, 0xfd, 0x00, 0x00, 0xd7, 0xfd, 0x00, 0x00, 0x8a, 0xff,
  0x00, 0x00, 0x8a, 0xff, 0x00, 0x00, 0xd9, 0x01, 0x00, 0x00, 0xd9, 0x01,
  0x00, 0x00, 0x23, 0x04, 0x00, 0x00, 0x23, 0x04, 0x00, 0x00, 0x63, 0x06,
  0x00, 0x00, 0x63, 0x06, 0x00, 0x00, 0x39, 0x08, 0x00, 0x00, 0x39, 0x08,
  0x00, 0x00, 0xda, 0x08, 0x00, 0x00, 0xda, 0x08, 0x00, 0x00, 0x16, 0x08,
  0x00, 0x00, 0x16, 0x08, 0x00, 0x00, 0x7f, 0x06, 0x00, 0x00, 0x7f, 0x06,
  0x00, 0x00, 0x31, 0x04, 0x00, 0x00, 0x31, 0x04, 0x00, 0x00, 0xc8, 0x00,
  0x00, 0x00, 0xc8, 0x00, 0x00, 0x00, 0x4a, 0xfd, 0x00, 0x00, 0x4a, 0xfd,
  0x00, 0x00, 0x9d, 0xfa, 0x00, 0x00, 0x9d, 0xfa, 0x00, 0x00, 0x12, 0xf8,
  0x00, 0x00, 0x12, 0xf8, 0x00, 0x00, 0xce, 0xf5, 0x00, 0x00, 0xce, 0xf5,
  0x00, 0x00, 0x42, 0xf4, 0x00, 0x00, 0x42, 0xf4, 0x00, 0x00, 0x21, 0xf3,
  0x00, 0x00, 0x21, 0xf3, 0x00, 0x00, 0xa9, 0xf2, 0x00, 0x00, 0xa9, 0xf2,
  0x00, 0x00, 0x6b, 0xf2, 0x00, 0x00, 0x6b, 0xf2, 0x00, 0x00, 0x55, 0xf1,
  0x00, 0x00, 0x55, 0xf1, 0x00, 0x00, 0x60, 0xf0, 0x00, 0x00, 0x60, 0xf0,
  0x00, 0x00, 0xa1, 0xf0, 0x00, 0x00, 0xa1, 0xf0, 0x00, 0x00, 0xc3, 0xf0,
  0x00, 0x00, 0xc3, 0xf0, 0x00, 0x00, 0x79, 0xf0, 0x00, 0x00, 0x79, 0xf0,
  0x00, 0x00, 0x28, 0xf1, 0x00, 0x00, 0x28, 0xf1, 0x00, 0x00, 0x97, 0xf2,
  0x00, 0x00, 0x97, 0xf2, 0x00, 0x00, 0x6e, 0xf4, 0x00, 0x00, 0x6e, 0xf4,
  0x00, 0x00, 0x9c, 0xf6, 0x00, 0x00, 0x9c, 0xf6, 0x00, 0x00, 0x35, 0xf8,
  0x00, 0x00, 0x35, 0xf8, 0x00, 0x00, 0xd2, 0xf9, 0x00, 0x00, 0xd2, 0xf9,
  0x00, 0x00, 0x0d, 0xfc, 0x00, 0x00, 0x0d, 0xfc, 0x00, 0x00, 0x40, 0xfd,
  0x00, 0x00, 0x40, 0xfd, 0x00, 0x00, 0x37, 0xfd, 0x00, 0x00, 0x37, 0xfd,
  0x00, 0x00, 0x54, 0xfd, 0x00, 0x00, 0x54, 0xfd, 0x00, 0x00, 0x85, 0xfd,
  0x00, 0x00, 0x85, 0xfd, 0x00, 0x00, 0x81, 0xfd, 0x00, 0x00, 0x81, 0xfd,
  0x00, 0x00, 0x11, 0xfd, 0x00, 0x00, 0x11, 0xfd, 0x00, 0x00, 0x3e, 0xfc,
  0x00, 0x00, 0x3e, 0xfc, 0x00, 0x00, 0x80, 0xfc, 0x00, 0x00, 0x80, 0xfc,
  0x00, 0x00, 0x90, 0xfd, 0x00, 0x00, 0x90, 0xfd, 0x00, 0x00, 0xaf, 0xfd,
  0x00, 0x00, 0xaf, 0xfd, 0x00, 0x00, 0x95, 0xfd, 0x00, 0x00, 0x95, 0xfd,
  0x00, 0x00, 0x50, 0xfe, 0x00, 0x00, 0x50, 0xfe, 0x00, 0x00, 0x17, 0xff,
  0x00, 0x00, 0x17, 0xff, 0x00, 0x00, 0x6f, 0xff, 0x00, 0x00, 0x6f, 0xff,
  0x00, 0x00, 0x2a, 0xff, 0x00, 0x00, 0x2a, 0xff, 0x00, 0x00, 0x80, 0xfe,
  0x00, 0x00, 0x80, 0xfe, 0x00, 0x00, 0x7f, 0xfe, 0x00, 0x00, 0x7f, 0xfe,
  0x00, 0x00, 0x99, 0xfe, 0x00, 0x00, 0x99, 0xfe, 0x00, 0x00, 0xdd, 0xfd,
  0x00, 0x00, 0xdd, 0xfd, 0x00, 0x00, 0x14, 0xfd, 0x00, 0x00, 0x14, 0xfd,
  0x00, 0x00, 0xfb, 0xfc, 0x00, 0x00, 0xfb, 0xfc, 0x00, 0x00, 0x56, 0xfd,
  0x00, 0x00, 0x56, 0xfd, 0x00, 0x00, 0x66, 0xfd, 0x00, 0x00, 0x66, 0xfd,
  0x00, 0x00, 0x1f, 0xfd, 0x00, 0x00, 0x1f, 0xfd, 0x00, 0x00, 0x2f, 0xfd,
  0x00, 0x00, 0x2f, 0xfd, 0x00, 0x00, 0xae, 0xfd, 0x00, 0x00, 0xae, 0xfd,
  0x00, 0x00, 0xfc, 0xfd, 0x00, 0x00, 0xfc, 0xfd, 0x00, 0x00, 0xa7, 0xfd,
  0x00, 0x00, 0xa7, 0xfd, 0x00, 0x00, 0x51, 0xfd, 0x00, 0x00, 0x51, 0xfd,
  0x00, 0x00, 0x6c, 0xfd, 0x00, 0x00, 0x6c, 0xfd, 0x00, 0x00, 0x65, 0xfd,
  0x00, 0x00, 0x65, 0xfd, 0x00, 0x00, 0xf6, 0xfc, 0x00, 0x00, 0xf6, 0xfc,
  0x00, 0x00, 0x66, 0xfc, 0x00, 0x00, 0x66, 0xfc, 0x00, 0x00, 0x5e, 0xfc,
  0x00, 0x00, 0x5e, 0xfc, 0x00, 0x00, 0xac, 0xfc, 0x00, 0x00, 0xac, 0xfc,
  0x00, 0x00, 0x83, 0xfc, 0x00, 0x00, 0x83, 0xfc, 0x00, 0x00, 0x54, 0xfc,
  0x00, 0x00, 0x54, 0xfc, 0x00, 0x00, 0x7f, 0xfc, 0x00, 0x00, 0x7f, 0xfc,
  0x00, 0x00, 0xc2, 0xfc, 0x00, 0x00, 0xc2, 0xfc, 0x00, 0x00, 0xf9, 0xfc,
  0x00, 0x00, 0xf9, 0xfc, 0x00, 0x00, 0xbb, 0xfc, 0x00, 0x00, 0xbb, 0xfc,
  0x00, 0x00, 0x47, 0xfc, 0x00, 0x00, 0x47, 0xfc, 0x00, 0x00, 0x55, 0xfc,
  0x00, 0x00, 0x55, 0xfc, 0x00, 0x00, 0x6b, 0xfc, 0x00, 0x00, 0x6b, 0xfc,
  0x00, 0x00, 0xdb, 0xfb, 0x00, 0x00, 0xdb, 0xfb, 0x00, 0x00, 0x2e, 0xfb,
  0x00, 0x00, 0x2e, 0xfb, 0x00, 0x00, 0xfd, 0xfa, 0x00, 0x00, 0xfd, 0xfa,
  0x00, 0x00, 0x0f, 0xfb, 0x00, 0x00, 0x0f, 0xfb, 0x00, 0x00, 0xcf, 0xfa,
  0x00, 0x00, 0xcf, 0xfa, 0x00, 0x00, 0xa2, 0xf9, 0x00, 0x00, 0xa2, 0xf9,
  0x00, 0x00, 0xdc, 0xf7, 0x00, 0x00, 0xdc, 0xf7, 0x00, 0x00, 0x3f, 0xf7,
  0x00, 0x00, 0x3f, 0xf7, 0x00, 0x00, 0x06, 0xfa, 0x00, 0x00, 0x06, 0xfa,
  0x00, 0x00, 0x94, 0x00, 0x00, 0x00, 0x94, 0x00, 0x00, 0x00, 0xe4, 0x08,
  0x00, 0x00, 0xe4, 0x08, 0x00, 0x00, 0xb0, 0x11, 0x00, 0x00, 0xb0, 0x11,
  0x00, 0x00, 0xc2, 0x1a, 0x00, 0x00, 0xc2, 0x1a, 0x00, 0x00, 0x5b, 0x23,
  0x00, 0x00, 0x5b, 0x23, 0x00, 0x00, 0x6f, 0x2a, 0x00, 0x00, 0x6f, 0x2a,
  0x00, 0x00, 0xa9, 0x2d, 0x00, 0x00, 0xa9, 0x2d, 0x00, 0x00, 0xa9, 0x2b,
  0x00, 0x00, 0xa9, 0x2b, 0x00, 0x00, 0xdc, 0x25, 0x00, 0x00, 0xdc, 0x25,
  0x00, 0x00, 0x19, 0x1e, 0x00, 0x00, 0x19, 0x1e, 0x00, 0x00, 0x54, 0x15,
  0x00, 0x00, 0x54, 0x15, 0x00, 0x00, 0xd0, 0x0c, 0x00, 0x00, 0xd0, 0x0c,
  0x00, 0x00, 0x82, 0x06, 0x00, 0x00, 0x82, 0x06, 0x00, 0x00, 0x20, 0x02,
  0x00, 0x00, 0x20, 0x02, 0x00, 0x00, 0x1e, 0xff, 0x00, 0x00, 0x1e, 0xff,
  0x00, 0x00, 0xda, 0xfe, 0x00, 0x00, 0xda, 0xfe, 0x00, 0x00, 0x02, 0x01,
  0x00, 0x00, 0x02, 0x01, 0x00, 0x00, 0x0c, 0x04, 0x00, 0x00, 0x0c, 0x04,
  0x00, 0x00, 0x31, 0x06, 0x00, 0x00, 0x31, 0x06, 0x00, 0x00, 0x5a, 0x06,
  0x00, 0x00, 0x5a, 0x06, 0x00, 0x00, 0xc9, 0x05, 0x00, 0x00, 0xc9, 0x05,
  0x00, 0x00, 0x26, 0x05, 0x00, 0x00, 0x26, 0x05, 0x00, 0x00, 0x76, 0x03,
  0x00, 0x00, 0x76, 0x03, 0x00, 0x00, 0x91, 0x00, 0x00, 0x00, 0x91, 0x00,
  0x00, 0x00, 0xde, 0xfd, 0x00, 0x00, 0xde, 0xfd, 0x00, 0x00, 0xc2, 0xfc,
  0x00, 0x00, 0xc2, 0xfc, 0x00, 0x00, 0xb3, 0xfc, 0x00, 0x00, 0xb3, 0xfc,
  0x00, 0x00, 0x38, 0xfd, 0x00, 0x00, 0x38, 0xfd, 0x00, 0x00, 0x26, 0xff,
  0x00, 0x00, 0x26, 0xff, 0x00, 0x00, 0xfa, 0x01, 0x00, 0x00, 0xfa, 0x01,
  0x00, 0x00, 0x5f, 0x04, 0x00, 0x00, 0x5f, 0x04, 0x00, 0x00, 0x60, 0x06,
  0x00, 0x00, 0x60, 0x06, 0x00, 0x00, 0x45, 0x08, 0x00, 0x00, 0x45, 0x08,
  0x00, 0x00, 0x0d, 0x09, 0x00, 0x00, 0x0d, 0x09, 0x00, 0x00, 0x18, 0x08,
  0x00, 0x00, 0x18, 0x08, 0x00, 0x00, 0x16, 0x06, 0x00, 0x00, 0x16, 0x06,
  0x00, 0x00, 0x59, 0x03, 0x00, 0x00, 0x59, 0x03, 0x00, 0x00, 0x3a, 0x00,
  0x00, 0x00, 0x3a, 0x00, 0x00, 0x00, 0x1e, 0xfd, 0x00, 0x00, 0x1e, 0xfd,
  0x00, 0x00, 0xcb, 0xf9, 0x00, 0x00, 0xcb, 0xf9, 0x00, 0x00, 0x2d, 0xf7,
  0x00, 0x00, 0x2d, 0xf7, 0x00, 0x00, 0xb2, 0xf5, 0x00, 0x00, 0xb2, 0xf5,
  0x00, 0x00, 0x32, 0xf4, 0x00, 0x00, 0x32, 0xf4, 0x00, 0x00, 0xf6, 0xf2,
  0x00, 0x00, 0xf6, 0xf2, 0x00, 0x00, 0xa4, 0xf2, 0x00, 0x00, 0xa4, 0xf2,
  0x00, 0x00, 0x68, 0xf2, 0x00, 0x00, 0x68, 0xf2, 0x00, 0x00, 0xce, 0xf1,
  0x00, 0x00, 0xce, 0xf1, 0x00, 0x00, 0x3d, 0xf1, 0x00, 0x00, 0x3d, 0xf1,
  0x00, 0x00, 0x0b, 0xf1, 0x00, 0x00, 0x0b, 0xf1, 0x00, 0x00, 0x3f, 0xf1,
  0x00, 0x00, 0x3f, 0xf1, 0x00, 0x00, 0xb5, 0xf1, 0x00, 0x00, 0xb5, 0xf1,
  0x00, 0x00, 0x40, 0xf2, 0x00, 0x00, 0x40, 0xf2, 0x00, 0x00, 0x37, 0xf3,
  0x00, 0x00, 0x37, 0xf3, 0x00, 0x00, 0x10, 0xf5, 0x00, 0x00, 0x10, 0xf5,
  0x00, 0x00, 0x29, 0xf7, 0x00, 0x00, 0x29, 0xf7, 0x00, 0x00, 0xec, 0xf8,
  0x00, 0x00, 0xec, 0xf8, 0x00, 0x00, 0x7d, 0xfa, 0x00, 0x00, 0x7d, 0xfa,
  0x00, 0x00, 0xed, 0xfb, 0x00, 0x00, 0xed, 0xfb, 0x00, 0x00, 0x1b, 0xfd,
  0x00, 0x00, 0x1b, 0xfd, 0x00, 0x00, 0xc5, 0xfd, 0x00, 0x00, 0xc5, 0xfd,
  0x00, 0x00, 0xc6, 0xfd, 0x00, 0x00, 0xc6, 0xfd, 0x00, 0x00, 0x5e, 0xfd,
  0x00, 0x00, 0x5e, 0xfd, 0x00, 0x00, 0x32, 0xfd, 0x00, 0x00, 0x32, 0xfd,
  0x00, 0x00, 0x46, 0xfd, 0x00, 0x00, 0x46, 0xfd, 0x00, 0x00, 0xf8, 0xfc,
  0x00, 0x00, 0xf8, 0xfc, 0x00, 0x00, 0xb8, 0xfc, 0x00, 0x00, 0xb8, 0xfc,
  0x00, 0x00, 0x27, 0xfd, 0x00, 0x00, 0x27, 0xfd, 0x00, 0x00, 0xd1, 0xfd,
  0x00, 0x00, 0xd1, 0xfd, 0x00, 0x00, 0x63, 0xfe, 0x00, 0x00, 0x63, 0xfe,
  0x00, 0x00, 0xb0, 0xfe, 0x00, 0x00, 0xb0, 0xfe, 0x00, 0x00, 0xc5, 0xfe,
  0x00, 0x00, 0xc5, 0xfe, 0x00, 0x00, 0x46, 0xff, 0x00, 0x00, 0x46, 0xff,
  0x00, 0x00, 0xb9, 0xff, 0x00, 0x00, 0xb9, 0xff, 0x00, 0x00, 0x23, 0xff,
  0x00, 0x00, 0x23, 0xff, 0x00, 0x00, 0x52, 0xfe, 0x00, 0x00, 0x52, 0xfe,
  0x00, 0x00, 0x45, 0xfe, 0x00, 0x00, 0x45, 0xfe, 0x00, 0x00, 0x6c, 0xfe,
  0x00, 0x00, 0x6c, 0xfe, 0x00, 0x00, 0xe6, 0xfd, 0x00, 0x00, 0xe6, 0xfd,
  0x00, 0x00, 0x09, 0xfd, 0x00, 0x00, 0x09, 0xfd, 0x00, 0x00, 0x0d, 0xfd,
  0x00, 0x00, 0x0d, 0xfd, 0x00, 0x00, 0xcc, 0xfd, 0x00, 0x00, 0xcc, 0xfd,
  0x00, 0x00, 0xf1, 0xfd, 0x00, 0x00, 0xf1, 0xfd, 0x00, 0x00, 0x53, 0xfd,
  0x00, 0x00, 0x53, 0xfd, 0x00, 0x00, 0x2a, 0xfd, 0x00, 0x00, 0x2a, 0xfd,
  0x00, 0x00, 0xe3, 0xfd, 0x00, 0x00, 0xe3, 0xfd, 0x00, 0x00, 0x17, 0xfe,
  0x00, 0x00, 0x17, 0xfe, 0x00, 0x00, 0x53, 0xfd, 0x00, 0x00, 0x53, 0xfd,
  0x00, 0x00, 0xb6, 0xfc, 0x00, 0x00, 0xb6, 0xfc, 0x00, 0x00, 0xf4, 0xfc,
  0x00, 0x00, 0xf4, 0xfc, 0x00, 0x00, 0x58, 0xfd, 0x00, 0x00, 0x58, 0xfd,
  0x00, 0x00, 0xb6, 0xfc, 0x00, 0x00, 0xb6, 0xfc, 0x00, 0x00, 0xef, 0xfb,
  0x00, 0x00, 0xef, 0xfb, 0x00, 0x00, 0x5c, 0xfc, 0x00, 0x00, 0x5c, 0xfc,
  0x00, 0x00, 0xeb, 0xfc, 0x00, 0x00, 0xeb, 0xfc, 0x00, 0x00, 0x82, 0xfc,
  0x00, 0x00, 0x82, 0xfc, 0x00, 0x00, 0x1d, 0xfc, 0x00, 0x00, 0x1d, 0xfc,
  0x00, 0x00, 0x83, 0xfc, 0x00, 0x00, 0x83, 0xfc, 0x00, 0x00, 0xca, 0xfc,
  0x00, 0x00, 0xca, 0xfc, 0x00, 0x00, 0x77, 0xfc, 0x00, 0x00, 0x77, 0xfc,
  0x00, 0x00, 0x4c, 0xfc, 0x00, 0x00, 0x4c, 0xfc, 0x00, 0x00, 0x5d, 0xfc,
  0x00, 0x00, 0x5d, 0xfc, 0x00, 0x00, 0x65, 0xfc, 0x00, 0x00, 0x65, 0xfc,
  0x00, 0x00, 0x45, 0xfc, 0x00, 0x00, 0x45, 0xfc, 0x00, 0x00, 0xf1, 0xfb,
  0x00, 0x00, 0xf1, 0xfb, 0x00, 0x00, 0xea, 0xfb, 0x00, 0x00, 0xea, 0xfb,
  0x00, 0x00, 0xf0, 0xfb, 0x00, 0x00, 0xf0, 0xfb, 0x00, 0x00, 0x66, 0xfb,
  0x00, 0x00, 0x66, 0xfb, 0x00, 0x00, 0xe2, 0xfa, 0x00, 0x00, 0xe2, 0xfa,
  0x00, 0x00, 0xc4, 0xfa, 0x00, 0x00, 0xc4, 0xfa, 0x00, 0x00, 0xcb, 0xf9,
  0x00, 0x00, 0xcb, 0xf9, 0x00, 0x00, 0x9b, 0xf7, 0x00, 0x00, 0x9b, 0xf7,
  0x00, 0x00, 0x56, 0xf7, 0x00, 0x00, 0x56, 0xf7, 0x00, 0x00, 0xcc, 0xfb,
  0x00, 0x00, 0xcc, 0xfb, 0x00, 0x00, 0x65, 0x03, 0x00, 0x00, 0x65, 0x03,
  0x00, 0x00, 0x65, 0x0b, 0x00, 0x00, 0x65, 0x0b, 0x00, 0x00, 0x62, 0x13,
  0x00, 0x00, 0x62, 0x13, 0x00, 0x00, 0xf4, 0x1b, 0x00, 0x00, 0xf4, 0x1b,
  0x00, 0x00, 0x79, 0x24, 0x00, 0x00, 0x79, 0x24, 0x00, 0x00, 0x33, 0x2a,
  0x00, 0x00, 0x33, 0x2a, 0x00, 0x00, 0xbe, 0x2a, 0x00, 0x00, 0xbe, 0x2a,
  0x00, 0x00, 0x3e, 0x27, 0x00, 0x00, 0x3e, 0x27, 0x00, 0x00, 0xb0, 0x21,
  0x00, 0x00, 0xb0, 0x21, 0x00, 0x00, 0x10, 0x1a, 0x00, 0x00, 0x10, 0x1a,
  0x00, 0x00, 0x64, 0x11, 0x00, 0x00, 0x64, 0x11, 0x00, 0x00, 0x00, 0x0a,
  0x00, 0x00, 0x00, 0x0a, 0x00, 0x00, 0xde, 0x04, 0x00, 0x00, 0xde, 0x04,
  0x00, 0x00, 0x95, 0x01, 0x00, 0x00, 0x95, 0x01, 0x00, 0x00, 0x8e, 0xff,
  0x00, 0x00, 0x8e, 0xff, 0x00, 0x00, 0xa0, 0xff, 0x00, 0x00, 0xa0, 0xff,
  0x00, 0x00, 0x5e, 0x02, 0x00, 0x00, 0x5e, 0x02, 0x00, 0x00, 0x90, 0x05,
  0x00, 0x00, 0x90, 0x05, 0x00, 0x00, 0x8a, 0x06, 0x00, 0x00, 0x8a, 0x06,
  0x00, 0x00, 0xa4, 0x05, 0x00, 0x00, 0xa4, 0x05, 0x00, 0x00, 0x1b, 0x05,
  0x00, 0x00, 0x1b, 0x05, 0x00, 0x00, 0xb4, 0x04, 0x00, 0x00, 0xb4, 0x04,
  0x00, 0x00, 0x8d, 0x02, 0x00, 0x00, 0x8d, 0x02, 0x00, 0x00, 0x34, 0xff,
  0x00, 0x00, 0x34, 0xff, 0x00, 0x00, 0xe4, 0xfc, 0x00, 0x00, 0xe4, 0xfc,
  0x00, 0x00, 0xb0, 0xfc, 0x00, 0x00, 0xb0, 0xfc, 0x00, 0x00, 0x79, 0xfd,
  0x00, 0x00, 0x79, 0xfd, 0x00, 0x00, 0x2f, 0xfe, 0x00, 0x00, 0x2f, 0xfe,
  0x00, 0x00, 0xc9, 0xff, 0x00, 0x00, 0xc9, 0xff, 0x00, 0x00, 0x07, 0x03,
  0x00, 0x00, 0x07, 0x03, 0x00, 0x00, 0x59, 0x06, 0x00, 0x00, 0x59, 0x06,
  0x00, 0x00, 0xc1, 0x07, 0x00, 0x00, 0xc1, 0x07, 0x00, 0x00, 0x3b, 0x08,
  0x00, 0x00, 0x3b, 0x08, 0x00, 0x00, 0x34, 0x09, 0x00, 0x00, 0x34, 0x09,
  0x00, 0x00, 0xa1, 0x08, 0x00, 0x00, 0xa1, 0x08, 0x00, 0x00, 0x8c, 0x05,
  0x00, 0x00, 0x8c, 0x05, 0x00, 0x00, 0xf8, 0x01, 0x00, 0x00, 0xf8, 0x01,
  0x00, 0x00, 0x11, 0xff, 0x00, 0x00, 0x11, 0xff, 0x00, 0x00, 0x72, 0xfc,
  0x00, 0x00, 0x72, 0xfc, 0x00, 0x00, 0x41, 0xf9, 0x00, 0x00, 0x41, 0xf9,
  0x00, 0x00, 0x35, 0xf6, 0x00, 0x00, 0x35, 0xf6, 0x00, 0x00, 0x9c, 0xf4,
  0x00, 0x00, 0x9c, 0xf4, 0x00, 0x00, 0x26, 0xf4, 0x00, 0x00, 0x26, 0xf4,
  0x00, 0x00, 0x92, 0xf3, 0x00, 0x00, 0x92, 0xf3, 0x00, 0x00, 0x44, 0xf2,
  0x00, 0x00, 0x44, 0xf2, 0x00, 0x00, 0xbb, 0xf1, 0x00, 0x00, 0xbb, 0xf1,
  0x00, 0x00, 0x21, 0xf2, 0x00, 0x00, 0x21, 0xf2, 0x00, 0x00, 0x94, 0xf1,
  0x00, 0x00, 0x94, 0xf1, 0x00, 0x00, 0xb5, 0xf0, 0x00, 0x00, 0xb5, 0xf0,
  0x00, 0x00, 0xfb, 0xf0, 0x00, 0x00, 0xfb, 0xf0, 0x00, 0x00, 0x03, 0xf2,
  0x00, 0x00, 0x03, 0xf2, 0x00, 0x00, 0xe1, 0xf2, 0x00, 0x00, 0xe1, 0xf2,
  0x00, 0x00, 0xd2, 0xf3, 0x00, 0x00, 0xd2, 0xf3, 0x00, 0x00, 0xbe, 0xf5,
  0x00, 0x00, 0xbe, 0xf5, 0x00, 0x00, 0x29, 0xf8, 0x00, 0x00, 0x29, 0xf8,
  0x00, 0x00, 0x21, 0xfa, 0x00, 0x00, 0x21, 0xfa, 0x00, 0x00, 0x6c, 0xfb,
  0x00, 0x00, 0x6c, 0xfb, 0x00, 0x00, 0x98, 0xfc, 0x00, 0x00, 0x98, 0xfc,
  0x00, 0x00, 0xed, 0xfd, 0x00, 0x00, 0xed, 0xfd, 0x00, 0x00, 0x53, 0xfe,
  0x00, 0x00, 0x53, 0xfe, 0x00, 0x00, 0xd6, 0xfd, 0x00, 0x00, 0xd6, 0xfd,
  0x00, 0x00, 0x80, 0xfd, 0x00, 0x00, 0x80, 0xfd, 0x00, 0x00, 0x79, 0xfd,
  0x00, 0x00, 0x79, 0xfd, 0x00, 0x00, 0x74, 0xfd, 0x00, 0x00, 0x74, 0xfd,
  0x00, 0x00, 0xef, 0xfc, 0x00, 0x00, 0xef, 0xfc, 0x00, 0x00, 0xc2, 0xfc,
  0x00, 0x00, 0xc2, 0xfc, 0x00, 0x00, 0xb0, 0xfd, 0x00, 0x00, 0xb0, 0xfd,
  0x00, 0x00, 0x46, 0xfe, 0x00, 0x00, 0x46, 0xfe, 0x00, 0x00, 0x41, 0xfe,
  0x00, 0x00, 0x41, 0xfe, 0x00, 0x00, 0xaa, 0xfe, 0x00, 0x00, 0xaa, 0xfe,
  0x00, 0x00, 0x38, 0xff, 0x00, 0x00, 0x38, 0xff, 0x00, 0x00, 0x63, 0xff,
  0x00, 0x00, 0x63, 0xff, 0x00, 0x00, 0x07, 0xff, 0x00, 0x00, 0x07, 0xff,
  0x00, 0x00, 0x76, 0xfe, 0x00, 0x00, 0x76, 0xfe, 0x00, 0x00, 0x36, 0xfe,
  0x00, 0x00, 0x36, 0xfe, 0x00, 0x00, 0xed, 0xfd, 0x00, 0x00, 0xed, 0xfd,
  0x00, 0x00, 0x67, 0xfd, 0x00, 0x00, 0x67, 0xfd, 0x00, 0x00, 0xfd, 0xfc,
  0x00, 0x00, 0xfd, 0xfc, 0x00, 0x00, 0xea, 0xfc, 0x00, 0x00, 0xea, 0xfc,
  0x00, 0x00, 0x32, 0xfd, 0x00, 0x00, 0x32, 0xfd, 0x00, 0x00, 0x64, 0xfd,
  0x00, 0x00, 0x64, 0xfd, 0x00, 0x00, 0x7d, 0xfd, 0x00, 0x00, 0x7d, 0xfd,
  0x00, 0x00, 0xd3, 0xfd, 0x00, 0x00, 0xd3, 0xfd, 0x00, 0x00, 0xf2, 0xfd,
  0x00, 0x00, 0xf2, 0xfd, 0x00, 0x00, 0xee, 0xfd, 0x00, 0x00, 0xee, 0xfd,
  0x00, 0x00, 0x19, 0xfe, 0x00, 0x00, 0x19, 0xfe, 0x00, 0x00, 0xd5, 0xfd,
  0x00, 0x00, 0xd5, 0xfd, 0x00, 0x00, 0x4b, 0xfd, 0x00, 0x00, 0x4b, 0xfd,
  0x00, 0x00, 0x2b, 0xfd, 0x00, 0x00, 0x2b, 0xfd, 0x00, 0x00, 0x19, 0xfd,
  0x00, 0x00, 0x19, 0xfd, 0x00, 0x00, 0xe5, 0xfc, 0x00, 0x00, 0xe5, 0xfc,
  0x00, 0x00, 0xb7, 0xfc, 0x00, 0x00, 0xb7, 0xfc, 0x00, 0x00, 0x72, 0xfc,
  0x00, 0x00, 0x72, 0xfc, 0x00, 0x00, 0xac, 0xfc, 0x00, 0x00, 0xac, 0xfc,
  0x00, 0x00, 0x39, 0xfd, 0x00, 0x00, 0x39, 0xfd, 0x00, 0x00, 0xf5, 0xfc,
  0x00, 0x00, 0xf5, 0xfc, 0x00, 0x00, 0x8d, 0xfc, 0x00, 0x00, 0x8d, 0xfc,
  0x00, 0x00, 0x04, 0xfd, 0x00, 0x00, 0x04, 0xfd, 0x00, 0x00, 0x60, 0xfd,
  0x00, 0x00, 0x60, 0xfd, 0x00, 0x00, 0xf5, 0xfc, 0x00, 0x00, 0xf5, 0xfc,
  0x00, 0x00, 0x89, 0xfc, 0x00, 0x00, 0x89, 0xfc, 0x00, 0x00, 0x9b, 0xfc,
  0x00, 0x00, 0x9b, 0xfc, 0x00, 0x00, 0xc4, 0xfc, 0x00, 0x00, 0xc4, 0xfc,
  0x00, 0x00, 0x7f, 0xfc, 0x00, 0x00, 0x7f, 0xfc, 0x00, 0x00, 0x08, 0xfc,
  0x00, 0x00, 0x08, 0xfc, 0x00, 0x00, 0xea, 0xfb, 0x00, 0x00, 0xea, 0xfb,
  0x00, 0x00, 0xf1, 0xfb, 0x00, 0x00, 0xf1, 0xfb, 0x00, 0x00, 0xa8, 0xfb,
  0x00, 0x00, 0xa8, 0xfb, 0x00, 0x00, 0x1e, 0xfb, 0x00, 0x00, 0x1e, 0xfb,
  0x00, 0x00, 0xa8, 0xfa, 0x00, 0x00, 0xa8, 0xfa, 0x00, 0x00, 0x2b, 0xfa,
  0x00, 0x00, 0x2b, 0xfa, 0x00, 0x00, 0xb7, 0xf8, 0x00, 0x00, 0xb7, 0xf8,
  0x00, 0x00, 0x2d, 0xf7, 0x00, 0x00, 0x2d, 0xf7, 0x00, 0x00, 0x40, 0xf9,
  0x00, 0x00, 0x40, 0xf9, 0x00, 0x00, 0xeb, 0xff, 0x00, 0x00, 0xeb, 0xff,
  0x00, 0x00, 0xfe, 0x07, 0x00, 0x00, 0xfe, 0x07, 0x00, 0x00, 0xd2, 0x0f,
  0x00, 0x00, 0xd2, 0x0f, 0x00, 0x00, 0x3a, 0x18, 0x00, 0x00, 0x3a, 0x18,
  0x00, 0x00, 0x23, 0x21, 0x00, 0x00, 0x23, 0x21, 0x00, 0x00, 0xbd, 0x28,
  0x00, 0x00, 0xbd, 0x28, 0x00, 0x00, 0x68, 0x2c, 0x00, 0x00, 0x68, 0x2c,
  0x00, 0x00, 0xff, 0x2a, 0x00, 0x00, 0xff, 0x2a, 0x00, 0x00, 0xf7, 0x25,
  0x00, 0x00, 0xf7, 0x25, 0x00, 0x00, 0x26, 0x1f, 0x00, 0x00, 0x26, 0x1f,
  0x00, 0x00, 0x11, 0x17, 0x00, 0x00, 0x11, 0x17, 0x00, 0x00, 0x8d, 0x0e,
  0x00, 0x00, 0x8d, 0x0e, 0x00, 0x00, 0xbf, 0x07, 0x00, 0x00, 0xbf, 0x07,
  0x00, 0x00, 0x3b, 0x03, 0x00, 0x00, 0x3b, 0x03, 0x00, 0x00, 0x14, 0x00,
  0x00, 0x00, 0x14, 0x00, 0x00, 0x00, 0x06, 0xff, 0x00, 0x00, 0x06, 0xff,
  0x00, 0x00, 0x90, 0x00, 0x00, 0x00, 0x90, 0x00, 0x00, 0x00, 0x4a, 0x03,
  0x00, 0x00, 0x4a, 0x03, 0x00, 0x00, 0x5e, 0x05, 0x00, 0x00, 0x5e, 0x05,
  0x00, 0x00, 0xa6, 0x05, 0x00, 0x00, 0xa6, 0x05, 0x00, 0x00, 0x09, 0x05,
  0x00, 0x00, 0x09, 0x05, 0x00, 0x00, 0x8b, 0x04, 0x00, 0x00, 0x8b, 0x04,
  0x00, 0x00, 0x33, 0x03, 0x00, 0x00, 0x33, 0x03, 0x00, 0x00, 0x71, 0x00,
  0x00, 0x00, 0x71, 0x00, 0x00, 0x00, 0xc8, 0xfd, 0x00, 0x00, 0xc8, 0xfd,
  0x00, 0x00, 0x9b, 0xfc, 0x00, 0x00, 0x9b, 0xfc, 0x00, 0x00, 0x83, 0xfc,
  0x00, 0x00, 0x83, 0xfc, 0x00, 0x00, 0xf0, 0xfc, 0x00, 0x00, 0xf0, 0xfc,
  0x00, 0x00, 0x60, 0xfe, 0x00, 0x00, 0x60, 0xfe, 0x00, 0x00, 0x08, 0x01,
  0x00, 0x00, 0x08, 0x01, 0x00, 0x00, 0xcb, 0x03, 0x00, 0x00, 0xcb, 0x03,
  0x00, 0x00, 0xa5, 0x05, 0x00, 0x00, 0xa5, 0x05, 0x00, 0x00, 0x07, 0x07,
  0x00, 0x00, 0x07, 0x07, 0x00, 0x00, 0x28, 0x08, 0x00, 0x00, 0x28, 0x08,
  0x00, 0x00, 0x07, 0x08, 0x00, 0x00, 0x07, 0x08, 0x00, 0x00, 0x09, 0x06,
  0x00, 0x00, 0x09, 0x06, 0x00, 0x00, 0x03, 0x03, 0x00, 0x00, 0x03, 0x03,
  0x00, 0x00, 0x53, 0x00, 0x00, 0x00, 0x53, 0x00, 0x00, 0x00, 0xcb, 0xfd,
  0x00, 0x00, 0xcb, 0xfd, 0x00, 0x00, 0xa3, 0xfa, 0x00, 0x00, 0xa3, 0xfa,
  0x00, 0x00, 0x9c, 0xf7, 0x00, 0x00, 0x9c, 0xf7, 0x00, 0x00, 0xd6, 0xf5,
  0x00, 0x00, 0xd6, 0xf5, 0x00, 0x00, 0x01, 0xf5, 0x00, 0x00, 0x01, 0xf5,
  0x00, 0x00, 0xf5, 0xf3, 0x00, 0x00, 0xf5, 0xf3, 0x00, 0x00, 0xe9, 0xf2,
  0x00, 0x00, 0xe9, 0xf2, 0x00, 0x00, 0x86, 0xf2, 0x00, 0x00, 0x86, 0xf2,
  0x00, 0x00, 0x41, 0xf2, 0x00, 0x00, 0x41, 0xf2, 0x00, 0x00, 0xc6, 0xf1,
  0x00, 0x00, 0xc6, 0xf1, 0x00, 0x00, 0x1d, 0xf1, 0x00, 0x00, 0x1d, 0xf1,
  0x00, 0x00, 0xbd, 0xf0, 0x00, 0x00, 0xbd, 0xf0, 0x00, 0x00, 0x5e, 0xf1,
  0x00, 0x00, 0x5e, 0xf1, 0x00, 0x00, 0x2e, 0xf2, 0x00, 0x00, 0x2e, 0xf2,
  0x00, 0x00, 0xc3, 0xf2, 0x00, 0x00, 0xc3, 0xf2, 0x00, 0x00, 0x41, 0xf4,
  0x00, 0x00, 0x41, 0xf4, 0x00, 0x00, 0x79, 0xf6, 0x00, 0x00, 0x79, 0xf6,
  0x00, 0x00, 0x73, 0xf8, 0x00, 0x00, 0x73, 0xf8, 0x00, 0x00, 0x0c, 0xfa,
  0x00, 0x00, 0x0c, 0xfa, 0x00, 0x00, 0x63, 0xfb, 0x00, 0x00, 0x63, 0xfb,
  0x00, 0x00, 0x8d, 0xfc, 0x00, 0x00, 0x8d, 0xfc, 0x00, 0x00, 0x5f, 0xfd,
  0x00, 0x00, 0x5f, 0xfd, 0x00, 0x00, 0x80, 0xfd, 0x00, 0x00, 0x80, 0xfd,
  0x00, 0x00, 0x27, 0xfd, 0x00, 0x00, 0x27, 0xfd, 0x00, 0x00, 0xe7, 0xfc,
  0x00, 0x00, 0xe7, 0xfc, 0x00, 0x00, 0xe2, 0xfc, 0x00, 0x00, 0xe2, 0xfc,
  0x00, 0x00, 0xba, 0xfc, 0x00, 0x00, 0xba, 0xfc, 0x00, 0x00, 0x91, 0xfc,
  0x00, 0x00, 0x91, 0xfc, 0x00, 0x00, 0xf4, 0xfc, 0x00, 0x00, 0xf4, 0xfc,
  0x00, 0x00, 0x91, 0xfd, 0x00, 0x00, 0x91, 0xfd, 0x00, 0x00, 0x05, 0xfe,
  0x00, 0x00, 0x05, 0xfe, 0x00, 0x00, 0x93, 0xfe, 0x00, 0x00, 0x93, 0xfe,
  0x00, 0x00, 0x15, 0xff, 0x00, 0x00, 0x15, 0xff, 0x00, 0x00, 0x56, 0xff,
  0x00, 0x00, 0x56, 0xff, 0x00, 0x00, 0x8b, 0xff, 0x00, 0x00, 0x8b, 0xff,
  0x00, 0x00, 0x69, 0xff, 0x00, 0x00, 0x69, 0xff, 0x00, 0x00, 0xfa, 0xfe,
  0x00, 0x00, 0xfa, 0xfe, 0x00, 0x00, 0xa6, 0xfe, 0x00, 0x00, 0xa6, 0xfe,
  0x00, 0x00, 0x11, 0xfe, 0x00, 0x00, 0x11, 0xfe, 0x00, 0x00, 0x98, 0xfd,
  0x00, 0x00, 0x98, 0xfd, 0x00, 0x00, 0xa9, 0xfd, 0x00, 0x00, 0xa9, 0xfd,
  0x00, 0x00, 0x7c, 0xfd, 0x00, 0x00, 0x7c, 0xfd, 0x00, 0x00, 0x1c, 0xfd,
  0x00, 0x00, 0x1c, 0xfd, 0x00, 0x00, 0x72, 0xfd, 0x00, 0x00, 0x72, 0xfd,
  0x00, 0x00, 0xfe, 0xfd, 0x00, 0x00, 0xfe, 0xfd, 0x00, 0x00, 0xd9, 0xfd,
  0x00, 0x00, 0xd9, 0xfd, 0x00, 0x00, 0xd1, 0xfd, 0x00, 0x00, 0xd1, 0xfd,
  0x00, 0x00, 0x05, 0xfe, 0x00, 0x00, 0x05, 0xfe, 0x00, 0x00, 0xe3, 0xfd,
  0x00, 0x00, 0xe3, 0xfd, 0x00, 0x00, 0xe7, 0xfd, 0x00, 0x00, 0xe7, 0xfd,
  0x00, 0x00, 0x90, 0xfd, 0x00, 0x00, 0x90, 0xfd, 0x00, 0x00, 0xf1, 0xfc,
  0x00, 0x00, 0xf1, 0xfc, 0x00, 0x00, 0x13, 0xfd, 0x00, 0x00, 0x13, 0xfd,
  0x00, 0x00, 0x36, 0xfd, 0x00, 0x00, 0x36, 0xfd, 0x00, 0x00, 0xd4, 0xfc,
  0x00, 0x00, 0xd4, 0xfc, 0x00, 0x00, 0x93, 0xfc, 0x00, 0x00, 0x93, 0xfc,
  0x00, 0x00, 0xc9, 0xfc, 0x00, 0x00, 0xc9, 0xfc, 0x00, 0x00, 0x22, 0xfd,
  0x00, 0x00, 0x22, 0xfd, 0x00, 0x00, 0x13, 0xfd, 0x00, 0x00, 0x13, 0xfd,
  0x00, 0x00, 0xef, 0xfc, 0x00, 0x00, 0xef, 0xfc, 0x00, 0x00, 0xf3, 0xfc,
  0x00, 0x00, 0xf3, 0xfc, 0x00, 0x00, 0xf9, 0xfc, 0x00, 0x00, 0xf9, 0xfc,
  0x00, 0x00, 0x1d, 0xfd, 0x00, 0x00, 0x1d, 0xfd, 0x00, 0x00, 0xf7, 0xfc,
  0x00, 0x00, 0xf7, 0xfc, 0x00, 0x00, 0xa7, 0xfc, 0x00, 0x00, 0xa7, 0xfc,
  0x00, 0x00, 0xc3, 0xfc, 0x00, 0x00, 0xc3, 0xfc, 0x00, 0x00, 0xd7, 0xfc,
  0x00, 0x00, 0xd7, 0xfc, 0x00, 0x00, 0xaa, 0xfc, 0x00, 0x00, 0xaa, 0xfc,
  0x00, 0x00, 0x9a, 0xfc, 0x00, 0x00, 0x9a, 0xfc, 0x00, 0x00, 0x74, 0xfc,
  0x00, 0x00, 0x74, 0xfc, 0x00, 0x00, 0x2d, 0xfc, 0x00, 0x00, 0x2d, 0xfc,
  0x00, 0x00, 0x08, 0xfc, 0x00, 0x00, 0x08, 0xfc, 0x00, 0x00, 0xc2, 0xfb,
  0x00, 0x00, 0xc2, 0xfb, 0x00, 0x00, 0x47, 0xfb, 0x00, 0x00, 0x47, 0xfb,
  0x00, 0x00, 0xc9, 0xfa, 0x00, 0x00, 0xc9, 0xfa, 0x00, 0x00, 0xae, 0xf9,
  0x00, 0x00, 0xae, 0xf9, 0x00, 0x00, 0x0f, 0xf8, 0x00, 0x00, 0x0f, 0xf8,
  0x00, 0x00, 0x55, 0xf8, 0x00, 0x00, 0x55, 0xf8, 0x00, 0x00, 0x51, 0xfc,
  0x00, 0x00, 0x51, 0xfc, 0x00, 0x00, 0x07, 0x03, 0x00, 0x00, 0x07, 0x03,
  0x00, 0x00, 0xce, 0x0a, 0x00, 0x00, 0xce, 0x0a, 0x00, 0x00, 0xbb, 0x12,
  0x00, 0x00, 0xbb, 0x12, 0x00, 0x00, 0xd9, 0x1a, 0x00, 0x00, 0xd9, 0x1a,
  0x00, 0x00, 0xfd, 0x22, 0x00, 0x00, 0xfd, 0x22, 0x00, 0x00, 0x05, 0x29,
  0x00, 0x00, 0x05, 0x29, 0x00, 0x00, 0x8e, 0x2a, 0x00, 0x00, 0x8e, 0x2a,
  0x00, 0x00, 0xe6, 0x27, 0x00, 0x00, 0xe6, 0x27, 0x00, 0x00, 0xc6, 0x22,
  0x00, 0x00, 0xc6, 0x22, 0x00, 0x00, 0xb1, 0x1b, 0x00, 0x00, 0xb1, 0x1b,
  0x00, 0x00, 0x7c, 0x13, 0x00, 0x00, 0x7c, 0x13, 0x00, 0x00, 0x52, 0x0c,
  0x00, 0x00, 0x52, 0x0c, 0x00, 0x00, 0xb6, 0x06, 0x00, 0x00, 0xb6, 0x06,
  0x00, 0x00, 0x3d, 0x02, 0x00, 0x00, 0x3d, 0x02, 0x00, 0x00, 0xd8, 0xff,
  0x00, 0x00, 0xd8, 0xff, 0x00, 0x00, 0xd9, 0xff, 0x00, 0x00, 0xd9, 0xff,
  0x00, 0x00, 0xd7, 0x01, 0x00, 0x00, 0xd7, 0x01, 0x00, 0x00, 0x8a, 0x04,
  0x00, 0x00, 0x8a, 0x04, 0x00, 0x00, 0xb3, 0x05, 0x00, 0x00, 0xb3, 0x05,
  0x00, 0x00, 0x6d, 0x05, 0x00, 0x00, 0x6d, 0x05, 0x00, 0x00, 0x4c, 0x05,
  0x00, 0x00, 0x4c, 0x05, 0x00, 0x00, 0xd9, 0x04, 0x00, 0x00, 0xd9, 0x04,
  0x00, 0x00, 0xab, 0x02, 0x00, 0x00, 0xab, 0x02, 0x00, 0x00, 0xb7, 0xff,
  0x00, 0x00, 0xb7, 0xff, 0x00, 0x00, 0xe1, 0xfd, 0x00, 0x00, 0xe1, 0xfd,
  0x00, 0x00, 0xfd, 0xfc, 0x00, 0x00, 0xfd, 0xfc, 0x00, 0x00, 0xdb, 0xfc,
  0x00, 0x00, 0xdb, 0xfc, 0x00, 0x00, 0xcf, 0xfd, 0x00, 0x00, 0xcf, 0xfd,
  0x00, 0x00, 0xb2, 0xff, 0x00, 0x00, 0xb2, 0xff, 0x00, 0x00, 0x74, 0x02,
  0x00, 0x00, 0x74, 0x02, 0x00, 0x00, 0x1d, 0x05, 0x00, 0x00, 0x1d, 0x05,
  0x00, 0x00, 0x0a, 0x07, 0x00, 0x00, 0x0a, 0x07, 0x00, 0x00, 0x9a, 0x08,
  0x00, 0x00, 0x9a, 0x08, 0x00, 0x00, 0x47, 0x09, 0x00, 0x00, 0x47, 0x09,
  0x00, 0x00, 0x65, 0x08, 0x00, 0x00, 0x65, 0x08, 0x00, 0x00, 0x11, 0x06,
  0x00, 0x00, 0x11, 0x06, 0x00, 0x00, 0x04, 0x03, 0x00, 0x00, 0x04, 0x03,
  0x00, 0x00, 0xe4, 0xff, 0x00, 0x00, 0xe4, 0xff, 0x00, 0x00, 0xcb, 0xfc,
  0x00, 0x00, 0xcb, 0xfc, 0x00, 0x00, 0x9a, 0xf9, 0x00, 0x00, 0x9a, 0xf9,
  0x00, 0x00, 0xb3, 0xf6, 0x00, 0x00, 0xb3, 0xf6, 0x00, 0x00, 0x21, 0xf5,
  0x00, 0x00, 0x21, 0xf5, 0x00, 0x00, 0x2d, 0xf4, 0x00, 0x00, 0x2d, 0xf4,
  0x00, 0x00, 0x05, 0xf3, 0x00, 0x00, 0x05, 0xf3, 0x00, 0x00, 0x91, 0xf2,
  0x00, 0x00, 0x91, 0xf2, 0x00, 0x00, 0x5a, 0xf2, 0x00, 0x00, 0x5a, 0xf2,
  0x00, 0x00, 0xe4, 0xf1, 0x00, 0x00, 0xe4, 0xf1, 0x00, 0x00, 0xa0, 0xf1,
  0x00, 0x00, 0xa0, 0xf1, 0x00, 0x00, 0x52, 0xf1, 0x00, 0x00, 0x52, 0xf1,
  0x00, 0x00, 0x5e, 0xf1, 0x00, 0x00, 0x5e, 0xf1, 0x00, 0x00, 0x0c, 0xf2,
  0x00, 0x00, 0x0c, 0xf2, 0x00, 0x00, 0xd5, 0xf2, 0x00, 0x00, 0xd5, 0xf2,
  0x00, 0x00, 0xd5, 0xf3, 0x00, 0x00, 0xd5, 0xf3, 0x00, 0x00, 0xa0, 0xf5,
  0x00, 0x00, 0xa0, 0xf5, 0x00, 0x00, 0xc2, 0xf7, 0x00, 0x00, 0xc2, 0xf7,
  0x00, 0x00, 0x6c, 0xf9, 0x00, 0x00, 0x6c, 0xf9, 0x00, 0x00, 0xf2, 0xfa,
  0x00, 0x00, 0xf2, 0xfa, 0x00, 0x00, 0x65, 0xfc, 0x00, 0x00, 0x65, 0xfc,
  0x00, 0x00, 0x6a, 0xfd, 0x00, 0x00, 0x6a, 0xfd, 0x00, 0x00, 0xe0, 0xfd,
  0x00, 0x00, 0xe0, 0xfd, 0x00, 0x00, 0xc1, 0xfd, 0x00, 0x00, 0xc1, 0xfd,
  0x00, 0x00, 0xb1, 0xfd, 0x00, 0x00, 0xb1, 0xfd, 0x00, 0x00, 0xb7, 0xfd,
  0x00, 0x00, 0xb7, 0xfd, 0x00, 0x00, 0x3f, 0xfd, 0x00, 0x00, 0x3f, 0xfd,
  0x00, 0x00, 0xda, 0xfc, 0x00, 0x00, 0xda, 0xfc, 0x00, 0x00, 0x29, 0xfd,
  0x00, 0x00, 0x29, 0xfd, 0x00, 0x00, 0x90, 0xfd, 0x00, 0x00, 0x90, 0xfd,
  0x00, 0x00, 0x8e, 0xfd, 0x00, 0x00, 0x8e, 0xfd, 0x00, 0x00, 0xb8, 0xfd,
  0x00, 0x00, 0xb8, 0xfd, 0x00, 0x00, 0x3e, 0xfe, 0x00, 0x00, 0x3e, 0xfe,
  0x00, 0x00, 0xb7, 0xfe, 0x00, 0x00, 0xb7, 0xfe, 0x00, 0x00, 0xb1, 0xfe,
  0x00, 0x00, 0xb1, 0xfe, 0x00, 0x00, 0x3b, 0xfe, 0x00, 0x00, 0x3b, 0xfe,
  0x00, 0x00, 0x2b, 0xfe, 0x00, 0x00, 0x2b, 0xfe, 0x00, 0x00, 0x5e, 0xfe,
  0x00, 0x00, 0x5e, 0xfe, 0x00, 0x00, 0x16, 0xfe, 0x00, 0x00, 0x16, 0xfe,
  0x00, 0x00, 0x61, 0xfd, 0x00, 0x00, 0x61, 0xfd, 0x00, 0x00, 0x27, 0xfd,
  0x00, 0x00, 0x27, 0xfd, 0x00, 0x00, 0xc1, 0xfd, 0x00, 0x00, 0xc1, 0xfd,
  0x00, 0x00, 0xda, 0xfd, 0x00, 0x00, 0xda, 0xfd, 0x00, 0x00, 0x6b, 0xfd,
  0x00, 0x00, 0x6b, 0xfd, 0x00, 0x00, 0x9d, 0xfd, 0x00, 0x00, 0x9d, 0xfd,
  0x00, 0x00, 0x3e, 0xfe, 0x00, 0x00, 0x3e, 0xfe, 0x00, 0x00, 0x8e, 0xfe,
  0x00, 0x00, 0x8e, 0xfe, 0x00, 0x00, 0x30, 0xfe, 0x00, 0x00, 0x30, 0xfe,
  0x00, 0x00, 0x03, 0xfe, 0x00, 0x00, 0x03, 0xfe, 0x00, 0x00, 0x56, 0xfe,
  0x00, 0x00, 0x56, 0xfe, 0x00, 0x00, 0x3c, 0xfe, 0x00, 0x00, 0x3c, 0xfe,
  0x00, 0x00, 0xde, 0xfd, 0x00, 0x00, 0xde, 0xfd, 0x00, 0x00, 0x73, 0xfd,
  0x00, 0x00, 0x73, 0xfd, 0x00, 0x00, 0x2f, 0xfd, 0x00, 0x00, 0x2f, 0xfd,
  0x00, 0x00, 0x6f, 0xfd, 0x00, 0x00, 0x6f, 0xfd, 0x00, 0x00, 0x34, 0xfd,
  0x00, 0x00, 0x34, 0xfd, 0x00, 0x00, 0xb8, 0xfc, 0x00, 0x00, 0xb8, 0xfc,
  0x00, 0x00, 0xef, 0xfc, 0x00, 0x00, 0xef, 0xfc, 0x00, 0x00, 0x15, 0xfd,
  0x00, 0x00, 0x15, 0xfd, 0x00, 0x00, 0xdd, 0xfc, 0x00, 0x00, 0xdd, 0xfc,
  0x00, 0x00, 0xd2, 0xfc, 0x00, 0x00, 0xd2, 0xfc, 0x00, 0x00, 0xfd, 0xfc,
  0x00, 0x00, 0xfd, 0xfc, 0x00, 0x00, 0xdd, 0xfc, 0x00, 0x00, 0xdd, 0xfc,
  0x00, 0x00, 0xa4, 0xfc, 0x00, 0x00, 0xa4, 0xfc, 0x00, 0x00, 0xb7, 0xfc,
  0x00, 0x00, 0xb7, 0xfc, 0x00, 0x00, 0xac, 0xfc, 0x00, 0x00, 0xac, 0xfc,
  0x00, 0x00, 0x92, 0xfc, 0x00, 0x00, 0x92, 0xfc, 0x00, 0x00, 0x70, 0xfc,
  0x00, 0x00, 0x70, 0xfc, 0x00, 0x00, 0x61, 0xfc, 0x00, 0x00, 0x61, 0xfc,
  0x00, 0x00, 0x9a, 0xfc, 0x00, 0x00, 0x9a, 0xfc, 0x00, 0x00, 0x57, 0xfc,
  0x00, 0x00, 0x57, 0xfc, 0x00, 0x00, 0xfc, 0xfb, 0x00, 0x00, 0xfc, 0xfb,
  0x00, 0x00, 0x42, 0xfc, 0x00, 0x00, 0x42, 0xfc, 0x00, 0x00, 0x2b, 0xfc,
  0x00, 0x00, 0x2b, 0xfc, 0x00, 0x00, 0xa6, 0xfb, 0x00, 0x00, 0xa6, 0xfb,
  0x00, 0x00, 0x78, 0xfb, 0x00, 0x00, 0x78, 0xfb, 0x00, 0x00, 0x69, 0xfb,
  0x00, 0x00, 0x69, 0xfb, 0x00, 0x00, 0x2e, 0xfb, 0x00, 0x00, 0x2e, 0xfb,
  0x00, 0x00, 0x05, 0xfa, 0x00, 0x00, 0x05, 0xfa, 0x00, 0x00, 0x5f, 0xf8,
  0x00, 0x00, 0x5f, 0xf8, 0x00, 0x00, 0x27, 0xf9, 0x00, 0x00, 0x27, 0xf9,
  0x00, 0x00, 0x83, 0xfd, 0x00, 0x00, 0x83, 0xfd, 0x00, 0x00, 0xf9, 0x03,
  0x00, 0x00, 0xf9, 0x03, 0x00, 0x00, 0x41, 0x0b, 0x00, 0x00, 0x41, 0x0b,
  0x00, 0x00, 0xea, 0x12, 0x00, 0x00, 0xea, 0x12, 0x00, 0x00, 0x0e, 0x1b,
  0x00, 0x00, 0x0e, 0x1b, 0x00, 0x00, 0xb3, 0x22, 0x00, 0x00, 0xb3, 0x22,
  0x00, 0x00, 0xe1, 0x27, 0x00, 0x00, 0xe1, 0x27, 0x00, 0x00, 0x5a, 0x29,
  0x00, 0x00, 0x5a, 0x29, 0x00, 0x00, 0xf0, 0x26, 0x00, 0x00, 0xf0, 0x26,
  0x00, 0x00, 0xb4, 0x21, 0x00, 0x00, 0xb4, 0x21, 0x00, 0x00, 0xf0, 0x1a,
  0x00, 0x00, 0xf0, 0x1a, 0x00, 0x00, 0x8c, 0x13, 0x00, 0x00, 0x8c, 0x13,
  0x00, 0x00, 0xa2, 0x0c, 0x00, 0x00, 0xa2, 0x0c, 0x00, 0x00, 0xff, 0x06,
  0x00, 0x00, 0xff, 0x06, 0x00, 0x00, 0xd5, 0x02, 0x00, 0x00, 0xd5, 0x02,
  0x00, 0x00, 0x57, 0x00, 0x00, 0x00, 0x57, 0x00, 0x00, 0x00, 0x4e, 0x00,
  0x00, 0x00, 0x4e, 0x00, 0x00, 0x00, 0x43, 0x02, 0x00, 0x00, 0x43, 0x02,
  0x00, 0x00, 0x41, 0x04, 0x00, 0x00, 0x41, 0x04, 0x00, 0x00, 0x53, 0x05,
  0x00, 0x00, 0x53, 0x05, 0x00, 0x00, 0x80, 0x05, 0x00, 0x00, 0x80, 0x05,
  0x00, 0x00, 0x5d, 0x05, 0x00, 0x00, 0x5d, 0x05, 0x00, 0x00, 0xe3, 0x04,
  0x00, 0x00, 0xe3, 0x04, 0x00, 0x00, 0x02, 0x03, 0x00, 0x00, 0x02, 0x03,
  0x00, 0x00, 0x4f, 0x00, 0x00, 0x00, 0x4f, 0x00, 0x00, 0x00, 0x59, 0xfe,
  0x00, 0x00, 0x59, 0xfe, 0x00, 0x00, 0x79, 0xfd, 0x00, 0x00, 0x79, 0xfd,
  0x00, 0x00, 0x60, 0xfd, 0x00, 0x00, 0x60, 0xfd, 0x00, 0x00, 0xe7, 0xfd,
  0x00, 0x00, 0xe7, 0xfd, 0x00, 0x00, 0xa5, 0xff, 0x00, 0x00, 0xa5, 0xff,
  0x00, 0x00, 0x6e, 0x02, 0x00, 0x00, 0x6e, 0x02, 0x00, 0x00, 0xfb, 0x04,
  0x00, 0x00, 0xfb, 0x04, 0x00, 0x00, 0xe5, 0x06, 0x00, 0x00, 0xe5, 0x06,
  0x00, 0x00, 0x80, 0x08, 0x00, 0x00, 0x80, 0x08, 0x00, 0x00, 0x9a, 0x09,
  0x00, 0x00, 0x9a, 0x09, 0x00, 0x00, 0xfd, 0x08, 0x00, 0x00, 0xfd, 0x08,
  0x00, 0x00, 0x82, 0x06, 0x00, 0x00, 0x82, 0x06, 0x00, 0x00, 0xcd, 0x03,
  0x00, 0x00, 0xcd, 0x03, 0x00, 0x00, 0x14, 0x01, 0x00, 0x00, 0x14, 0x01,
  0x00, 0x00, 0xb2, 0xfd, 0x00, 0x00, 0xb2, 0xfd, 0x00, 0x00, 0x44, 0xfa,
  0x00, 0x00, 0x44, 0xfa, 0x00, 0x00, 0x65, 0xf7, 0x00, 0x00, 0x65, 0xf7,
  0x00, 0x00, 0x7f, 0xf5, 0x00, 0x00, 0x7f, 0xf5, 0x00, 0x00, 0x54, 0xf4,
  0x00, 0x00, 0x54, 0xf4, 0x00, 0x00, 0x11, 0xf3, 0x00, 0x00, 0x11, 0xf3,
  0x00, 0x00, 0x30, 0xf2, 0x00, 0x00, 0x30, 0xf2, 0x00, 0x00, 0x2b, 0xf2,
  0x00, 0x00, 0x2b, 0xf2, 0x00, 0x00, 0xf1, 0xf1, 0x00, 0x00, 0xf1, 0xf1,
  0x00, 0x00, 0x2d, 0xf1, 0x00, 0x00, 0x2d, 0xf1, 0x00, 0x00, 0x2b, 0xf1,
  0x00, 0x00, 0x2b, 0xf1, 0x00, 0x00, 0xba, 0xf1, 0x00, 0x00, 0xba, 0xf1,
  0x00, 0x00, 0xf5, 0xf1, 0x00, 0x00, 0xf5, 0xf1, 0x00, 0x00, 0x90, 0xf2,
  0x00, 0x00, 0x90, 0xf2, 0x00, 0x00, 0xbf, 0xf3, 0x00, 0x00, 0xbf, 0xf3,
  0x00, 0x00, 0x65, 0xf5, 0x00, 0x00, 0x65, 0xf5, 0x00, 0x00, 0x5d, 0xf7,
  0x00, 0x00, 0x5d, 0xf7, 0x00, 0x00, 0xec, 0xf8, 0x00, 0x00, 0xec, 0xf8,
  0x00, 0x00, 0x7d, 0xfa, 0x00, 0x00, 0x7d, 0xfa, 0x00, 0x00, 0x37, 0xfc,
  0x00, 0x00, 0x37, 0xfc, 0x00, 0x00, 0x40, 0xfd, 0x00, 0x00, 0x40, 0xfd,
  0x00, 0x00, 0x8a, 0xfd, 0x00, 0x00, 0x8a, 0xfd, 0x00, 0x00, 0xd6, 0xfd,
  0x00, 0x00, 0xd6, 0xfd, 0x00, 0x00, 0x20, 0xfe, 0x00, 0x00, 0x20, 0xfe,
  0x00, 0x00, 0xa7, 0xfd, 0x00, 0x00, 0xa7, 0xfd, 0x00, 0x00, 0x37, 0xfd,
  0x00, 0x00, 0x37, 0xfd, 0x00, 0x00, 0x64, 0xfd, 0x00, 0x00, 0x64, 0xfd,
  0x00, 0x00, 0x6a, 0xfd, 0x00, 0x00, 0x6a, 0xfd, 0x00, 0x00, 0x68, 0xfd,
  0x00, 0x00, 0x68, 0xfd, 0x00, 0x00, 0x9d, 0xfd, 0x00, 0x00, 0x9d, 0xfd,
  0x00, 0x00, 0x15, 0xfe, 0x00, 0x00, 0x15, 0xfe, 0x00, 0x00, 0x9a, 0xfe,
  0x00, 0x00, 0x9a, 0xfe, 0x00, 0x00, 0xb3, 0xfe, 0x00, 0x00, 0xb3, 0xfe,
  0x00, 0x00, 0xa8, 0xfe, 0x00, 0x00, 0xa8, 0xfe, 0x00, 0x00, 0xcf, 0xfe,
  0x00, 0x00, 0xcf, 0xfe, 0x00, 0x00, 0xea, 0xfe, 0x00, 0x00, 0xea, 0xfe,
  0x00, 0x00, 0x73, 0xfe, 0x00, 0x00, 0x73, 0xfe, 0x00, 0x00, 0xd8, 0xfd,
  0x00, 0x00, 0xd8, 0xfd, 0x00, 0x00, 0xd7, 0xfd, 0x00, 0x00, 0xd7, 0xfd,
  0x00, 0x00, 0xea, 0xfd, 0x00, 0x00, 0xea, 0xfd, 0x00, 0x00, 0x9c, 0xfd,
  0x00, 0x00, 0x9c, 0xfd, 0x00, 0x00, 0x5e, 0xfd, 0x00, 0x00, 0x5e, 0xfd,
  0x00, 0x00, 0xb7, 0xfd, 0x00, 0x00, 0xb7, 0xfd, 0x00, 0x00, 0x46, 0xfe,
  0x00, 0x00, 0x46, 0xfe, 0x00, 0x00, 0x48, 0xfe, 0x00, 0x00, 0x48, 0xfe,
  0x00, 0x00, 0x51, 0xfe, 0x00, 0x00, 0x51, 0xfe, 0x00, 0x00, 0xa7, 0xfe,
  0x00, 0x00, 0xa7, 0xfe, 0x00, 0x00, 0xcb, 0xfe, 0x00, 0x00, 0xcb, 0xfe,
  0x00, 0x00, 0xd0, 0xfe, 0x00, 0x00, 0xd0, 0xfe, 0x00, 0x00, 0x7f, 0xfe,
  0x00, 0x00, 0x7f, 0xfe, 0x00, 0x00, 0x2a, 0xfe, 0x00, 0x00, 0x2a, 0xfe,
  0x00, 0x00, 0x46, 0xfe, 0x00, 0x00, 0x46, 0xfe, 0x00, 0x00, 0x0f, 0xfe,
  0x00, 0x00, 0x0f, 0xfe, 0x00, 0x00, 0x88, 0xfd, 0x00, 0x00, 0x88, 0xfd,
  0x00, 0x00, 0x7a, 0xfd, 0x00, 0x00, 0x7a, 0xfd, 0x00, 0x00, 0x93, 0xfd,
  0x00, 0x00, 0x93, 0xfd, 0x00, 0x00, 0x66, 0xfd, 0x00, 0x00, 0x66, 0xfd,
  0x00, 0x00, 0x60, 0xfd, 0x00, 0x00, 0x60, 0xfd, 0x00, 0x00, 0x60, 0xfd,
  0x00, 0x00, 0x60, 0xfd, 0x00, 0x00, 0x46, 0xfd, 0x00, 0x00, 0x46, 0xfd,
  0x00, 0x00, 0x7e, 0xfd, 0x00, 0x00, 0x7e, 0xfd, 0x00, 0x00, 0x62, 0xfd,
  0x00, 0x00, 0x62, 0xfd, 0x00, 0x00, 0xfd, 0xfc, 0x00, 0x00, 0xfd, 0xfc,
  0x00, 0x00, 0x2d, 0xfd, 0x00, 0x00, 0x2d, 0xfd, 0x00, 0x00, 0x2c, 0xfd,
  0x00, 0x00, 0x2c, 0xfd, 0x00, 0x00, 0xb9, 0xfc, 0x00, 0x00, 0xb9, 0xfc,
  0x00, 0x00, 0xa9, 0xfc, 0x00, 0x00, 0xa9, 0xfc, 0x00, 0x00, 0xa4, 0xfc,
  0x00, 0x00, 0xa4, 0xfc, 0x00, 0x00, 0x70, 0xfc, 0x00, 0x00, 0x70, 0xfc,
  0x00, 0x00, 0x5d, 0xfc, 0x00, 0x00, 0x5d, 0xfc, 0x00, 0x00, 0x3b, 0xfc,
  0x00, 0x00, 0x3b, 0xfc, 0x00, 0x00, 0x08, 0xfc, 0x00, 0x00, 0x08, 0xfc,
  0x00, 0x00, 0x06, 0xfc, 0x00, 0x00, 0x06, 0xfc, 0x00, 0x00, 0xf3, 0xfb,
  0x00, 0x00, 0xf3, 0xfb, 0x00, 0x00, 0xa9, 0xfb, 0x00, 0x00, 0xa9, 0xfb,
  0x00, 0x00, 0x93, 0xfb, 0x00, 0x00, 0x93, 0xfb, 0x00, 0x00, 0x83, 0xfb,
  0x00, 0x00, 0x83, 0xfb, 0x00, 0x00, 0x30, 0xfb, 0x00, 0x00, 0x30, 0xfb,
  0x00, 0x00, 0xf7, 0xfa, 0x00, 0x00, 0xf7, 0xfa, 0x00, 0x00, 0xd5, 0xfa,
  0x00, 0x00, 0xd5, 0xfa, 0x00, 0x00, 0x37, 0xfa, 0x00, 0x00, 0x37, 0xfa,
  0x00, 0x00, 0xd6, 0xf8, 0x00, 0x00, 0xd6, 0xf8, 0x00, 0x00, 0x4f, 0xf8,
  0x00, 0x00, 0x4f, 0xf8, 0x00, 0x00, 0x28, 0xfb, 0x00, 0x00, 0x28, 0xfb,
  0x00, 0x00, 0xf1, 0x00, 0x00, 0x00, 0xf1, 0x00, 0x00, 0x00, 0x8a, 0x07,
  0x00, 0x00, 0x8a, 0x07, 0x00, 0x00, 0x8d, 0x0e, 0x00, 0x00, 0x8d, 0x0e,
  0x00, 0x00, 0x5c, 0x16, 0x00, 0x00, 0x5c, 0x16, 0x00, 0x00, 0x97, 0x1e,
  0x00, 0x00, 0x97, 0x1e, 0x00, 0x00, 0x91, 0x25, 0x00, 0x00, 0x91, 0x25,
  0x00, 0x00, 0xe6, 0x28, 0x00, 0x00, 0xe6, 0x28, 0x00, 0x00, 0x13, 0x28,
  0x00, 0x00, 0x13, 0x28, 0x00, 0x00, 0xa7, 0x24, 0x00, 0x00, 0xa7, 0x24,
  0x00, 0x00, 0x53, 0x1f, 0x00, 0x00, 0x53, 0x1f, 0x00, 0x00, 0xf6, 0x17,
  0x00, 0x00, 0xf6, 0x17, 0x00, 0x00, 0x24, 0x10, 0x00, 0x00, 0x24, 0x10,
  0x00, 0x00, 0xdf, 0x09, 0x00, 0x00, 0xdf, 0x09, 0x00, 0x00, 0xf1, 0x04,
  0x00, 0x00, 0xf1, 0x04, 0x00, 0x00, 0x17, 0x01, 0x00, 0x00, 0x17, 0x01,
  0x00, 0x00, 0x85, 0xff, 0x00, 0x00, 0x85, 0xff, 0x00, 0x00, 0x6e, 0x00,
  0x00, 0x00, 0x6e, 0x00, 0x00, 0x00, 0xa5, 0x02, 0x00, 0x00, 0xa5, 0x02,
  0x00, 0x00, 0x75, 0x04, 0x00, 0x00, 0x75, 0x04, 0x00, 0x00, 0x0a, 0x05,
  0x00, 0x00, 0x0a, 0x05, 0x00, 0x00, 0x2f, 0x05, 0x00, 0x00, 0x2f, 0x05,
  0x00, 0x00, 0x35, 0x05, 0x00, 0x00, 0x35, 0x05, 0x00, 0x00, 0x62, 0x04,
  0x00, 0x00, 0x62, 0x04, 0x00, 0x00, 0x24, 0x02, 0x00, 0x00, 0x24, 0x02,
  0x00, 0x00, 0x93, 0xff, 0x00, 0x00, 0x93, 0xff, 0x00, 0x00, 0x47, 0xfe,
  0x00, 0x00, 0x47, 0xfe, 0x00, 0x00, 0xe5, 0xfd, 0x00, 0x00, 0xe5, 0xfd,
  0x00, 0x00, 0x33, 0xfe, 0x00, 0x00, 0x33, 0xfe, 0x00, 0x00, 0x72, 0xff,
  0x00, 0x00, 0x72, 0xff, 0x00, 0x00, 0x71, 0x01, 0x00, 0x00, 0x71, 0x01,
  0x00, 0x00, 0x12, 0x04, 0x00, 0x00, 0x12, 0x04, 0x00, 0x00, 0x87, 0x06,
  0x00, 0x00, 0x87, 0x06, 0x00, 0x00, 0x51, 0x08, 0x00, 0x00, 0x51, 0x08,
  0x00, 0x00, 0x40, 0x09, 0x00, 0x00, 0x40, 0x09, 0x00, 0x00, 0xe4, 0x08,
  0x00, 0x00, 0xe4, 0x08, 0x00, 0x00, 0x7c, 0x07, 0x00, 0x00, 0x7c, 0x07,
  0x00, 0x00, 0x01, 0x05, 0x00, 0x00, 0x01, 0x05, 0x00, 0x00, 0xa3, 0x01,
  0x00, 0x00, 0xa3, 0x01, 0x00, 0x00, 0x2c, 0xfe, 0x00, 0x00, 0x2c, 0xfe,
  0x00, 0x00, 0xd8, 0xfa, 0x00, 0x00, 0xd8, 0xfa, 0x00, 0x00, 0xe6, 0xf7,
  0x00, 0x00, 0xe6, 0xf7, 0x00, 0x00, 0x55, 0xf5, 0x00, 0x00, 0x55, 0xf5,
  0x00, 0x00, 0x56, 0xf3, 0x00, 0x00, 0x56, 0xf3, 0x00, 0x00, 0x43, 0xf2,
  0x00, 0x00, 0x43, 0xf2, 0x00, 0x00, 0xc6, 0xf1, 0x00, 0x00, 0xc6, 0xf1,
  0x00, 0x00, 0x61, 0xf1, 0x00, 0x00, 0x61, 0xf1, 0x00, 0x00, 0xc8, 0xf0,
  0x00, 0x00, 0xc8, 0xf0, 0x00, 0x00, 0x8d, 0xf0, 0x00, 0x00, 0x8d, 0xf0,
  0x00, 0x00, 0x18, 0xf1, 0x00, 0x00, 0x18, 0xf1, 0x00, 0x00, 0x65, 0xf1,
  0x00, 0x00, 0x65, 0xf1, 0x00, 0x00, 0x60, 0xf1, 0x00, 0x00, 0x60, 0xf1,
  0x00, 0x00, 0xf8, 0xf1, 0x00, 0x00, 0xf8, 0xf1, 0x00, 0x00, 0x5d, 0xf3,
  0x00, 0x00, 0x5d, 0xf3, 0x00, 0x00, 0x20, 0xf5, 0x00, 0x00, 0x20, 0xf5,
  0x00, 0x00, 0x83, 0xf6, 0x00, 0x00, 0x83, 0xf6, 0x00, 0x00, 0xc1, 0xf7,
  0x00, 0x00, 0xc1, 0xf7, 0x00, 0x00, 0xba, 0xf9, 0x00, 0x00, 0xba, 0xf9,
  0x00, 0x00, 0xb9, 0xfb, 0x00, 0x00, 0xb9, 0xfb, 0x00, 0x00, 0xad, 0xfc,
  0x00, 0x00, 0xad, 0xfc, 0x00, 0x00, 0xe4, 0xfc, 0x00, 0x00, 0xe4, 0xfc,
  0x00, 0x00, 0x61, 0xfd, 0x00, 0x00, 0x61, 0xfd, 0x00, 0x00, 0x25, 0xfe,
  0x00, 0x00, 0x25, 0xfe, 0x00, 0x00, 0xea, 0xfd, 0x00, 0x00, 0xea, 0xfd,
  0x00, 0x00, 0xf6, 0xfc, 0x00, 0x00, 0xf6, 0xfc, 0x00, 0x00, 0xd1, 0xfc,
  0x00, 0x00, 0xd1, 0xfc, 0x00, 0x00, 0x46, 0xfd, 0x00, 0x00, 0x46, 0xfd,
  0x00, 0x00, 0x57, 0xfd, 0x00, 0x00, 0x57, 0xfd, 0x00, 0x00, 0xe7, 0xfc,
  0x00, 0x00, 0xe7, 0xfc, 0x00, 0x00, 0xf9, 0xfc, 0x00, 0x00, 0xf9, 0xfc,
  0x00, 0x00, 0xd9, 0xfd, 0x00, 0x00, 0xd9, 0xfd, 0x00, 0x00, 0x4e, 0xfe,
  0x00, 0x00, 0x4e, 0xfe, 0x00, 0x00, 0x18, 0xfe, 0x00, 0x00, 0x18, 0xfe,
  0x00, 0x00, 0xfc, 0xfd, 0x00, 0x00, 0xfc, 0xfd, 0x00, 0x00, 0x7b, 0xfe,
  0x00, 0x00, 0x7b, 0xfe, 0x00, 0x00, 0xd9, 0xfe, 0x00, 0x00, 0xd9, 0xfe,
  0x00, 0x00, 0x4b, 0xfe, 0x00, 0x00, 0x4b, 0xfe, 0x00, 0x00, 0xe3, 0xfd,
  0x00, 0x00, 0xe3, 0xfd, 0x00, 0x00, 0x0f, 0xfe, 0x00, 0x00, 0x0f, 0xfe,
  0x00, 0x00, 0x44, 0xfe, 0x00, 0x00, 0x44, 0xfe, 0x00, 0x00, 0x36, 0xfe,
  0x00, 0x00, 0x36, 0xfe, 0x00, 0x00, 0xf6, 0xfd, 0x00, 0x00, 0xf6, 0xfd,
  0x00, 0x00, 0x52, 0xfe, 0x00, 0x00, 0x52, 0xfe, 0x00, 0x00, 0xee, 0xfe,
  0x00, 0x00, 0xee, 0xfe, 0x00, 0x00, 0x16, 0xff, 0x00, 0x00, 0x16, 0xff,
  0x00, 0x00, 0x18, 0xff, 0x00, 0x00, 0x18, 0xff, 0x00, 0x00, 0x20, 0xff,
  0x00, 0x00, 0x20, 0xff, 0x00, 0x00, 0x52, 0xff, 0x00, 0x00, 0x52, 0xff,
  0x00, 0x00, 0x4c, 0xff, 0x00, 0x00, 0x4c, 0xff, 0x00, 0x00, 0xd2, 0xfe,
  0x00, 0x00, 0xd2, 0xfe, 0x00, 0x00, 0x8f, 0xfe, 0x00, 0x00, 0x8f, 0xfe,
  0x00, 0x00, 0x5e, 0xfe, 0x00, 0x00, 0x5e, 0xfe, 0x00, 0x00, 0x1b, 0xfe,
  0x00, 0x00, 0x1b, 0xfe, 0x00, 0x00, 0x0d, 0xfe, 0x00, 0x00, 0x0d, 0xfe,
  0x00, 0x00, 0xd1, 0xfd, 0x00, 0x00, 0xd1, 0xfd, 0x00, 0x00, 0x9a, 0xfd,
  0x00, 0x00, 0x9a, 0xfd, 0x00, 0x00, 0xd4, 0xfd, 0x00, 0x00, 0xd4, 0xfd,
  0x00, 0x00, 0xee, 0xfd, 0x00, 0x00, 0xee, 0xfd, 0x00, 0x00, 0xb6, 0xfd,
  0x00, 0x00, 0xb6, 0xfd, 0x00, 0x00, 0xad, 0xfd, 0x00, 0x00, 0xad, 0xfd,
  0x00, 0x00, 0xc0, 0xfd, 0x00, 0x00, 0xc0, 0xfd, 0x00, 0x00, 0x96, 0xfd,
  0x00, 0x00, 0x96, 0xfd, 0x00, 0x00, 0x76, 0xfd, 0x00, 0x00, 0x76, 0xfd,
  0x00, 0x00, 0x63, 0xfd, 0x00, 0x00, 0x63, 0xfd, 0x00, 0x00, 0x21, 0xfd,
  0x00, 0x00, 0x21, 0xfd, 0x00, 0x00, 0x09, 0xfd, 0x00, 0x00, 0x09, 0xfd,
  0x00, 0x00, 0x18, 0xfd, 0x00, 0x00, 0x18, 0xfd, 0x00, 0x00, 0x00, 0xfd,
  0x00, 0x00, 0x00, 0xfd, 0x00, 0x00, 0xf8, 0xfc, 0x00, 0x00, 0xf8, 0xfc,
  0x00, 0x00, 0xee, 0xfc, 0x00, 0x00, 0xee, 0xfc, 0x00, 0x00, 0xe6, 0xfc,
  0x00, 0x00, 0xe6, 0xfc, 0x00, 0x00, 0x02, 0xfd, 0x00, 0x00, 0x02, 0xfd,
  0x00, 0x00, 0xe5, 0xfc, 0x00, 0x00, 0xe5, 0xfc, 0x00, 0x00, 0xa3, 0xfc,
  0x00, 0x00, 0xa3, 0xfc, 0x00, 0x00, 0x94, 0xfc, 0x00, 0x00, 0x94, 0xfc,
  0x00, 0x00, 0x9f, 0xfc, 0x00, 0x00, 0x9f, 0xfc, 0x00, 0x00, 0x77, 0xfc,
  0x00, 0x00, 0x77, 0xfc, 0x00, 0x00, 0x38, 0xfc, 0x00, 0x00, 0x38, 0xfc,
  0x00, 0x00, 0x40, 0xfc, 0x00, 0x00, 0x40, 0xfc, 0x00, 0x00, 0x3c, 0xfc,
  0x00, 0x00, 0x3c, 0xfc, 0x00, 0x00, 0x2c, 0xfc, 0x00, 0x00, 0x2c, 0xfc,
  0x00, 0x00, 0x24, 0xfc, 0x00, 0x00, 0x24, 0xfc, 0x00, 0x00, 0xe4, 0xfb,
  0x00, 0x00, 0xe4, 0xfb, 0x00, 0x00, 0xaf, 0xfb, 0x00, 0x00, 0xaf, 0xfb,
  0x00, 0x00, 0xcd, 0xfa, 0x00, 0x00, 0xcd, 0xfa, 0x00, 0x00, 0x90, 0xf9,
  0x00, 0x00, 0x90, 0xf9, 0x00, 0x00, 0x9b, 0xfa, 0x00, 0x00, 0x9b, 0xfa,
  0x00, 0x00, 0x97, 0xfe, 0x00, 0x00, 0x97, 0xfe, 0x00, 0x00, 0xcc, 0x03,
  0x00, 0x00, 0xcc, 0x03, 0x00, 0x00, 0x63, 0x09, 0x00, 0x00, 0x63, 0x09,
  0x00, 0x00, 0x19, 0x10, 0x00, 0x00, 0x19, 0x10, 0x00, 0x00, 0xd8, 0x17,
  0x00, 0x00, 0xd8, 0x17, 0x00, 0x00, 0x4a, 0x1f, 0x00, 0x00, 0x4a, 0x1f,
  0x00, 0x00, 0xcf, 0x24, 0x00, 0x00, 0xcf, 0x24, 0x00, 0x00, 0x06, 0x27,
  0x00, 0x00, 0x06, 0x27, 0x00, 0x00, 0x77, 0x26, 0x00, 0x00, 0x77, 0x26,
  0x00, 0x00, 0x98, 0x23, 0x00, 0x00, 0x98, 0x23, 0x00, 0x00, 0xe5, 0x1d,
  0x00, 0x00, 0xe5, 0x1d, 0x00, 0x00, 0xf7, 0x16, 0x00, 0x00, 0xf7, 0x16,
  0x00, 0x00, 0x95, 0x10, 0x00, 0x00, 0x95, 0x10, 0x00, 0x00, 0x7f, 0x0a,
  0x00, 0x00, 0x7f, 0x0a, 0x00, 0x00, 0xbf, 0x04, 0x00, 0x00, 0xbf, 0x04,
  0x00, 0x00, 0xdc, 0x00, 0x00, 0x00, 0xdc, 0x00, 0x00, 0x00, 0xef, 0xff,
  0x00, 0x00, 0xef, 0xff, 0x00, 0x00, 0xfb, 0x00, 0x00, 0x00, 0xfb, 0x00,
  0x00, 0x00, 0x95, 0x02, 0x00, 0x00, 0x95, 0x02, 0x00, 0x00, 0xd7, 0x03,
  0x00, 0x00, 0xd7, 0x03, 0x00, 0x00, 0xe0, 0x04, 0x00, 0x00, 0xe0, 0x04,
  0x00, 0x00, 0x1a, 0x06, 0x00, 0x00, 0x1a, 0x06, 0x00, 0x00, 0x57, 0x06,
  0x00, 0x00, 0x57, 0x06, 0x00, 0x00, 0xfb, 0x04, 0x00, 0x00, 0xfb, 0x04,
  0x00, 0x00, 0xf1, 0x02, 0x00, 0x00, 0xf1, 0x02, 0x00, 0x00, 0x13, 0x01,
  0x00, 0x00, 0x13, 0x01, 0x00, 0x00, 0x90, 0xff, 0x00, 0x00, 0x90, 0xff,
  0x00, 0x00, 0x98, 0xfe, 0x00, 0x00, 0x98, 0xfe, 0x00, 0x00, 0xe3, 0xfe,
  0x00, 0x00, 0xe3, 0xfe, 0x00, 0x00, 0x44, 0x00, 0x00, 0x00, 0x44, 0x00,
  0x00, 0x00, 0x52, 0x02, 0x00, 0x00, 0x52, 0x02, 0x00, 0x00, 0xed, 0x04,
  0x00, 0x00, 0xed, 0x04, 0x00, 0x00, 0x69, 0x07, 0x00, 0x00, 0x69, 0x07,
  0x00, 0x00, 0x8d, 0x09, 0x00, 0x00, 0x8d, 0x09, 0x00, 0x00, 0xd3, 0x0a,
  0x00, 0x00, 0xd3, 0x0a, 0x00, 0x00, 0x5d, 0x0a, 0x00, 0x00, 0x5d, 0x0a,
  0x00, 0x00, 0x9e, 0x08, 0x00, 0x00, 0x9e, 0x08, 0x00, 0x00, 0x09, 0x06,
  0x00, 0x00, 0x09, 0x06, 0x00, 0x00, 0x91, 0x02, 0x00, 0x00, 0x91, 0x02,
  0x00, 0x00, 0x90, 0xfe, 0x00, 0x00, 0x90, 0xfe, 0x00, 0x00, 0x9f, 0xfa,
  0x00, 0x00, 0x9f, 0xfa, 0x00, 0x00, 0x2e, 0xf7, 0x00, 0x00, 0x2e, 0xf7,
  0x00, 0x00, 0x65, 0xf4, 0x00, 0x00, 0x65, 0xf4, 0x00, 0x00, 0x62, 0xf2,
  0x00, 0x00, 0x62, 0xf2, 0x00, 0x00, 0x1c, 0xf1, 0x00, 0x00, 0x1c, 0xf1,
  0x00, 0x00, 0x7e, 0xf0, 0x00, 0x00, 0x7e, 0xf0, 0x00, 0x00, 0x74, 0xf0,
  0x00, 0x00, 0x74, 0xf0, 0x00, 0x00, 0x79, 0xf0, 0x00, 0x00, 0x79, 0xf0,
  0x00, 0x00, 0x93, 0xf0, 0x00, 0x00, 0x93, 0xf0, 0x00, 0x00, 0x17, 0xf1,
  0x00, 0x00, 0x17, 0xf1, 0x00, 0x00, 0xa7, 0xf1, 0x00, 0x00, 0xa7, 0xf1,
  0x00, 0x00, 0x15, 0xf2, 0x00, 0x00, 0x15, 0xf2, 0x00, 0x00, 0xba, 0xf2,
  0x00, 0x00, 0xba, 0xf2, 0x00, 0x00, 0xe6, 0xf3, 0x00, 0x00, 0xe6, 0xf3,
  0x00, 0x00, 0x54, 0xf5, 0x00, 0x00, 0x54, 0xf5, 0x00, 0x00, 0xb1, 0xf6,
  0x00, 0x00, 0xb1, 0xf6, 0x00, 0x00, 0x43, 0xf8, 0x00, 0x00, 0x43, 0xf8,
  0x00, 0x00, 0xe1, 0xf9, 0x00, 0x00, 0xe1, 0xf9, 0x00, 0x00, 0x52, 0xfb,
  0x00, 0x00, 0x52, 0xfb, 0x00, 0x00, 0x91, 0xfc, 0x00, 0x00, 0x91, 0xfc,
  0x00, 0x00, 0x38, 0xfd, 0x00, 0x00, 0x38, 0xfd, 0x00, 0x00, 0x95, 0xfd,
  0x00, 0x00, 0x95, 0xfd, 0x00, 0x00, 0xcd, 0xfd, 0x00, 0x00, 0xcd, 0xfd,
  0x00, 0x00, 0x81, 0xfd, 0x00, 0x00, 0x81, 0xfd, 0x00, 0x00, 0x19, 0xfd,
  0x00, 0x00, 0x19, 0xfd, 0x00, 0x00, 0xc0, 0xfc, 0x00, 0x00, 0xc0, 0xfc,
  0x00, 0x00, 0x50, 0xfc, 0x00, 0x00, 0x50, 0xfc, 0x00, 0x00, 0xfd, 0xfb,
  0x00, 0x00, 0xfd, 0xfb, 0x00, 0x00, 0x02, 0xfc, 0x00, 0x00, 0x02, 0xfc,
  0x00, 0x00, 0x1b, 0xfc, 0x00, 0x00, 0x1b, 0xfc, 0x00, 0x00, 0x1a, 0xfc,
  0x00, 0x00, 0x1a, 0xfc, 0x00, 0x00, 0x63, 0xfc, 0x00, 0x00, 0x63, 0xfc,
  0x00, 0x00, 0xbe, 0xfc, 0x00, 0x00, 0xbe, 0xfc, 0x00, 0x00, 0xf4, 0xfc,
  0x00, 0x00, 0xf4, 0xfc, 0x00, 0x00, 0x27, 0xfd, 0x00, 0x00, 0x27, 0xfd,
  0x00, 0x00, 0x21, 0xfd, 0x00, 0x00, 0x21, 0xfd, 0x00, 0x00, 0x55, 0xfd,
  0x00, 0x00, 0x55, 0xfd, 0x00, 0x00, 0xcb, 0xfd, 0x00, 0x00, 0xcb, 0xfd,
  0x00, 0x00, 0xcd, 0xfd, 0x00, 0x00, 0xcd, 0xfd, 0x00, 0x00, 0xd8, 0xfd,
  0x00, 0x00, 0xd8, 0xfd, 0x00, 0x00, 0x76, 0xfe, 0x00, 0x00, 0x76, 0xfe,
  0x00, 0x00, 0x27, 0xff, 0x00, 0x00, 0x27, 0xff, 0x00, 0x00, 0x83, 0xff,
  0x00, 0x00, 0x83, 0xff, 0x00, 0x00, 0xd1, 0xff, 0x00, 0x00, 0xd1, 0xff,
  0x00, 0x00, 0x5c, 0x00, 0x00, 0x00, 0x5c, 0x00, 0x00, 0x00, 0xe9, 0x00,
  0x00, 0x00, 0xe9, 0x00, 0x00, 0x00, 0x17, 0x01, 0x00, 0x00, 0x17, 0x01,
  0x00, 0x00, 0xe0, 0x00, 0x00, 0x00, 0xe0, 0x00, 0x00, 0x00, 0xbb, 0x00,
  0x00, 0x00, 0xbb, 0x00, 0x00, 0x00, 0xd9, 0x00, 0x00, 0x00, 0xd9, 0x00,
  0x00, 0x00, 0x8b, 0x00, 0x00, 0x00, 0x8b, 0x00, 0x00, 0x00, 0xce, 0xff,
  0x00, 0x00, 0xce, 0xff, 0x00, 0x00, 0x6a, 0xff, 0x00, 0x00, 0x6a, 0xff,
  0x00, 0x00, 0x49, 0xff, 0x00, 0x00, 0x49, 0xff, 0x00, 0x00, 0x07, 0xff,
  0x00, 0x00, 0x07, 0xff, 0x00, 0x00, 0x9c, 0xfe, 0x00, 0x00, 0x9c, 0xfe,
  0x00, 0x00, 0x3a, 0xfe, 0x00, 0x00, 0x3a, 0xfe, 0x00, 0x00, 0x46, 0xfe,
  0x00, 0x00, 0x46, 0xfe, 0x00, 0x00, 0x65, 0xfe, 0x00, 0x00, 0x65, 0xfe,
  0x00, 0x00, 0x1e, 0xfe, 0x00, 0x00, 0x1e, 0xfe, 0x00, 0x00, 0xc6, 0xfd,
  0x00, 0x00, 0xc6, 0xfd, 0x00, 0x00, 0xcb, 0xfd, 0x00, 0x00, 0xcb, 0xfd,
  0x00, 0x00, 0xfa, 0xfd, 0x00, 0x00, 0xfa, 0xfd, 0x00, 0x00, 0xb7, 0xfd,
  0x00, 0x00, 0xb7, 0xfd, 0x00, 0x00, 0x4f, 0xfd, 0x00, 0x00, 0x4f, 0xfd,
  0x00, 0x00, 0x4f, 0xfd, 0x00, 0x00, 0x4f, 0xfd, 0x00, 0x00, 0x66, 0xfd,
  0x00, 0x00, 0x66, 0xfd, 0x00, 0x00, 0x59, 0xfd, 0x00, 0x00, 0x59, 0xfd,
  0x00, 0x00, 0x23, 0xfd, 0x00, 0x00, 0x23, 0xfd, 0x00, 0x00, 0xfb, 0xfc,
  0x00, 0x00, 0xfb, 0xfc, 0x00, 0x00, 0x31, 0xfd, 0x00, 0x00, 0x31, 0xfd,
  0x00, 0x00, 0x56, 0xfd, 0x00, 0x00, 0x56, 0xfd, 0x00, 0x00, 0x29, 0xfd,
  0x00, 0x00, 0x29, 0xfd, 0x00, 0x00, 0x0d, 0xfd, 0x00, 0x00, 0x0d, 0xfd,
  0x00, 0x00, 0x3f, 0xfd, 0x00, 0x00, 0x3f, 0xfd, 0x00, 0x00, 0x5c, 0xfd,
  0x00, 0x00, 0x5c, 0xfd, 0x00, 0x00, 0x2c, 0xfd, 0x00, 0x00, 0x2c, 0xfd,
  0x00, 0x00, 0x1f, 0xfd, 0x00, 0x00, 0x1f, 0xfd, 0x00, 0x00, 0x38, 0xfd,
  0x00, 0x00, 0x38, 0xfd, 0x00, 0x00, 0x48, 0xfd, 0x00, 0x00, 0x48, 0xfd,
  0x00, 0x00, 0x43, 0xfd, 0x00, 0x00, 0x43, 0xfd, 0x00, 0x00, 0x29, 0xfd,
  0x00, 0x00, 0x29, 0xfd, 0x00, 0x00, 0x3d, 0xfd, 0x00, 0x00, 0x3d, 0xfd,
  0x00, 0x00, 0x66, 0xfd, 0x00, 0x00, 0x66, 0xfd, 0x00, 0x00, 0x4e, 0xfd,
  0x00, 0x00, 0x4e, 0xfd, 0x00, 0x00, 0x17, 0xfd, 0x00, 0x00, 0x17, 0xfd,
  0x00, 0x00, 0x07, 0xfd, 0x00, 0x00, 0x07, 0xfd, 0x00, 0x00, 0x0b, 0xfd,
  0x00, 0x00, 0x0b, 0xfd, 0x00, 0x00, 0xae, 0xfc, 0x00, 0x00, 0xae, 0xfc,
  0x00, 0x00, 0x9f, 0xfb, 0x00, 0x00, 0x9f, 0xfb, 0x00, 0x00, 0x94, 0xfa,
  0x00, 0x00, 0x94, 0xfa, 0x00, 0x00, 0xe6, 0xfa, 0x00, 0x00, 0xe6, 0xfa,
  0x00, 0x00, 0x0a, 0xfd, 0x00, 0x00, 0x0a, 0xfd, 0x00, 0x00, 0x63, 0x00,
  0x00, 0x00, 0x63, 0x00, 0x00, 0x00, 0x75, 0x04, 0x00, 0x00, 0x75, 0x04,
  0x00, 0x00, 0x85, 0x09, 0x00, 0x00, 0x85, 0x09, 0x00, 0x00, 0xc9, 0x0f,
  0x00, 0x00, 0xc9, 0x0f, 0x00, 0x00, 0x88, 0x16, 0x00, 0x00, 0x88, 0x16,
  0x00, 0x00, 0x5f, 0x1c, 0x00, 0x00, 0x5f, 0x1c, 0x00, 0x00, 0x8c, 0x20,
  0x00, 0x00, 0x8c, 0x20, 0x00, 0x00, 0xd6, 0x22, 0x00, 0x00, 0xd6, 0x22,
  0x00, 0x00, 0xa2, 0x22, 0x00, 0x00, 0xa2, 0x22, 0x00, 0x00, 0xf3, 0x1f,
  0x00, 0x00, 0xf3, 0x1f, 0x00, 0x00, 0xe2, 0x1b, 0x00, 0x00, 0xe2, 0x1b,
  0x00, 0x00, 0x0a, 0x17, 0x00, 0x00, 0x0a, 0x17, 0x00, 0x00, 0x52, 0x11,
  0x00, 0x00, 0x52, 0x11, 0x00, 0x00, 0x2f, 0x0b, 0x00, 0x00, 0x2f, 0x0b,
  0x00, 0x00, 0xe3, 0x05, 0x00, 0x00, 0xe3, 0x05, 0x00, 0x00, 0xce, 0x02,
  0x00, 0x00, 0xce, 0x02, 0x00, 0x00, 0xec, 0x01, 0x00, 0x00, 0xec, 0x01,
  0x00, 0x00, 0xde, 0x01, 0x00, 0x00, 0xde, 0x01, 0x00, 0x00, 0x43, 0x02,
  0x00, 0x00, 0x43, 0x02, 0x00, 0x00, 0xb5, 0x03, 0x00, 0x00, 0xb5, 0x03,
  0x00, 0x00, 0xb1, 0x05, 0x00, 0x00, 0xb1, 0x05, 0x00, 0x00, 0xf8, 0x06,
  0x00, 0x00, 0xf8, 0x06, 0x00, 0x00, 0x56, 0x07, 0x00, 0x00, 0x56, 0x07,
  0x00, 0x00, 0x04, 0x07, 0x00, 0x00, 0x04, 0x07, 0x00, 0x00, 0xd5, 0x05,
  0x00, 0x00, 0xd5, 0x05, 0x00, 0x00, 0x1c, 0x04, 0x00, 0x00, 0x1c, 0x04,
  0x00, 0x00, 0x6d, 0x02, 0x00, 0x00, 0x6d, 0x02, 0x00, 0x00, 0x50, 0x01,
  0x00, 0x00, 0x50, 0x01, 0x00, 0x00, 0x35, 0x01, 0x00, 0x00, 0x35, 0x01,
  0x00, 0x00, 0xc0, 0x01, 0x00, 0x00, 0xc0, 0x01, 0x00, 0x00, 0xd0, 0x02,
  0x00, 0x00, 0xd0, 0x02, 0x00, 0x00, 0xe4, 0x04, 0x00, 0x00, 0xe4, 0x04,
  0x00, 0x00, 0xaa, 0x07, 0x00, 0x00, 0xaa, 0x07, 0x00, 0x00, 0x02, 0x0a,
  0x00, 0x00, 0x02, 0x0a, 0x00, 0x00, 0x51, 0x0b, 0x00, 0x00, 0x51, 0x0b,
  0x00, 0x00, 0xb3, 0x0b, 0x00, 0x00, 0xb3, 0x0b, 0x00, 0x00, 0xfe, 0x0a,
  0x00, 0x00, 0xfe, 0x0a, 0x00, 0x00, 0xf6, 0x08, 0x00, 0x00, 0xf6, 0x08,
  0x00, 0x00, 0xcc, 0x05, 0x00, 0x00, 0xcc, 0x05, 0x00, 0x00, 0xd9, 0x01,
  0x00, 0x00, 0xd9, 0x01, 0x00, 0x00, 0xa2, 0xfd, 0x00, 0x00, 0xa2, 0xfd,
  0x00, 0x00, 0x79, 0xf9, 0x00, 0x00, 0x79, 0xf9, 0x00, 0x00, 0x9d, 0xf5,
  0x00, 0x00, 0x9d, 0xf5, 0x00, 0x00, 0x9c, 0xf2, 0x00, 0x00, 0x9c, 0xf2,
  0x00, 0x00, 0x96, 0xf0, 0x00, 0x00, 0x96, 0xf0, 0x00, 0x00, 0x3d, 0xef,
  0x00, 0x00, 0x3d, 0xef, 0x00, 0x00, 0x78, 0xee, 0x00, 0x00, 0x78, 0xee,
  0x00, 0x00, 0x65, 0xee, 0x00, 0x00, 0x65, 0xee, 0x00, 0x00, 0xe9, 0xee,
  0x00, 0x00, 0xe9, 0xee, 0x00, 0x00, 0x9e, 0xef, 0x00, 0x00, 0x9e, 0xef,
  0x00, 0x00, 0x52, 0xf0, 0x00, 0x00, 0x52, 0xf0, 0x00, 0x00, 0x12, 0xf1,
  0x00, 0x00, 0x12, 0xf1, 0x00, 0x00, 0x06, 0xf2, 0x00, 0x00, 0x06, 0xf2,
  0x00, 0x00, 0x1f, 0xf3, 0x00, 0x00, 0x1f, 0xf3, 0x00, 0x00, 0x17, 0xf4,
  0x00, 0x00, 0x17, 0xf4, 0x00, 0x00, 0x1a, 0xf5, 0x00, 0x00, 0x1a, 0xf5,
  0x00, 0x00, 0x65, 0xf6, 0x00, 0x00, 0x65, 0xf6, 0x00, 0x00, 0xba, 0xf7,
  0x00, 0x00, 0xba, 0xf7, 0x00, 0x00, 0xde, 0xf8, 0x00, 0x00, 0xde, 0xf8,
  0x00, 0x00, 0xef, 0xf9, 0x00, 0x00, 0xef, 0xf9, 0x00, 0x00, 0xf9, 0xfa,
  0x00, 0x00, 0xf9, 0xfa, 0x00, 0x00, 0xc7, 0xfb, 0x00, 0x00, 0xc7, 0xfb,
  0x00, 0x00, 0x46, 0xfc, 0x00, 0x00, 0x46, 0xfc, 0x00, 0x00, 0x7a, 0xfc,
  0x00, 0x00, 0x7a, 0xfc, 0x00, 0x00, 0x85, 0xfc, 0x00, 0x00, 0x85, 0xfc,
  0x00, 0x00, 0x8e, 0xfc, 0x00, 0x00, 0x8e, 0xfc, 0x00, 0x00, 0x62, 0xfc,
  0x00, 0x00, 0x62, 0xfc, 0x00, 0x00, 0x05, 0xfc, 0x00, 0x00, 0x05, 0xfc,
  0x00, 0x00, 0xd2, 0xfb, 0x00, 0x00, 0xd2, 0xfb, 0x00, 0x00, 0xcb, 0xfb,
  0x00, 0x00, 0xcb, 0xfb, 0x00, 0x00, 0xb4, 0xfb, 0x00, 0x00, 0xb4, 0xfb,
  0x00, 0x00, 0x89, 0xfb, 0x00, 0x00, 0x89, 0xfb, 0x00, 0x00, 0x8f, 0xfb,
  0x00, 0x00, 0x8f, 0xfb, 0x00, 0x00, 0xb3, 0xfb, 0x00, 0x00, 0xb3, 0xfb,
  0x00, 0x00, 0xc3, 0xfb, 0x00, 0x00, 0xc3, 0xfb, 0x00, 0x00, 0xd0, 0xfb,
  0x00, 0x00, 0xd0, 0xfb, 0x00, 0x00, 0xe1, 0xfb, 0x00, 0x00, 0xe1, 0xfb,
  0x00, 0x00, 0x16, 0xfc, 0x00, 0x00, 0x16, 0xfc, 0x00, 0x00, 0x62, 0xfc,
  0x00, 0x00, 0x62, 0xfc, 0x00, 0x00, 0xa2, 0xfc, 0x00, 0x00, 0xa2, 0xfc,
  0x00, 0x00, 0x01, 0xfd, 0x00, 0x00, 0x01, 0xfd, 0x00, 0x00, 0x8d, 0xfd,
  0x00, 0x00, 0x8d, 0xfd, 0x00, 0x00, 0x2c, 0xfe, 0x00, 0x00, 0x2c, 0xfe,
  0x00, 0x00, 0xc5, 0xfe, 0x00, 0x00, 0xc5, 0xfe, 0x00, 0x00, 0x5b, 0xff,
  0x00, 0x00, 0x5b, 0xff, 0x00, 0x00, 0xf9, 0xff, 0x00, 0x00, 0xf9, 0xff,
  0x00, 0x00, 0x73, 0x00, 0x00, 0x00, 0x73, 0x00, 0x00, 0x00, 0xd0, 0x00,
  0x00, 0x00, 0xd0, 0x00, 0x00, 0x00, 0x18, 0x01, 0x00, 0x00, 0x18, 0x01,
  0x00, 0x00, 0x2f, 0x01, 0x00, 0x00, 0x2f, 0x01, 0x00, 0x00, 0x24, 0x01,
  0x00, 0x00, 0x24, 0x01, 0x00, 0x00, 0xfe, 0x00, 0x00, 0x00, 0xfe, 0x00,
  0x00, 0x00, 0xda, 0x00, 0x00, 0x00, 0xda, 0x00, 0x00, 0x00, 0xb3, 0x00,
  0x00, 0x00, 0xb3, 0x00, 0x00, 0x00, 0x69, 0x00, 0x00, 0x00, 0x69, 0x00,
  0x00, 0x00, 0x27, 0x00, 0x00, 0x00, 0x27, 0x00, 0x00, 0x00, 0x02, 0x00,
  0x00, 0x00, 0x02, 0x00, 0x00, 0x00, 0xf1, 0xff, 0x00, 0x00, 0xf1, 0xff,
  0x00, 0x00, 0xd0, 0xff, 0x00, 0x00, 0xd0, 0xff, 0x00, 0x00, 0xa4, 0xff,
  0x00, 0x00, 0xa4, 0xff, 0x00, 0x00, 0x9c, 0xff, 0x00, 0x00, 0x9c, 0xff,
  0x00, 0x00, 0x9c, 0xff, 0x00, 0x00, 0x9c, 0xff, 0x00, 0x00, 0x77, 0xff,
  0x00, 0x00, 0x77, 0xff, 0x00, 0x00, 0x39, 0xff, 0x00, 0x00, 0x39, 0xff,
  0x00, 0x00, 0x10, 0xff, 0x00, 0x00, 0x10, 0xff, 0x00, 0x00, 0x03, 0xff,
  0x00, 0x00, 0x03, 0xff, 0x00, 0x00, 0xce, 0xfe, 0x00, 0x00, 0xce, 0xfe,
  0x00, 0x00, 0x70, 0xfe, 0x00, 0x00, 0x70, 0xfe, 0x00, 0x00, 0x42, 0xfe,
  0x00, 0x00, 0x42, 0xfe, 0x00, 0x00, 0x43, 0xfe, 0x00, 0x00, 0x43, 0xfe,
  0x00, 0x00, 0x2c, 0xfe, 0x00, 0x00, 0x2c, 0xfe, 0x00, 0x00, 0xea, 0xfd,
  0x00, 0x00, 0xea, 0xfd, 0x00, 0x00, 0xc0, 0xfd, 0x00, 0x00, 0xc0, 0xfd,
  0x00, 0x00, 0xe1, 0xfd, 0x00, 0x00, 0xe1, 0xfd, 0x00, 0x00, 0x01, 0xfe,
  0x00, 0x00, 0x01, 0xfe, 0x00, 0x00, 0xe4, 0xfd, 0x00, 0x00, 0xe4, 0xfd,
  0x00, 0x00, 0xc3, 0xfd, 0x00, 0x00, 0xc3, 0xfd, 0x00, 0x00, 0xe4, 0xfd,
  0x00, 0x00, 0xe4, 0xfd, 0x00, 0x00, 0x25, 0xfe, 0x00, 0x00, 0x25, 0xfe,
  0x00, 0x00, 0x21, 0xfe, 0x00, 0x00, 0x21, 0xfe, 0x00, 0x00, 0xfc, 0xfd,
  0x00, 0x00, 0xfc, 0xfd, 0x00, 0x00, 0x0e, 0xfe, 0x00, 0x00, 0x0e, 0xfe,
  0x00, 0x00, 0x32, 0xfe, 0x00, 0x00, 0x32, 0xfe, 0x00, 0x00, 0x26, 0xfe,
  0x00, 0x00, 0x26, 0xfe, 0x00, 0x00, 0xf9, 0xfd, 0x00, 0x00, 0xf9, 0xfd,
  0x00, 0x00, 0xf0, 0xfd, 0x00, 0x00, 0xf0, 0xfd, 0x00, 0x00, 0x04, 0xfe,
  0x00, 0x00, 0x04, 0xfe, 0x00, 0x00, 0xdd, 0xfd, 0x00, 0x00, 0xdd, 0xfd,
  0x00, 0x00, 0x8f, 0xfd, 0x00, 0x00, 0x8f, 0xfd, 0x00, 0x00, 0x71, 0xfd,
  0x00, 0x00, 0x71, 0xfd, 0x00, 0x00, 0x82, 0xfd, 0x00, 0x00, 0x82, 0xfd,
  0x00, 0x00, 0x65, 0xfd, 0x00, 0x00, 0x65, 0xfd, 0x00, 0x00, 0xea, 0xfc,
  0x00, 0x00, 0xea, 0xfc, 0x00, 0x00, 0x71, 0xfc, 0x00, 0x00, 0x71, 0xfc,
  0x00, 0x00, 0x11, 0xfc, 0x00, 0x00, 0x11, 0xfc, 0x00, 0x00, 0x73, 0xfb,
  0x00, 0x00, 0x73, 0xfb, 0x00, 0x00, 0xd0, 0xfa, 0x00, 0x00, 0xd0, 0xfa,
  0x00, 0x00, 0xfe, 0xfa, 0x00, 0x00, 0xfe, 0xfa, 0x00, 0x00, 0x75, 0xfc,
  0x00, 0x00, 0x75, 0xfc, 0x00, 0x00, 0xc8, 0xfe, 0x00, 0x00, 0xc8, 0xfe,
  0x00, 0x00, 0x93, 0x01, 0x00, 0x00, 0x93, 0x01, 0x00, 0x00, 0x48, 0x05,
  0x00, 0x00, 0x48, 0x05, 0x00, 0x00, 0x3a, 0x0a, 0x00, 0x00, 0x3a, 0x0a,
  0x00, 0x00, 0xa8, 0x0f, 0x00, 0x00, 0xa8, 0x0f, 0x00, 0x00, 0x82, 0x14,
  0x00, 0x00, 0x82, 0x14, 0x00, 0x00, 0x80, 0x18, 0x00, 0x00, 0x80, 0x18,
  0x00, 0x00, 0xa5, 0x1b, 0x00, 0x00, 0xa5, 0x1b, 0x00, 0x00, 0x52, 0x1d,
  0x00, 0x00, 0x52, 0x1d, 0x00, 0x00, 0xfc, 0x1c, 0x00, 0x00, 0xfc, 0x1c,
  0x00, 0x00, 0x19, 0x1b, 0x00, 0x00, 0x19, 0x1b, 0x00, 0x00, 0x51, 0x18,
  0x00, 0x00, 0x51, 0x18, 0x00, 0x00, 0x87, 0x14, 0x00, 0x00, 0x87, 0x14,
  0x00, 0x00, 0xa1, 0x0f, 0x00, 0x00, 0xa1, 0x0f, 0x00, 0x00, 0xbd, 0x0a,
  0x00, 0x00, 0xbd, 0x0a, 0x00, 0x00, 0x2c, 0x07, 0x00, 0x00, 0x2c, 0x07,
  0x00, 0x00, 0xea, 0x04, 0x00, 0x00, 0xea, 0x04, 0x00, 0x00, 0x3b, 0x03,
  0x00, 0x00, 0x3b, 0x03, 0x00, 0x00, 0x41, 0x02, 0x00, 0x00, 0x41, 0x02,
  0x00, 0x00, 0xa8, 0x02, 0x00, 0x00, 0xa8, 0x02, 0x00, 0x00, 0x15, 0x04,
  0x00, 0x00, 0x15, 0x04, 0x00, 0x00, 0x72, 0x05, 0x00, 0x00, 0x72, 0x05,
  0x00, 0x00, 0x6f, 0x06, 0x00, 0x00, 0x6f, 0x06, 0x00, 0x00, 0x68, 0x07,
  0x00, 0x00, 0x68, 0x07, 0x00, 0x00, 0x07, 0x08, 0x00, 0x00, 0x07, 0x08,
  0x00, 0x00, 0x93, 0x07, 0x00, 0x00, 0x93, 0x07, 0x00, 0x00, 0x62, 0x06,
  0x00, 0x00, 0x62, 0x06, 0x00, 0x00, 0x69, 0x05, 0x00, 0x00, 0x69, 0x05,
  0x00, 0x00, 0xcf, 0x04, 0x00, 0x00, 0xcf, 0x04, 0x00, 0x00, 0x18, 0x04,
  0x00, 0x00, 0x18, 0x04, 0x00, 0x00, 0x79, 0x03, 0x00, 0x00, 0x79, 0x03,
  0x00, 0x00, 0xba, 0x03, 0x00, 0x00, 0xba, 0x03, 0x00, 0x00, 0xdb, 0x04,
  0x00, 0x00, 0xdb, 0x04, 0x00, 0x00, 0x14, 0x06, 0x00, 0x00, 0x14, 0x06,
  0x00, 0x00, 0x21, 0x07, 0x00, 0x00, 0x21, 0x07, 0x00, 0x00, 0x4f, 0x08,
  0x00, 0x00, 0x4f, 0x08, 0x00, 0x00, 0x59, 0x09, 0x00, 0x00, 0x59, 0x09,
  0x00, 0x00, 0x70, 0x09, 0x00, 0x00, 0x70, 0x09, 0x00, 0x00, 0x5c, 0x08,
  0x00, 0x00, 0x5c, 0x08, 0x00, 0x00, 0x9f, 0x06, 0x00, 0x00, 0x9f, 0x06,
  0x00, 0x00, 0x58, 0x04, 0x00, 0x00, 0x58, 0x04, 0x00, 0x00, 0x40, 0x01,
  0x00, 0x00, 0x40, 0x01, 0x00, 0x00, 0x9b, 0xfd, 0x00, 0x00, 0x9b, 0xfd,
  0x00, 0x00, 0x27, 0xfa, 0x00, 0x00, 0x27, 0xfa, 0x00, 0x00, 0x22, 0xf7,
  0x00, 0x00, 0x22, 0xf7, 0x00, 0x00, 0x48, 0xf4, 0x00, 0x00, 0x48, 0xf4,
  0x00, 0x00, 0xc8, 0xf1, 0x00, 0x00, 0xc8, 0xf1, 0x00, 0x00, 0x41, 0xf0,
  0x00, 0x00, 0x41, 0xf0, 0x00, 0x00, 0xc9, 0xef, 0x00, 0x00, 0xc9, 0xef,
  0x00, 0x00, 0xc7, 0xef, 0x00, 0x00, 0xc7, 0xef, 0x00, 0x00, 0xe1, 0xef,
  0x00, 0x00, 0xe1, 0xef, 0x00, 0x00, 0x6c, 0xf0, 0x00, 0x00, 0x6c, 0xf0,
  0x00, 0x00, 0x9a, 0xf1, 0x00, 0x00, 0x9a, 0xf1, 0x00, 0x00, 0xfc, 0xf2,
  0x00, 0x00, 0xfc, 0xf2, 0x00, 0x00, 0x2b, 0xf4, 0x00, 0x00, 0x2b, 0xf4,
  0x00, 0x00, 0x39, 0xf5, 0x00, 0x00, 0x39, 0xf5, 0x00, 0x00, 0x58, 0xf6,
  0x00, 0x00, 0x58, 0xf6, 0x00, 0x00, 0x5e, 0xf7, 0x00, 0x00, 0x5e, 0xf7,
  0x00, 0x00, 0x10, 0xf8, 0x00, 0x00, 0x10, 0xf8, 0x00, 0x00, 0xa3, 0xf8,
  0x00, 0x00, 0xa3, 0xf8, 0x00, 0x00, 0x59, 0xf9, 0x00, 0x00, 0x59, 0xf9,
  0x00, 0x00, 0xfb, 0xf9, 0x00, 0x00, 0xfb, 0xf9, 0x00, 0x00, 0x3a, 0xfa,
  0x00, 0x00, 0x3a, 0xfa, 0x00, 0x00, 0x53, 0xfa, 0x00, 0x00, 0x53, 0xfa,
  0x00, 0x00, 0xb8, 0xfa, 0x00, 0x00, 0xb8, 0xfa, 0x00, 0x00, 0x4c, 0xfb,
  0x00, 0x00, 0x4c, 0xfb, 0x00, 0x00, 0x8e, 0xfb, 0x00, 0x00, 0x8e, 0xfb,
  0x00, 0x00, 0x7c, 0xfb, 0x00, 0x00, 0x7c, 0xfb, 0x00, 0x00, 0x98, 0xfb,
  0x00, 0x00, 0x98, 0xfb, 0x00, 0x00, 0xec, 0xfb, 0x00, 0x00, 0xec, 0xfb,
  0x00, 0x00, 0x02, 0xfc, 0x00, 0x00, 0x02, 0xfc, 0x00, 0x00, 0xcb, 0xfb,
  0x00, 0x00, 0xcb, 0xfb, 0x00, 0x00, 0xbf, 0xfb, 0x00, 0x00, 0xbf, 0xfb,
  0x00, 0x00, 0xe9, 0xfb, 0x00, 0x00, 0xe9, 0xfb, 0x00, 0x00, 0xcb, 0xfb,
  0x00, 0x00, 0xcb, 0xfb, 0x00, 0x00, 0x5f, 0xfb, 0x00, 0x00, 0x5f, 0xfb,
  0x00, 0x00, 0x37, 0xfb, 0x00, 0x00, 0x37, 0xfb, 0x00, 0x00, 0x70, 0xfb,
  0x00, 0x00, 0x70, 0xfb, 0x00, 0x00, 0x91, 0xfb, 0x00, 0x00, 0x91, 0xfb,
  0x00, 0x00, 0x7f, 0xfb, 0x00, 0x00, 0x7f, 0xfb, 0x00, 0x00, 0xac, 0xfb,
  0x00, 0x00, 0xac, 0xfb, 0x00, 0x00, 0x26, 0xfc, 0x00, 0x00, 0x26, 0xfc,
  0x00, 0x00, 0x91, 0xfc, 0x00, 0x00, 0x91, 0xfc, 0x00, 0x00, 0xf1, 0xfc,
  0x00, 0x00, 0xf1, 0xfc, 0x00, 0x00, 0x9d, 0xfd, 0x00, 0x00, 0x9d, 0xfd,
  0x00, 0x00, 0x71, 0xfe, 0x00, 0x00, 0x71, 0xfe, 0x00, 0x00, 0xed, 0xfe,
  0x00, 0x00, 0xed, 0xfe, 0x00, 0x00, 0x33, 0xff, 0x00, 0x00, 0x33, 0xff,
  0x00, 0x00, 0xc6, 0xff, 0x00, 0x00, 0xc6, 0xff, 0x00, 0x00, 0x88, 0x00,
  0x00, 0x00, 0x88, 0x00, 0x00, 0x00, 0xe9, 0x00, 0x00, 0x00, 0xe9, 0x00,
  0x00, 0x00, 0xdf, 0x00, 0x00, 0x00, 0xdf, 0x00, 0x00, 0x00, 0xe4, 0x00,
  0x00, 0x00, 0xe4, 0x00, 0x00, 0x00, 0xfe, 0x00, 0x00, 0x00, 0xfe, 0x00,
  0x00, 0x00, 0xdf, 0x00, 0x00, 0x00, 0xdf, 0x00, 0x00, 0x00, 0xb2, 0x00,
  0x00, 0x00, 0xb2, 0x00, 0x00, 0x00, 0xbb, 0x00, 0x00, 0x00, 0xbb, 0x00,
  0x00, 0x00, 0xbf, 0x00, 0x00, 0x00, 0xbf, 0x00, 0x00, 0x00, 0x68, 0x00,
  0x00, 0x00, 0x68, 0x00, 0x00, 0x00, 0x02, 0x00, 0x00, 0x00, 0x02, 0x00,
  0x00, 0x00, 0x03, 0x00, 0x00, 0x00, 0x03, 0x00, 0x00, 0x00, 0x3b, 0x00,
  0x00, 0x00, 0x3b, 0x00, 0x00, 0x00, 0x2c, 0x00, 0x00, 0x00, 0x2c, 0x00,
  0x00, 0x00, 0xdd, 0xff, 0x00, 0x00, 0xdd, 0xff, 0x00, 0x00, 0xac, 0xff,
  0x00, 0x00, 0xac, 0xff, 0x00, 0x00, 0xac, 0xff, 0x00, 0x00, 0xac, 0xff,
  0x00, 0x00, 0xa9, 0xff, 0x00, 0x00, 0xa9, 0xff, 0x00, 0x00, 0x93, 0xff,
  0x00, 0x00, 0x93, 0xff, 0x00, 0x00, 0x76, 0xff, 0x00, 0x00, 0x76, 0xff,
  0x00, 0x00, 0x37, 0xff, 0x00, 0x00, 0x37, 0xff, 0x00, 0x00, 0xe0, 0xfe,
  0x00, 0x00, 0xe0, 0xfe, 0x00, 0x00, 0xac, 0xfe, 0x00, 0x00, 0xac, 0xfe,
  0x00, 0x00, 0xb2, 0xfe, 0x00, 0x00, 0xb2, 0xfe, 0x00, 0x00, 0xc0, 0xfe,
  0x00, 0x00, 0xc0, 0xfe, 0x00, 0x00, 0xa3, 0xfe, 0x00, 0x00, 0xa3, 0xfe,
  0x00, 0x00, 0x70, 0xfe, 0x00, 0x00, 0x70, 0xfe, 0x00, 0x00, 0x4f, 0xfe,
  0x00, 0x00, 0x4f, 0xfe, 0x00, 0x00, 0x5b, 0xfe, 0x00, 0x00, 0x5b, 0xfe,
  0x00, 0x00, 0x8d, 0xfe, 0x00, 0x00, 0x8d, 0xfe, 0x00, 0x00, 0xc1, 0xfe,
  0x00, 0x00, 0xc1, 0xfe, 0x00, 0x00, 0xbf, 0xfe, 0x00, 0x00, 0xbf, 0xfe,
  0x00, 0x00, 0x95, 0xfe, 0x00, 0x00, 0x95, 0xfe, 0x00, 0x00, 0x94, 0xfe,
  0x00, 0x00, 0x94, 0xfe, 0x00, 0x00, 0xd3, 0xfe, 0x00, 0x00, 0xd3, 0xfe,
  0x00, 0x00, 0x0a, 0xff, 0x00, 0x00, 0x0a, 0xff, 0x00, 0x00, 0xf6, 0xfe,
  0x00, 0x00, 0xf6, 0xfe, 0x00, 0x00, 0xbc, 0xfe, 0x00, 0x00, 0xbc, 0xfe,
  0x00, 0x00, 0xa1, 0xfe, 0x00, 0x00, 0xa1, 0xfe, 0x00, 0x00, 0xa0, 0xfe,
  0x00, 0x00, 0xa0, 0xfe, 0x00, 0x00, 0x9f, 0xfe, 0x00, 0x00, 0x9f, 0xfe,
  0x00, 0x00, 0x8b, 0xfe, 0x00, 0x00, 0x8b, 0xfe, 0x00, 0x00, 0x6d, 0xfe,
  0x00, 0x00, 0x6d, 0xfe, 0x00, 0x00, 0x46, 0xfe, 0x00, 0x00, 0x46, 0xfe,
  0x00, 0x00, 0x21, 0xfe, 0x00, 0x00, 0x21, 0xfe, 0x00, 0x00, 0x0f, 0xfe,
  0x00, 0x00, 0x0f, 0xfe, 0x00, 0x00, 0xf8, 0xfd, 0x00, 0x00, 0xf8, 0xfd,
  0x00, 0x00, 0xb5, 0xfd, 0x00, 0x00, 0xb5, 0xfd, 0x00, 0x00, 0x32, 0xfd,
  0x00, 0x00, 0x32, 0xfd, 0x00, 0x00, 0x94, 0xfc, 0x00, 0x00, 0x94, 0xfc,
  0x00, 0x00, 0xff, 0xfb, 0x00, 0x00, 0xff, 0xfb, 0x00, 0x00, 0xa6, 0xfb,
  0x00, 0x00, 0xa6, 0xfb, 0x00, 0x00, 0xcb, 0xfb, 0x00, 0x00, 0xcb, 0xfb,
  0x00, 0x00, 0x81, 0xfc, 0x00, 0x00, 0x81, 0xfc, 0x00, 0x00, 0xd4, 0xfd,
  0x00, 0x00, 0xd4, 0xfd, 0x00, 0x00, 0xf3, 0xff, 0x00, 0x00, 0xf3, 0xff,
  0x00, 0x00, 0x04, 0x03, 0x00, 0x00, 0x04, 0x03, 0x00, 0x00, 0xe1, 0x06,
  0x00, 0x00, 0xe1, 0x06, 0x00, 0x00, 0x1e, 0x0b, 0x00, 0x00, 0x1e, 0x0b,
  0x00, 0x00, 0x5e, 0x0f, 0x00, 0x00, 0x5e, 0x0f, 0x00, 0x00, 0x68, 0x13,
  0x00, 0x00, 0x68, 0x13, 0x00, 0x00, 0xc1, 0x16, 0x00, 0x00, 0xc1, 0x16,
  0x00, 0x00, 0xd2, 0x18, 0x00, 0x00, 0xd2, 0x18, 0x00, 0x00, 0x8d, 0x19,
  0x00, 0x00, 0x8d, 0x19, 0x00, 0x00, 0x42, 0x19, 0x00, 0x00, 0x42, 0x19,
  0x00, 0x00, 0xe2, 0x17, 0x00, 0x00, 0xe2, 0x17, 0x00, 0x00, 0x1d, 0x15,
  0x00, 0x00, 0x1d, 0x15, 0x00, 0x00, 0x3d, 0x11, 0x00, 0x00, 0x3d, 0x11,
  0x00, 0x00, 0x4d, 0x0d, 0x00, 0x00, 0x4d, 0x0d, 0x00, 0x00, 0x03, 0x0a,
  0x00, 0x00, 0x03, 0x0a, 0x00, 0x00, 0x37, 0x07, 0x00, 0x00, 0x37, 0x07,
  0x00, 0x00, 0xdb, 0x04, 0x00, 0x00, 0xdb, 0x04, 0x00, 0x00, 0x6c, 0x03,
  0x00, 0x00, 0x6c, 0x03, 0x00, 0x00, 0x31, 0x03, 0x00, 0x00, 0x31, 0x03,
  0x00, 0x00, 0xaf, 0x03, 0x00, 0x00, 0xaf, 0x03, 0x00, 0x00, 0x71, 0x04,
  0x00, 0x00, 0x71, 0x04, 0x00, 0x00, 0x90, 0x05, 0x00, 0x00, 0x90, 0x05,
  0x00, 0x00, 0xe6, 0x06, 0x00, 0x00, 0xe6, 0x06, 0x00, 0x00, 0xae, 0x07,
  0x00, 0x00, 0xae, 0x07, 0x00, 0x00, 0x8e, 0x07, 0x00, 0x00, 0x8e, 0x07,
  0x00, 0x00, 0x14, 0x07, 0x00, 0x00, 0x14, 0x07, 0x00, 0x00, 0xb4, 0x06,
  0x00, 0x00, 0xb4, 0x06, 0x00, 0x00, 0x14, 0x06, 0x00, 0x00, 0x14, 0x06,
  0x00, 0x00, 0xe4, 0x04, 0x00, 0x00, 0xe4, 0x04, 0x00, 0x00, 0xd1, 0x03,
  0x00, 0x00, 0xd1, 0x03, 0x00, 0x00, 0x97, 0x03, 0x00, 0x00, 0x97, 0x03,
  0x00, 0x00, 0xf9, 0x03, 0x00, 0x00, 0xf9, 0x03, 0x00, 0x00, 0x6c, 0x04,
  0x00, 0x00, 0x6c, 0x04, 0x00, 0x00, 0x15, 0x05, 0x00, 0x00, 0x15, 0x05,
  0x00, 0x00, 0x39, 0x06, 0x00, 0x00, 0x39, 0x06, 0x00, 0x00, 0x64, 0x07,
  0x00, 0x00, 0x64, 0x07, 0x00, 0x00, 0x06, 0x08, 0x00, 0x00, 0x06, 0x08,
  0x00, 0x00, 0x1d, 0x08, 0x00, 0x00, 0x1d, 0x08, 0x00, 0x00, 0xbb, 0x07,
  0x00, 0x00, 0xbb, 0x07, 0x00, 0x00, 0x96, 0x06, 0x00, 0x00, 0x96, 0x06,
  0x00, 0x00, 0x7f, 0x04, 0x00, 0x00, 0x7f, 0x04, 0x00, 0x00, 0xe2, 0x01,
  0x00, 0x00, 0xe2, 0x01, 0x00, 0x00, 0x34, 0xff, 0x00, 0x00, 0x34, 0xff,
  0x00, 0x00, 0x5b, 0xfc, 0x00, 0x00, 0x5b, 0xfc, 0x00, 0x00, 0x43, 0xf9,
  0x00, 0x00, 0x43, 0xf9, 0x00, 0x00, 0x5e, 0xf6, 0x00, 0x00, 0x5e, 0xf6,
  0x00, 0x00, 0x28, 0xf4, 0x00, 0x00, 0x28, 0xf4, 0x00, 0x00, 0xa6, 0xf2,
  0x00, 0x00, 0xa6, 0xf2, 0x00, 0x00, 0xa4, 0xf1, 0x00, 0x00, 0xa4, 0xf1,
  0x00, 0x00, 0x24, 0xf1, 0x00, 0x00, 0x24, 0xf1, 0x00, 0x00, 0x34, 0xf1,
  0x00, 0x00, 0x34, 0xf1, 0x00, 0x00, 0xad, 0xf1, 0x00, 0x00, 0xad, 0xf1,
  0x00, 0x00, 0x70, 0xf2, 0x00, 0x00, 0x70, 0xf2, 0x00, 0x00, 0x78, 0xf3,
  0x00, 0x00, 0x78, 0xf3, 0x00, 0x00, 0x9b, 0xf4, 0x00, 0x00, 0x9b, 0xf4,
  0x00, 0x00, 0x89, 0xf5, 0x00, 0x00, 0x89, 0xf5, 0x00, 0x00, 0x41, 0xf6,
  0x00, 0x00, 0x41, 0xf6, 0x00, 0x00, 0xf5, 0xf6, 0x00, 0x00, 0xf5, 0xf6,
  0x00, 0x00, 0xa5, 0xf7, 0x00, 0x00, 0xa5, 0xf7, 0x00, 0x00, 0x25, 0xf8,
  0x00, 0x00, 0x25, 0xf8, 0x00, 0x00, 0x7b, 0xf8, 0x00, 0x00, 0x7b, 0xf8,
  0x00, 0x00, 0xd2, 0xf8, 0x00, 0x00, 0xd2, 0xf8, 0x00, 0x00, 0x2a, 0xf9,
  0x00, 0x00, 0x2a, 0xf9, 0x00, 0x00, 0x6d, 0xf9, 0x00, 0x00, 0x6d, 0xf9,
  0x00, 0x00, 0xb8, 0xf9, 0x00, 0x00, 0xb8, 0xf9, 0x00, 0x00, 0x37, 0xfa,
  0x00, 0x00, 0x37, 0xfa, 0x00, 0x00, 0xb6, 0xfa, 0x00, 0x00, 0xb6, 0xfa,
  0x00, 0x00, 0x06, 0xfb, 0x00, 0x00, 0x06, 0xfb, 0x00, 0x00, 0x48, 0xfb,
  0x00, 0x00, 0x48, 0xfb, 0x00, 0x00, 0xa8, 0xfb, 0x00, 0x00, 0xa8, 0xfb,
  0x00, 0x00, 0x02, 0xfc, 0x00, 0x00, 0x02, 0xfc, 0x00, 0x00, 0x17, 0xfc,
  0x00, 0x00, 0x17, 0xfc, 0x00, 0x00, 0x0e, 0xfc, 0x00, 0x00, 0x0e, 0xfc,
  0x00, 0x00, 0x12, 0xfc, 0x00, 0x00, 0x12, 0xfc, 0x00, 0x00, 0x01, 0xfc,
  0x00, 0x00, 0x01, 0xfc, 0x00, 0x00, 0xb1, 0xfb, 0x00, 0x00, 0xb1, 0xfb,
  0x00, 0x00, 0x5f, 0xfb, 0x00, 0x00, 0x5f, 0xfb, 0x00, 0x00, 0x4f, 0xfb,
  0x00, 0x00, 0x4f, 0xfb, 0x00, 0x00, 0x5b, 0xfb, 0x00, 0x00, 0x5b, 0xfb,
  0x00, 0x00, 0x4b, 0xfb, 0x00, 0x00, 0x4b, 0xfb, 0x00, 0x00, 0x3c, 0xfb,
  0x00, 0x00, 0x3c, 0xfb, 0x00, 0x00, 0x6f, 0xfb, 0x00, 0x00, 0x6f, 0xfb,
  0x00, 0x00, 0xe0, 0xfb, 0x00, 0x00, 0xe0, 0xfb, 0x00, 0x00, 0x68, 0xfc,
  0x00, 0x00, 0x68, 0xfc, 0x00, 0x00, 0xf8, 0xfc, 0x00, 0x00, 0xf8, 0xfc,
  0x00, 0x00, 0x8e, 0xfd, 0x00, 0x00, 0x8e, 0xfd, 0x00, 0x00, 0x1e, 0xfe,
  0x00, 0x00, 0x1e, 0xfe, 0x00, 0x00, 0xb2, 0xfe, 0x00, 0x00, 0xb2, 0xfe,
  0x00, 0x00, 0x51, 0xff, 0x00, 0x00, 0x51, 0xff, 0x00, 0x00, 0xe3, 0xff,
  0x00, 0x00, 0xe3, 0xff, 0x00, 0x00, 0x3e, 0x00, 0x00, 0x00, 0x3e, 0x00,
  0x00, 0x00, 0x6a, 0x00, 0x00, 0x00, 0x6a, 0x00, 0x00, 0x00, 0x90, 0x00,
  0x00, 0x00, 0x90, 0x00, 0x00, 0x00, 0xb8, 0x00, 0x00, 0x00, 0xb8, 0x00,
  0x00, 0x00, 0xd1, 0x00, 0x00, 0x00, 0xd1, 0x00, 0x00, 0x00, 0xd3, 0x00,
  0x00, 0x00, 0xd3, 0x00, 0x00, 0x00, 0xc6, 0x00, 0x00, 0x00, 0xc6, 0x00,
  0x00, 0x00, 0xa2, 0x00, 0x00, 0x00, 0xa2, 0x00, 0x00, 0x00, 0x77, 0x00,
  0x00, 0x00, 0x77, 0x00, 0x00, 0x00, 0x79, 0x00, 0x00, 0x00, 0x79, 0x00,
  0x00, 0x00, 0x9a, 0x00, 0x00, 0x00, 0x9a, 0x00, 0x00, 0x00, 0x89, 0x00,
  0x00, 0x00, 0x89, 0x00, 0x00, 0x00, 0x36, 0x00, 0x00, 0x00, 0x36, 0x00,
  0x00, 0x00, 0x04, 0x00, 0x00, 0x00, 0x04, 0x00, 0x00, 0x00, 0x26, 0x00,
  0x00, 0x00, 0x26, 0x00, 0x00, 0x00, 0x41, 0x00, 0x00, 0x00, 0x41, 0x00,
  0x00, 0x00, 0xfb, 0xff, 0x00, 0x00, 0xfb, 0xff, 0x00, 0x00, 0x8d, 0xff,
  0x00, 0x00, 0x8d, 0xff, 0x00, 0x00, 0x5e, 0xff, 0x00, 0x00, 0x5e, 0xff,
  0x00, 0x00, 0x57, 0xff, 0x00, 0x00, 0x57, 0xff, 0x00, 0x00, 0x39, 0xff,
  0x00, 0x00, 0x39, 0xff, 0x00, 0x00, 0x09, 0xff, 0x00, 0x00, 0x09, 0xff,
  0x00, 0x00, 0xea, 0xfe, 0x00, 0x00, 0xea, 0xfe, 0x00, 0x00, 0xcd, 0xfe,
  0x00, 0x00, 0xcd, 0xfe, 0x00, 0x00, 0x96, 0xfe, 0x00, 0x00, 0x96, 0xfe,
  0x00, 0x00, 0x83, 0xfe, 0x00, 0x00, 0x83, 0xfe, 0x00, 0x00, 0xaf, 0xfe,
  0x00, 0x00, 0xaf, 0xfe, 0x00, 0x00, 0xd7, 0xfe, 0x00, 0x00, 0xd7, 0xfe,
  0x00, 0x00, 0xb5, 0xfe, 0x00, 0x00, 0xb5, 0xfe, 0x00, 0x00, 0x88, 0xfe,
  0x00, 0x00, 0x88, 0xfe, 0x00, 0x00, 0xb2, 0xfe, 0x00, 0x00, 0xb2, 0xfe,
  0x00, 0x00, 0x09, 0xff, 0x00, 0x00, 0x09, 0xff, 0x00, 0x00, 0x28, 0xff,
  0x00, 0x00, 0x28, 0xff, 0x00, 0x00, 0x00, 0xff, 0x00, 0x00, 0x00, 0xff,
  0x00, 0x00, 0xe6, 0xfe, 0x00, 0x00, 0xe6, 0xfe, 0x00, 0x00, 0xfb, 0xfe,
  0x00, 0x00, 0xfb, 0xfe, 0x00, 0x00, 0x0a, 0xff, 0x00, 0x00, 0x0a, 0xff,
  0x00, 0x00, 0xf7, 0xfe, 0x00, 0x00, 0xf7, 0xfe, 0x00, 0x00, 0xdc, 0xfe,
  0x00, 0x00, 0xdc, 0xfe, 0x00, 0x00, 0xc4, 0xfe, 0x00, 0x00, 0xc4, 0xfe,
  0x00, 0x00, 0xa0, 0xfe, 0x00, 0x00, 0xa0, 0xfe, 0x00, 0x00, 0x81, 0xfe,
  0x00, 0x00, 0x81, 0xfe, 0x00, 0x00, 0x6f, 0xfe, 0x00, 0x00, 0x6f, 0xfe,
  0x00, 0x00, 0x61, 0xfe, 0x00, 0x00, 0x61, 0xfe, 0x00, 0x00, 0x41, 0xfe,
  0x00, 0x00, 0x41, 0xfe, 0x00, 0x00, 0x1f, 0xfe, 0x00, 0x00, 0x1f, 0xfe,
  0x00, 0x00, 0x0c, 0xfe, 0x00, 0x00, 0x0c, 0xfe, 0x00, 0x00, 0xde, 0xfd,
  0x00, 0x00, 0xde, 0xfd, 0x00, 0x00, 0x93, 0xfd, 0x00, 0x00, 0x93, 0xfd,
  0x00, 0x00, 0x47, 0xfd, 0x00, 0x00, 0x47, 0xfd, 0x00, 0x00, 0xec, 0xfc,
  0x00, 0x00, 0xec, 0xfc, 0x00, 0x00, 0x69, 0xfc, 0x00, 0x00, 0x69, 0xfc,
  0x00, 0x00, 0xf4, 0xfb, 0x00, 0x00, 0xf4, 0xfb, 0x00, 0x00, 0x08, 0xfc,
  0x00, 0x00, 0x08, 0xfc, 0x00, 0x00, 0xc8, 0xfc, 0x00, 0x00, 0xc8, 0xfc,
  0x00, 0x00, 0xf4, 0xfd, 0x00, 0x00, 0xf4, 0xfd, 0x00, 0x00, 0xa1, 0xff,
  0x00, 0x00, 0xa1, 0xff, 0x00, 0x00, 0x39, 0x02, 0x00, 0x00, 0x39, 0x02,
  0x00, 0x00, 0xb3, 0x05, 0x00, 0x00, 0xb3, 0x05, 0x00, 0x00, 0x6c, 0x09,
  0x00, 0x00, 0x6c, 0x09, 0x00, 0x00, 0x09, 0x0d, 0x00, 0x00, 0x09, 0x0d,
  0x00, 0x00, 0xa4, 0x10, 0x00, 0x00, 0xa4, 0x10, 0x00, 0x00, 0xf0, 0x13,
  0x00, 0x00, 0xf0, 0x13, 0x00, 0x00, 0x23, 0x16, 0x00, 0x00, 0x23, 0x16,
  0x00, 0x00, 0x04, 0x17, 0x00, 0x00, 0x04, 0x17, 0x00, 0x00, 0x0d, 0x17,
  0x00, 0x00, 0x0d, 0x17, 0x00, 0x00, 0x50, 0x16, 0x00, 0x00, 0x50, 0x16,
  0x00, 0x00, 0x4a, 0x14, 0x00, 0x00, 0x4a, 0x14, 0x00, 0x00, 0x16, 0x11,
  0x00, 0x00, 0x16, 0x11, 0x00, 0x00, 0xc0, 0x0d, 0x00, 0x00, 0xc0, 0x0d,
  0x00, 0x00, 0xf3, 0x0a, 0x00, 0x00, 0xf3, 0x0a, 0x00, 0x00, 0x5b, 0x08,
  0x00, 0x00, 0x5b, 0x08, 0x00, 0x00, 0xe2, 0x05, 0x00, 0x00, 0xe2, 0x05,
  0x00, 0x00, 0x41, 0x04, 0x00, 0x00, 0x41, 0x04, 0x00, 0x00, 0xe5, 0x03,
  0x00, 0x00, 0xe5, 0x03, 0x00, 0x00, 0x3b, 0x04, 0x00, 0x00, 0x3b, 0x04,
  0x00, 0x00, 0xa8, 0x04, 0x00, 0x00, 0xa8, 0x04, 0x00, 0x00, 0x5b, 0x05,
  0x00, 0x00, 0x5b, 0x05, 0x00, 0x00, 0x6e, 0x06, 0x00, 0x00, 0x6e, 0x06,
  0x00, 0x00, 0x4b, 0x07, 0x00, 0x00, 0x4b, 0x07, 0x00, 0x00, 0x71, 0x07,
  0x00, 0x00, 0x71, 0x07, 0x00, 0x00, 0x30, 0x07, 0x00, 0x00, 0x30, 0x07,
  0x00, 0x00, 0xe9, 0x06, 0x00, 0x00, 0xe9, 0x06, 0x00, 0x00, 0x51, 0x06,
  0x00, 0x00, 0x51, 0x06, 0x00, 0x00, 0x3d, 0x05, 0x00, 0x00, 0x3d, 0x05,
  0x00, 0x00, 0x2f, 0x04, 0x00, 0x00, 0x2f, 0x04, 0x00, 0x00, 0xc8, 0x03,
  0x00, 0x00, 0xc8, 0x03, 0x00, 0x00, 0xe4, 0x03, 0x00, 0x00, 0xe4, 0x03,
  0x00, 0x00, 0x15, 0x04, 0x00, 0x00, 0x15, 0x04, 0x00, 0x00, 0x7a, 0x04,
  0x00, 0x00, 0x7a, 0x04, 0x00, 0x00, 0x4e, 0x05, 0x00, 0x00, 0x4e, 0x05,
  0x00, 0x00, 0x5d, 0x06, 0x00, 0x00, 0x5d, 0x06, 0x00, 0x00, 0x2c, 0x07,
  0x00, 0x00, 0x2c, 0x07, 0x00, 0x00, 0x81, 0x07, 0x00, 0x00, 0x81, 0x07,
  0x00, 0x00, 0x62, 0x07, 0x00, 0x00, 0x62, 0x07, 0x00, 0x00, 0xb4, 0x06,
  0x00, 0x00, 0xb4, 0x06, 0x00, 0x00, 0x49, 0x05, 0x00, 0x00, 0x49, 0x05,
  0x00, 0x00, 0x3f, 0x03, 0x00, 0x00, 0x3f, 0x03, 0x00, 0x00, 0xe0, 0x00,
  0x00, 0x00, 0xe0, 0x00, 0x00, 0x00, 0x55, 0xfe, 0x00, 0x00, 0x55, 0xfe,
  0x00, 0x00, 0xa4, 0xfb, 0x00, 0x00, 0xa4, 0xfb, 0x00, 0x00, 0xea, 0xf8,
  0x00, 0x00, 0xea, 0xf8, 0x00, 0x00, 0x81, 0xf6, 0x00, 0x00, 0x81, 0xf6,
  0x00, 0x00, 0xb4, 0xf4, 0x00, 0x00, 0xb4, 0xf4, 0x00, 0x00, 0x89, 0xf3,
  0x00, 0x00, 0x89, 0xf3, 0x00, 0x00, 0xde, 0xf2, 0x00, 0x00, 0xde, 0xf2,
  0x00, 0x00, 0x99, 0xf2, 0x00, 0x00, 0x99, 0xf2, 0x00, 0x00, 0xc6, 0xf2,
  0x00, 0x00, 0xc6, 0xf2, 0x00, 0x00, 0x59, 0xf3, 0x00, 0x00, 0x59, 0xf3,
  0x00, 0x00, 0x28, 0xf4, 0x00, 0x00, 0x28, 0xf4, 0x00, 0x00, 0x0f, 0xf5,
  0x00, 0x00, 0x0f, 0xf5, 0x00, 0x00, 0xf0, 0xf5, 0x00, 0x00, 0xf0, 0xf5,
  0x00, 0x00, 0xba, 0xf6, 0x00, 0x00, 0xba, 0xf6, 0x00, 0x00, 0x5e, 0xf7,
  0x00, 0x00, 0x5e, 0xf7, 0x00, 0x00, 0xda, 0xf7, 0x00, 0x00, 0xda, 0xf7,
  0x00, 0x00, 0x3e, 0xf8, 0x00, 0x00, 0x3e, 0xf8, 0x00, 0x00, 0x91, 0xf8,
  0x00, 0x00, 0x91, 0xf8, 0x00, 0x00, 0xcd, 0xf8, 0x00, 0x00, 0xcd, 0xf8,
  0x00, 0x00, 0xfb, 0xf8, 0x00, 0x00, 0xfb, 0xf8, 0x00, 0x00, 0x38, 0xf9,
  0x00, 0x00, 0x38, 0xf9, 0x00, 0x00, 0x95, 0xf9, 0x00, 0x00, 0x95, 0xf9,
  0x00, 0x00, 0xfe, 0xf9, 0x00, 0x00, 0xfe, 0xf9, 0x00, 0x00, 0x68, 0xfa,
  0x00, 0x00, 0x68, 0xfa, 0x00, 0x00, 0xe0, 0xfa, 0x00, 0x00, 0xe0, 0xfa,
  0x00, 0x00, 0x69, 0xfb, 0x00, 0x00, 0x69, 0xfb, 0x00, 0x00, 0xe3, 0xfb,
  0x00, 0x00, 0xe3, 0xfb, 0x00, 0x00, 0x2c, 0xfc, 0x00, 0x00, 0x2c, 0xfc,
  0x00, 0x00, 0x5b, 0xfc, 0x00, 0x00, 0x5b, 0xfc, 0x00, 0x00, 0x80, 0xfc,
  0x00, 0x00, 0x80, 0xfc, 0x00, 0x00, 0x83, 0xfc, 0x00, 0x00, 0x83, 0xfc,
  0x00, 0x00, 0x5f, 0xfc, 0x00, 0x00, 0x5f, 0xfc, 0x00, 0x00, 0x34, 0xfc,
  0x00, 0x00, 0x34, 0xfc, 0x00, 0x00, 0x0e, 0xfc, 0x00, 0x00, 0x0e, 0xfc,
  0x00, 0x00, 0xcf, 0xfb, 0x00, 0x00, 0xcf, 0xfb, 0x00, 0x00, 0x87, 0xfb,
  0x00, 0x00, 0x87, 0xfb, 0x00, 0x00, 0x71, 0xfb, 0x00, 0x00, 0x71, 0xfb,
  0x00, 0x00, 0x9c, 0xfb, 0x00, 0x00, 0x9c, 0xfb, 0x00, 0x00, 0xd0, 0xfb,
  0x00, 0x00, 0xd0, 0xfb, 0x00, 0x00, 0xf9, 0xfb, 0x00, 0x00, 0xf9, 0xfb,
  0x00, 0x00, 0x48, 0xfc, 0x00, 0x00, 0x48, 0xfc, 0x00, 0x00, 0xe0, 0xfc,
  0x00, 0x00, 0xe0, 0xfc, 0x00, 0x00, 0x8f, 0xfd, 0x00, 0x00, 0x8f, 0xfd,
  0x00, 0x00, 0x1b, 0xfe, 0x00, 0x00, 0x1b, 0xfe, 0x00, 0x00, 0x9c, 0xfe,
  0x00, 0x00, 0x9c, 0xfe, 0x00, 0x00, 0x2b, 0xff, 0x00, 0x00, 0x2b, 0xff,
  0x00, 0x00, 0xad, 0xff, 0x00, 0x00, 0xad, 0xff, 0x00, 0x00, 0xf9, 0xff,
  0x00, 0x00, 0xf9, 0xff, 0x00, 0x00, 0x2f, 0x00, 0x00, 0x00, 0x2f, 0x00,
  0x00, 0x00, 0x7d, 0x00, 0x00, 0x00, 0x7d, 0x00, 0x00, 0x00, 0xb7, 0x00,
  0x00, 0x00, 0xb7, 0x00, 0x00, 0x00, 0xaf, 0x00, 0x00, 0x00, 0xaf, 0x00,
  0x00, 0x00, 0x84, 0x00, 0x00, 0x00, 0x84, 0x00, 0x00, 0x00, 0x83, 0x00,
  0x00, 0x00, 0x83, 0x00, 0x00, 0x00, 0xa0, 0x00, 0x00, 0x00, 0xa0, 0x00,
  0x00, 0x00, 0x9e, 0x00, 0x00, 0x00, 0x9e, 0x00, 0x00, 0x00, 0x7b, 0x00,
  0x00, 0x00, 0x7b, 0x00, 0x00, 0x00, 0x65, 0x00, 0x00, 0x00, 0x65, 0x00,
  0x00, 0x00, 0x70, 0x00, 0x00, 0x00, 0x70, 0x00, 0x00, 0x00, 0x70, 0x00,
  0x00, 0x00, 0x70, 0x00, 0x00, 0x00, 0x5b, 0x00, 0x00, 0x00, 0x5b, 0x00,
  0x00, 0x00, 0x47, 0x00, 0x00, 0x00, 0x47, 0x00, 0x00, 0x00, 0x37, 0x00,
  0x00, 0x00, 0x37, 0x00, 0x00, 0x00, 0x07, 0x00, 0x00, 0x00, 0x07, 0x00,
  0x00, 0x00, 0xba, 0xff, 0x00, 0x00, 0xba, 0xff, 0x00, 0x00, 0x85, 0xff,
  0x00, 0x00, 0x85, 0xff, 0x00, 0x00, 0x76, 0xff, 0x00, 0x00, 0x76, 0xff,
  0x00, 0x00, 0x53, 0xff, 0x00, 0x00, 0x53, 0xff, 0x00, 0x00, 0x05, 0xff,
  0x00, 0x00, 0x05, 0xff, 0x00, 0x00, 0xc2, 0xfe, 0x00, 0x00, 0xc2, 0xfe,
  0x00, 0x00, 0xb0, 0xfe, 0x00, 0x00, 0xb0, 0xfe, 0x00, 0x00, 0xb8, 0xfe,
  0x00, 0x00, 0xb8, 0xfe, 0x00, 0x00, 0xaf, 0xfe, 0x00, 0x00, 0xaf, 0xfe,
  0x00, 0x00, 0x94, 0xfe, 0x00, 0x00, 0x94, 0xfe, 0x00, 0x00, 0x8b, 0xfe,
  0x00, 0x00, 0x8b, 0xfe, 0x00, 0x00, 0x99, 0xfe, 0x00, 0x00, 0x99, 0xfe,
  0x00, 0x00, 0xaf, 0xfe, 0x00, 0x00, 0xaf, 0xfe, 0x00, 0x00, 0xc7, 0xfe,
  0x00, 0x00, 0xc7, 0xfe, 0x00, 0x00, 0xdd, 0xfe, 0x00, 0x00, 0xdd, 0xfe,
  0x00, 0x00, 0xe5, 0xfe, 0x00, 0x00, 0xe5, 0xfe, 0x00, 0x00, 0xe6, 0xfe,
  0x00, 0x00, 0xe6, 0xfe, 0x00, 0x00, 0xeb, 0xfe, 0x00, 0x00, 0xeb, 0xfe,
  0x00, 0x00, 0xf3, 0xfe, 0x00, 0x00, 0xf3, 0xfe, 0x00, 0x00, 0xf1, 0xfe,
  0x00, 0x00, 0xf1, 0xfe, 0x00, 0x00, 0xde, 0xfe, 0x00, 0x00, 0xde, 0xfe,
  0x00, 0x00, 0xc5, 0xfe, 0x00, 0x00, 0xc5, 0xfe, 0x00, 0x00, 0xa7, 0xfe,
  0x00, 0x00, 0xa7, 0xfe, 0x00, 0x00, 0x84, 0xfe, 0x00, 0x00, 0x84, 0xfe,
  0x00, 0x00, 0x67, 0xfe, 0x00, 0x00, 0x67, 0xfe, 0x00, 0x00, 0x5b, 0xfe,
  0x00, 0x00, 0x5b, 0xfe, 0x00, 0x00, 0x54, 0xfe, 0x00, 0x00, 0x54, 0xfe,
  0x00, 0x00, 0x47, 0xfe, 0x00, 0x00, 0x47, 0xfe, 0x00, 0x00, 0x40, 0xfe,
  0x00, 0x00, 0x40, 0xfe, 0x00, 0x00, 0x3f, 0xfe, 0x00, 0x00, 0x3f, 0xfe,
  0x00, 0x00, 0x29, 0xfe, 0x00, 0x00, 0x29, 0xfe, 0x00, 0x00, 0x04, 0xfe,
  0x00, 0x00, 0x04, 0xfe, 0x00, 0x00, 0xe4, 0xfd, 0x00, 0x00, 0xe4, 0xfd,
  0x00, 0x00, 0xb3, 0xfd, 0x00, 0x00, 0xb3, 0xfd, 0x00, 0x00, 0x41, 0xfd,
  0x00, 0x00, 0x41, 0xfd, 0x00, 0x00, 0x9b, 0xfc, 0x00, 0x00, 0x9b, 0xfc,
  0x00, 0x00, 0x2e, 0xfc, 0x00, 0x00, 0x2e, 0xfc, 0x00, 0x00, 0x3d, 0xfc,
  0x00, 0x00, 0x3d, 0xfc, 0x00, 0x00, 0xab, 0xfc, 0x00, 0x00, 0xab, 0xfc,
  0x00, 0x00, 0x60, 0xfd, 0x00, 0x00, 0x60, 0xfd, 0x00, 0x00, 0x9a, 0xfe,
  0x00, 0x00, 0x9a, 0xfe, 0x00, 0x00, 0xa3, 0x00, 0x00, 0x00, 0xa3, 0x00,
  0x00, 0x00, 0x6a, 0x03, 0x00, 0x00, 0x6a, 0x03, 0x00, 0x00, 0xb2, 0x06,
  0x00, 0x00, 0xb2, 0x06, 0x00, 0x00, 0x38, 0x0a, 0x00, 0x00, 0x38, 0x0a,
  0x00, 0x00, 0xb2, 0x0d, 0x00, 0x00, 0xb2, 0x0d, 0x00, 0x00, 0xb1, 0x10,
  0x00, 0x00, 0xb1, 0x10, 0x00, 0x00, 0x01, 0x13, 0x00, 0x00, 0x01, 0x13,
  0x00, 0x00, 0xa7, 0x14, 0x00, 0x00, 0xa7, 0x14, 0x00, 0x00, 0x90, 0x15,
  0x00, 0x00, 0x90, 0x15, 0x00, 0x00, 0x60, 0x15, 0x00, 0x00, 0x60, 0x15,
  0x00, 0x00, 0xe2, 0x13, 0x00, 0x00, 0xe2, 0x13, 0x00, 0x00, 0x84, 0x11,
  0x00, 0x00, 0x84, 0x11, 0x00, 0x00, 0xe7, 0x0e, 0x00, 0x00, 0xe7, 0x0e,
  0x00, 0x00, 0x62, 0x0c, 0x00, 0x00, 0x62, 0x0c, 0x00, 0x00, 0xef, 0x09,
  0x00, 0x00, 0xef, 0x09, 0x00, 0x00, 0x9f, 0x07, 0x00, 0x00, 0x9f, 0x07,
  0x00, 0x00, 0xca, 0x05, 0x00, 0x00, 0xca, 0x05, 0x00, 0x00, 0xcb, 0x04,
  0x00, 0x00, 0xcb, 0x04, 0x00, 0x00, 0xa1, 0x04, 0x00, 0x00, 0xa1, 0x04,
  0x00, 0x00, 0x00, 0x05, 0x00, 0x00, 0x00, 0x05, 0x00, 0x00, 0xa9, 0x05,
  0x00, 0x00, 0xa9, 0x05, 0x00, 0x00, 0x64, 0x06, 0x00, 0x00, 0x64, 0x06,
  0x00, 0x00, 0xfb, 0x06, 0x00, 0x00, 0xfb, 0x06, 0x00, 0x00, 0x50, 0x07,
  0x00, 0x00, 0x50, 0x07, 0x00, 0x00, 0x63, 0x07, 0x00, 0x00, 0x63, 0x07,
  0x00, 0x00, 0x37, 0x07, 0x00, 0x00, 0x37, 0x07, 0x00, 0x00, 0xa6, 0x06,
  0x00, 0x00, 0xa6, 0x06, 0x00, 0x00, 0xa3, 0x05, 0x00, 0x00, 0xa3, 0x05,
  0x00, 0x00, 0x8e, 0x04, 0x00, 0x00, 0x8e, 0x04, 0x00, 0x00, 0xda, 0x03,
  0x00, 0x00, 0xda, 0x03, 0x00, 0x00, 0x91, 0x03, 0x00, 0x00, 0x91, 0x03,
  0x00, 0x00, 0x7c, 0x03, 0x00, 0x00, 0x7c, 0x03, 0x00, 0x00, 0x9a, 0x03,
  0x00, 0x00, 0x9a, 0x03, 0x00, 0x00, 0x1a, 0x04, 0x00, 0x00, 0x1a, 0x04,
  0x00, 0x00, 0xe8, 0x04, 0x00, 0x00, 0xe8, 0x04, 0x00, 0x00, 0xb4, 0x05,
  0x00, 0x00, 0xb4, 0x05, 0x00, 0x00, 0x43, 0x06, 0x00, 0x00, 0x43, 0x06,
  0x00, 0x00, 0x87, 0x06, 0x00, 0x00, 0x87, 0x06, 0x00, 0x00, 0x59, 0x06,
  0x00, 0x00, 0x59, 0x06, 0x00, 0x00, 0x92, 0x05, 0x00, 0x00, 0x92, 0x05,
  0x00, 0x00, 0x3e, 0x04, 0x00, 0x00, 0x3e, 0x04, 0x00, 0x00, 0x8d, 0x02,
  0x00, 0x00, 0x8d, 0x02, 0x00, 0x00, 0x8b, 0x00, 0x00, 0x00, 0x8b, 0x00,
  0x00, 0x00, 0x2f, 0xfe, 0x00, 0x00, 0x2f, 0xfe, 0x00, 0x00, 0xb7, 0xfb,
  0x00, 0x00, 0xb7, 0xfb, 0x00, 0x00, 0x7a, 0xf9, 0x00, 0x00, 0x7a, 0xf9,
  0x00, 0x00, 0x9e, 0xf7, 0x00, 0x00, 0x9e, 0xf7, 0x00, 0x00, 0x18, 0xf6,
  0x00, 0x00, 0x18, 0xf6, 0x00, 0x00, 0xee, 0xf4, 0x00, 0x00, 0xee, 0xf4,
  0x00, 0x00, 0x45, 0xf4, 0x00, 0x00, 0x45, 0xf4, 0x00, 0x00, 0x25, 0xf4,
  0x00, 0x00, 0x25, 0xf4, 0x00, 0x00, 0x64, 0xf4, 0x00, 0x00, 0x64, 0xf4,
  0x00, 0x00, 0xd9, 0xf4, 0x00, 0x00, 0xd9, 0xf4, 0x00, 0x00, 0x80, 0xf5,
  0x00, 0x00, 0x80, 0xf5, 0x00, 0x00, 0x3b, 0xf6, 0x00, 0x00, 0x3b, 0xf6,
  0x00, 0x00, 0xdc, 0xf6, 0x00, 0x00, 0xdc, 0xf6, 0x00, 0x00, 0x60, 0xf7,
  0x00, 0x00, 0x60, 0xf7, 0x00, 0x00, 0xe1, 0xf7, 0x00, 0x00, 0xe1, 0xf7,
  0x00, 0x00, 0x58, 0xf8, 0x00, 0x00, 0x58, 0xf8, 0x00, 0x00, 0x9c, 0xf8,
  0x00, 0x00, 0x9c, 0xf8, 0x00, 0x00, 0xaf, 0xf8, 0x00, 0x00, 0xaf, 0xf8,
  0x00, 0x00, 0xcc, 0xf8, 0x00, 0x00, 0xcc, 0xf8, 0x00, 0x00, 0x0c, 0xf9,
  0x00, 0x00, 0x0c, 0xf9, 0x00, 0x00, 0x5e, 0xf9, 0x00, 0x00, 0x5e, 0xf9,
  0x00, 0x00, 0xab, 0xf9, 0x00, 0x00, 0xab, 0xf9, 0x00, 0x00, 0x01, 0xfa,
  0x00, 0x00, 0x01, 0xfa, 0x00, 0x00, 0x78, 0xfa, 0x00, 0x00, 0x78, 0xfa,
  0x00, 0x00, 0xf8, 0xfa, 0x00, 0x00, 0xf8, 0xfa, 0x00, 0x00, 0x74, 0xfb,
  0x00, 0x00, 0x74, 0xfb, 0x00, 0x00, 0xf5, 0xfb, 0x00, 0x00, 0xf5, 0xfb,
  0x00, 0x00, 0x70, 0xfc, 0x00, 0x00, 0x70, 0xfc, 0x00, 0x00, 0xbe, 0xfc,
  0x00, 0x00, 0xbe, 0xfc, 0x00, 0x00, 0xd9, 0xfc, 0x00, 0x00, 0xd9, 0xfc,
  0x00, 0x00, 0xe9, 0xfc, 0x00, 0x00, 0xe9, 0xfc, 0x00, 0x00, 0xfa, 0xfc,
  0x00, 0x00, 0xfa, 0xfc, 0x00, 0x00, 0xe3, 0xfc, 0x00, 0x00, 0xe3, 0xfc,
  0x00, 0x00, 0x8e, 0xfc, 0x00, 0x00, 0x8e, 0xfc, 0x00, 0x00, 0x3a, 0xfc,
  0x00, 0x00, 0x3a, 0xfc, 0x00, 0x00, 0x12, 0xfc, 0x00, 0x00, 0x12, 0xfc,
  0x00, 0x00, 0x00, 0xfc, 0x00, 0x00, 0x00, 0xfc, 0x00, 0x00, 0xe3, 0xfb,
  0x00, 0x00, 0xe3, 0xfb, 0x00, 0x00, 0xd8, 0xfb, 0x00, 0x00, 0xd8, 0xfb,
  0x00, 0x00, 0x04, 0xfc, 0x00, 0x00, 0x04, 0xfc, 0x00, 0x00, 0x5f, 0xfc,
  0x00, 0x00, 0x5f, 0xfc, 0x00, 0x00, 0xcd, 0xfc, 0x00, 0x00, 0xcd, 0xfc,
  0x00, 0x00, 0x45, 0xfd, 0x00, 0x00, 0x45, 0xfd, 0x00, 0x00, 0xcd, 0xfd,
  0x00, 0x00, 0xcd, 0xfd, 0x00, 0x00, 0x52, 0xfe, 0x00, 0x00, 0x52, 0xfe,
  0x00, 0x00, 0xc6, 0xfe, 0x00, 0x00, 0xc6, 0xfe, 0x00, 0x00, 0x37, 0xff,
  0x00, 0x00, 0x37, 0xff, 0x00, 0x00, 0x9f, 0xff, 0x00, 0x00, 0x9f, 0xff,
  0x00, 0x00, 0xe7, 0xff, 0x00, 0x00, 0xe7, 0xff, 0x00, 0x00, 0x0d, 0x00,
  0x00, 0x00, 0x0d, 0x00, 0x00, 0x00, 0x20, 0x00, 0x00, 0x00, 0x20, 0x00,
  0x00, 0x00, 0x34, 0x00, 0x00, 0x00, 0x34, 0x00, 0x00, 0x00, 0x4f, 0x00,
  0x00, 0x00, 0x4f, 0x00, 0x00, 0x00, 0x66, 0x00, 0x00, 0x00, 0x66, 0x00,
  0x00, 0x00, 0x62, 0x00, 0x00, 0x00, 0x62, 0x00, 0x00, 0x00, 0x53, 0x00,
  0x00, 0x00, 0x53, 0x00, 0x00, 0x00, 0x61, 0x00, 0x00, 0x00, 0x61, 0x00,
  0x00, 0x00, 0x85, 0x00, 0x00, 0x00, 0x85, 0x00, 0x00, 0x00, 0x9a, 0x00,
  0x00, 0x00, 0x9a, 0x00, 0x00, 0x00, 0x80, 0x00, 0x00, 0x00, 0x80, 0x00,
  0x00, 0x00, 0x57, 0x00, 0x00, 0x00, 0x57, 0x00, 0x00, 0x00, 0x4e, 0x00,
  0x00, 0x00, 0x4e, 0x00, 0x00, 0x00, 0x54, 0x00, 0x00, 0x00, 0x54, 0x00,
  0x00, 0x00, 0x3a, 0x00, 0x00, 0x00, 0x3a, 0x00, 0x00, 0x00, 0xff, 0xff,
  0x00, 0x00, 0xff, 0xff, 0x00, 0x00, 0xc8, 0xff, 0x00, 0x00, 0xc8, 0xff,
  0x00, 0x00, 0x9e, 0xff, 0x00, 0x00, 0x9e, 0xff, 0x00, 0x00, 0x76, 0xff,
  0x00, 0x00, 0x76, 0xff, 0x00, 0x00, 0x50, 0xff, 0x00, 0x00, 0x50, 0xff,
  0x00, 0x00, 0x28, 0xff, 0x00, 0x00, 0x28, 0xff, 0x00, 0x00, 0xf3, 0xfe,
  0x00, 0x00, 0xf3, 0xfe, 0x00, 0x00, 0xaa, 0xfe, 0x00, 0x00, 0xaa, 0xfe,
  0x00, 0x00, 0x72, 0xfe, 0x00, 0x00, 0x72, 0xfe, 0x00, 0x00, 0x6a, 0xfe,
  0x00, 0x00, 0x6a, 0xfe, 0x00, 0x00, 0x6c, 0xfe, 0x00, 0x00, 0x6c, 0xfe,
  0x00, 0x00, 0x57, 0xfe, 0x00, 0x00, 0x57, 0xfe, 0x00, 0x00, 0x42, 0xfe,
  0x00, 0x00, 0x42, 0xfe, 0x00, 0x00, 0x53, 0xfe, 0x00, 0x00, 0x53, 0xfe,
  0x00, 0x00, 0x81, 0xfe, 0x00, 0x00, 0x81, 0xfe, 0x00, 0x00, 0xad, 0xfe,
  0x00, 0x00, 0xad, 0xfe, 0x00, 0x00, 0xcc, 0xfe, 0x00, 0x00, 0xcc, 0xfe,
  0x00, 0x00, 0xdf, 0xfe, 0x00, 0x00, 0xdf, 0xfe, 0x00, 0x00, 0xeb, 0xfe,
  0x00, 0x00, 0xeb, 0xfe, 0x00, 0x00, 0xe8, 0xfe, 0x00, 0x00, 0xe8, 0xfe,
  0x00, 0x00, 0xdf, 0xfe, 0x00, 0x00, 0xdf, 0xfe, 0x00, 0x00, 0xdc, 0xfe,
  0x00, 0x00, 0xdc, 0xfe, 0x00, 0x00, 0xc7, 0xfe, 0x00, 0x00, 0xc7, 0xfe,
  0x00, 0x00, 0x9e, 0xfe, 0x00, 0x00, 0x9e, 0xfe, 0x00, 0x00, 0x79, 0xfe,
  0x00, 0x00, 0x79, 0xfe, 0x00, 0x00, 0x6b, 0xfe, 0x00, 0x00, 0x6b, 0xfe,
  0x00, 0x00, 0x63, 0xfe, 0x00, 0x00, 0x63, 0xfe, 0x00, 0x00, 0x53, 0xfe,
  0x00, 0x00, 0x53, 0xfe, 0x00, 0x00, 0x4a, 0xfe, 0x00, 0x00, 0x4a, 0xfe,
  0x00, 0x00, 0x4c, 0xfe, 0x00, 0x00, 0x4c, 0xfe, 0x00, 0x00, 0x45, 0xfe,
  0x00, 0x00, 0x45, 0xfe, 0x00, 0x00, 0x1d, 0xfe, 0x00, 0x00, 0x1d, 0xfe,
  0x00, 0x00, 0xdc, 0xfd, 0x00, 0x00, 0xdc, 0xfd, 0x00, 0x00, 0x98, 0xfd,
  0x00, 0x00, 0x98, 0xfd, 0x00, 0x00, 0x3e, 0xfd, 0x00, 0x00, 0x3e, 0xfd,
  0x00, 0x00, 0xbe, 0xfc, 0x00, 0x00, 0xbe, 0xfc, 0x00, 0x00, 0x38, 0xfc,
  0x00, 0x00, 0x38, 0xfc, 0x00, 0x00, 0xf6, 0xfb, 0x00, 0x00, 0xf6, 0xfb,
  0x00, 0x00, 0x1e, 0xfc, 0x00, 0x00, 0x1e, 0xfc, 0x00, 0x00, 0xae, 0xfc,
  0x00, 0x00, 0xae, 0xfc, 0x00, 0x00, 0xad, 0xfd, 0x00, 0x00, 0xad, 0xfd,
  0x00, 0x00, 0x41, 0xff, 0x00, 0x00, 0x41, 0xff, 0x00, 0x00, 0x84, 0x01,
  0x00, 0x00, 0x84, 0x01, 0x00, 0x00, 0x54, 0x04, 0x00, 0x00, 0x54, 0x04,
  0x00, 0x00, 0x6f, 0x07, 0x00, 0x00, 0x6f, 0x07, 0x00, 0x00, 0x98, 0x0a,
  0x00, 0x00, 0x98, 0x0a, 0x00, 0x00, 0x93, 0x0d, 0x00, 0x00, 0x93, 0x0d,
  0x00, 0x00, 0x1b, 0x10, 0x00, 0x00, 0x1b, 0x10, 0x00, 0x00, 0xf3, 0x11,
  0x00, 0x00, 0xf3, 0x11, 0x00, 0x00, 0x12, 0x13, 0x00, 0x00, 0x12, 0x13,
  0x00, 0x00, 0x6d, 0x13, 0x00, 0x00, 0x6d, 0x13, 0x00, 0x00, 0xd1, 0x12,
  0x00, 0x00, 0xd1, 0x12, 0x00, 0x00, 0x49, 0x11, 0x00, 0x00, 0x49, 0x11,
  0x00, 0x00, 0x49, 0x0f, 0x00, 0x00, 0x49, 0x0f, 0x00, 0x00, 0x37, 0x0d,
  0x00, 0x00, 0x37, 0x0d, 0x00, 0x00, 0x24, 0x0b, 0x00, 0x00, 0x24, 0x0b,
  0x00, 0x00, 0x0d, 0x09, 0x00, 0x00, 0x0d, 0x09, 0x00, 0x00, 0x30, 0x07,
  0x00, 0x00, 0x30, 0x07, 0x00, 0x00, 0xf3, 0x05, 0x00, 0x00, 0xf3, 0x05,
  0x00, 0x00, 0x69, 0x05, 0x00, 0x00, 0x69, 0x05, 0x00, 0x00, 0x5b, 0x05,
  0x00, 0x00, 0x5b, 0x05, 0x00, 0x00, 0x9d, 0x05, 0x00, 0x00, 0x9d, 0x05,
  0x00, 0x00, 0x25, 0x06, 0x00, 0x00, 0x25, 0x06, 0x00, 0x00, 0xb9, 0x06,
  0x00, 0x00, 0xb9, 0x06, 0x00, 0x00, 0x18, 0x07, 0x00, 0x00, 0x18, 0x07,
  0x00, 0x00, 0x3d, 0x07, 0x00, 0x00, 0x3d, 0x07, 0x00, 0x00, 0x30, 0x07,
  0x00, 0x00, 0x30, 0x07, 0x00, 0x00, 0xd0, 0x06, 0x00, 0x00, 0xd0, 0x06,
  0x00, 0x00, 0x0c, 0x06, 0x00, 0x00, 0x0c, 0x06, 0x00, 0x00, 0x1a, 0x05,
  0x00, 0x00, 0x1a, 0x05, 0x00, 0x00, 0x4c, 0x04, 0x00, 0x00, 0x4c, 0x04,
  0x00, 0x00, 0xb4, 0x03, 0x00, 0x00, 0xb4, 0x03, 0x00, 0x00, 0x3f, 0x03,
  0x00, 0x00, 0x3f, 0x03, 0x00, 0x00, 0x06, 0x03, 0x00, 0x00, 0x06, 0x03,
  0x00, 0x00, 0x33, 0x03, 0x00, 0x00, 0x33, 0x03, 0x00, 0x00, 0xad, 0x03,
  0x00, 0x00, 0xad, 0x03, 0x00, 0x00, 0x41, 0x04, 0x00, 0x00, 0x41, 0x04,
  0x00, 0x00, 0xd2, 0x04, 0x00, 0x00, 0xd2, 0x04, 0x00, 0x00, 0x53, 0x05,
  0x00, 0x00, 0x53, 0x05, 0x00, 0x00, 0x93, 0x05, 0x00, 0x00, 0x93, 0x05,
  0x00, 0x00, 0x61, 0x05, 0x00, 0x00, 0x61, 0x05, 0x00, 0x00, 0xc5, 0x04,
  0x00, 0x00, 0xc5, 0x04, 0x00, 0x00, 0xc9, 0x03, 0x00, 0x00, 0xc9, 0x03,
  0x00, 0x00, 0x59, 0x02, 0x00, 0x00, 0x59, 0x02, 0x00, 0x00, 0x7d, 0x00,
  0x00, 0x00, 0x7d, 0x00, 0x00, 0x00, 0x77, 0xfe, 0x00, 0x00, 0x77, 0xfe,
  0x00, 0x00, 0x7f, 0xfc, 0x00, 0x00, 0x7f, 0xfc, 0x00, 0x00, 0x9e, 0xfa,
  0x00, 0x00, 0x9e, 0xfa, 0x00, 0x00, 0xde, 0xf8, 0x00, 0x00, 0xde, 0xf8,
  0x00, 0x00, 0x74, 0xf7, 0x00, 0x00, 0x74, 0xf7, 0x00, 0x00, 0x89, 0xf6,
  0x00, 0x00, 0x89, 0xf6, 0x00, 0x00, 0xff, 0xf5, 0x00, 0x00, 0xff, 0xf5,
  0x00, 0x00, 0xba, 0xf5, 0x00, 0x00, 0xba, 0xf5, 0x00, 0x00, 0xc4, 0xf5,
  0x00, 0x00, 0xc4, 0xf5, 0x00, 0x00, 0x1d, 0xf6, 0x00, 0x00, 0x1d, 0xf6,
  0x00, 0x00, 0x95, 0xf6, 0x00, 0x00, 0x95, 0xf6, 0x00, 0x00, 0xfe, 0xf6,
  0x00, 0x00, 0xfe, 0xf6, 0x00, 0x00, 0x63, 0xf7, 0x00, 0x00, 0x63, 0xf7,
  0x00, 0x00, 0xd3, 0xf7, 0x00, 0x00, 0xd3, 0xf7, 0x00, 0x00, 0x37, 0xf8,
  0x00, 0x00, 0x37, 0xf8, 0x00, 0x00, 0x74, 0xf8, 0x00, 0x00, 0x74, 0xf8,
  0x00, 0x00, 0xa2, 0xf8, 0x00, 0x00, 0xa2, 0xf8, 0x00, 0x00, 0xd9, 0xf8,
  0x00, 0x00, 0xd9, 0xf8, 0x00, 0x00, 0x12, 0xf9, 0x00, 0x00, 0x12, 0xf9,
  0x00, 0x00, 0x3c, 0xf9, 0x00, 0x00, 0x3c, 0xf9, 0x00, 0x00, 0x72, 0xf9,
  0x00, 0x00, 0x72, 0xf9, 0x00, 0x00, 0xcf, 0xf9, 0x00, 0x00, 0xcf, 0xf9,
  0x00, 0x00, 0x3a, 0xfa, 0x00, 0x00, 0x3a, 0xfa, 0x00, 0x00, 0x9b, 0xfa,
  0x00, 0x00, 0x9b, 0xfa, 0x00, 0x00, 0xff, 0xfa, 0x00, 0x00, 0xff, 0xfa,
  0x00, 0x00, 0x81, 0xfb, 0x00, 0x00, 0x81, 0xfb, 0x00, 0x00, 0x0f, 0xfc,
  0x00, 0x00, 0x0f, 0xfc, 0x00, 0x00, 0x8d, 0xfc, 0x00, 0x00, 0x8d, 0xfc,
  0x00, 0x00, 0xf1, 0xfc, 0x00, 0x00, 0xf1, 0xfc, 0x00, 0x00, 0x3d, 0xfd,
  0x00, 0x00, 0x3d, 0xfd, 0x00, 0x00, 0x6d, 0xfd, 0x00, 0x00, 0x6d, 0xfd,
  0x00, 0x00, 0x7c, 0xfd, 0x00, 0x00, 0x7c, 0xfd, 0x00, 0x00, 0x7c, 0xfd,
  0x00, 0x00, 0x7c, 0xfd, 0x00, 0x00, 0x63, 0xfd, 0x00, 0x00, 0x63, 0xfd,
  0x00, 0x00, 0x24, 0xfd, 0x00, 0x00, 0x24, 0xfd, 0x00, 0x00, 0xd5, 0xfc,
  0x00, 0x00, 0xd5, 0xfc, 0x00, 0x00, 0x97, 0xfc, 0x00, 0x00, 0x97, 0xfc,
  0x00, 0x00, 0x6c, 0xfc, 0x00, 0x00, 0x6c, 0xfc, 0x00, 0x00, 0x4c, 0xfc,
  0x00, 0x00, 0x4c, 0xfc, 0x00, 0x00, 0x45, 0xfc, 0x00, 0x00, 0x45, 0xfc,
  0x00, 0x00, 0x68, 0xfc, 0x00, 0x00, 0x68, 0xfc, 0x00, 0x00, 0xa6, 0xfc,
  0x00, 0x00, 0xa6, 0xfc, 0x00, 0x00, 0xea, 0xfc, 0x00, 0x00, 0xea, 0xfc,
  0x00, 0x00, 0x48, 0xfd, 0x00, 0x00, 0x48, 0xfd, 0x00, 0x00, 0xcd, 0xfd,
  0x00, 0x00, 0xcd, 0xfd, 0x00, 0x00, 0x44, 0xfe, 0x00, 0x00, 0x44, 0xfe,
  0x00, 0x00, 0x8c, 0xfe, 0x00, 0x00, 0x8c, 0xfe, 0x00, 0x00, 0xc6, 0xfe,
  0x00, 0x00, 0xc6, 0xfe, 0x00, 0x00, 0x0e, 0xff, 0x00, 0x00, 0x0e, 0xff,
  0x00, 0x00, 0x4b, 0xff, 0x00, 0x00, 0x4b, 0xff, 0x00, 0x00, 0x5d, 0xff,
  0x00, 0x00, 0x5d, 0xff, 0x00, 0x00, 0x6a, 0xff, 0x00, 0x00, 0x6a, 0xff,
  0x00, 0x00, 0x8f, 0xff, 0x00, 0x00, 0x8f, 0xff, 0x00, 0x00, 0xb9, 0xff,
  0x00, 0x00, 0xb9, 0xff, 0x00, 0x00, 0xcf, 0xff, 0x00, 0x00, 0xcf, 0xff,
  0x00, 0x00, 0xe9, 0xff, 0x00, 0x00, 0xe9, 0xff, 0x00, 0x00, 0x25, 0x00,
  0x00, 0x00, 0x25, 0x00, 0x00, 0x00, 0x4f, 0x00, 0x00, 0x00, 0x4f, 0x00,
  0x00, 0x00, 0x54, 0x00, 0x00, 0x00, 0x54, 0x00, 0x00, 0x00, 0x55, 0x00,
  0x00, 0x00, 0x55, 0x00, 0x00, 0x00, 0x66, 0x00, 0x00, 0x00, 0x66, 0x00,
  0x00, 0x00, 0x65, 0x00, 0x00, 0x00, 0x65, 0x00, 0x00, 0x00, 0x32, 0x00,
  0x00, 0x00, 0x32, 0x00, 0x00, 0x00, 0xf9, 0xff, 0x00, 0x00, 0xf9, 0xff,
  0x00, 0x00, 0xd9, 0xff, 0x00, 0x00, 0xd9, 0xff, 0x00, 0x00, 0xb6, 0xff,
  0x00, 0x00, 0xb6, 0xff, 0x00, 0x00, 0x7b, 0xff, 0x00, 0x00, 0x7b, 0xff,
  0x00, 0x00, 0x42, 0xff, 0x00, 0x00, 0x42, 0xff, 0x00, 0x00, 0x24, 0xff,
  0x00, 0x00, 0x24, 0xff, 0x00, 0x00, 0x0b, 0xff, 0x00, 0x00, 0x0b, 0xff,
  0x00, 0x00, 0xe7, 0xfe, 0x00, 0x00, 0xe7, 0xfe, 0x00, 0x00, 0xca, 0xfe,
  0x00, 0x00, 0xca, 0xfe, 0x00, 0x00, 0xbb, 0xfe, 0x00, 0x00, 0xbb, 0xfe,
  0x00, 0x00, 0xab, 0xfe, 0x00, 0x00, 0xab, 0xfe, 0x00, 0x00, 0x8d, 0xfe,
  0x00, 0x00, 0x8d, 0xfe, 0x00, 0x00, 0x73, 0xfe, 0x00, 0x00, 0x73, 0xfe,
  0x00, 0x00, 0x73, 0xfe, 0x00, 0x00, 0x73, 0xfe, 0x00, 0x00, 0x78, 0xfe,
  0x00, 0x00, 0x78, 0xfe, 0x00, 0x00, 0x6c, 0xfe, 0x00, 0x00, 0x6c, 0xfe,
  0x00, 0x00, 0x5b, 0xfe, 0x00, 0x00, 0x5b, 0xfe, 0x00, 0x00, 0x5d, 0xfe,
  0x00, 0x00, 0x5d, 0xfe, 0x00, 0x00, 0x6d, 0xfe, 0x00, 0x00, 0x6d, 0xfe,
  0x00, 0x00, 0x74, 0xfe, 0x00, 0x00, 0x74, 0xfe, 0x00, 0x00, 0x6d, 0xfe,
  0x00, 0x00, 0x6d, 0xfe, 0x00, 0x00, 0x6f, 0xfe, 0x00, 0x00, 0x6f, 0xfe,
  0x00, 0x00, 0x7a, 0xfe, 0x00, 0x00, 0x7a, 0xfe, 0x00, 0x00, 0x7e, 0xfe,
  0x00, 0x00, 0x7e, 0xfe, 0x00, 0x00, 0x7a, 0xfe, 0x00, 0x00, 0x7a, 0xfe,
  0x00, 0x00, 0x80, 0xfe, 0x00, 0x00, 0x80, 0xfe, 0x00, 0x00, 0x8d, 0xfe,
  0x00, 0x00, 0x8d, 0xfe, 0x00, 0x00, 0x87, 0xfe, 0x00, 0x00, 0x87, 0xfe,
  0x00, 0x00, 0x76, 0xfe, 0x00, 0x00, 0x76, 0xfe, 0x00, 0x00, 0x6a, 0xfe,
  0x00, 0x00, 0x6a, 0xfe, 0x00, 0x00, 0x63, 0xfe, 0x00, 0x00, 0x63, 0xfe,
  0x00, 0x00, 0x52, 0xfe, 0x00, 0x00, 0x52, 0xfe, 0x00, 0x00, 0x22, 0xfe,
  0x00, 0x00, 0x22, 0xfe, 0x00, 0x00, 0xe0, 0xfd, 0x00, 0x00, 0xe0, 0xfd,
  0x00, 0x00, 0x90, 0xfd, 0x00, 0x00, 0x90, 0xfd, 0x00, 0x00, 0x30, 0xfd,
  0x00, 0x00, 0x30, 0xfd, 0x00, 0x00, 0xc3, 0xfc, 0x00, 0x00, 0xc3, 0xfc,
  0x00, 0x00, 0x57, 0xfc, 0x00, 0x00, 0x57, 0xfc, 0x00, 0x00, 0x0b, 0xfc,
  0x00, 0x00, 0x0b, 0xfc, 0x00, 0x00, 0xfa, 0xfb, 0x00, 0x00, 0xfa, 0xfb,
  0x00, 0x00, 0x45, 0xfc, 0x00, 0x00, 0x45, 0xfc, 0x00, 0x00, 0x05, 0xfd,
  0x00, 0x00, 0x05, 0xfd, 0x00, 0x00, 0x3c, 0xfe, 0x00, 0x00, 0x3c, 0xfe,
  0x00, 0x00, 0xe0, 0xff, 0x00, 0x00, 0xe0, 0xff, 0x00, 0x00, 0xf9, 0x01,
  0x00, 0x00, 0xf9, 0x01, 0x00, 0x00, 0x79, 0x04, 0x00, 0x00, 0x79, 0x04,
  0x00, 0x00, 0x30, 0x07, 0x00, 0x00, 0x30, 0x07, 0x00, 0x00, 0xec, 0x09,
  0x00, 0x00, 0xec, 0x09, 0x00, 0x00, 0x70, 0x0c, 0x00, 0x00, 0x70, 0x0c,
  0x00, 0x00, 0x91, 0x0e, 0x00, 0x00, 0x91, 0x0e, 0x00, 0x00, 0x27, 0x10,
  0x00, 0x00, 0x27, 0x10, 0x00, 0x00, 0x1e, 0x11, 0x00, 0x00, 0x1e, 0x11,
  0x00, 0x00, 0x6a, 0x11, 0x00, 0x00, 0x6a, 0x11, 0x00, 0x00, 0xf8, 0x10,
  0x00, 0x00, 0xf8, 0x10, 0x00, 0x00, 0xc6, 0x0f, 0x00, 0x00, 0xc6, 0x0f,
  0x00, 0x00, 0x1e, 0x0e, 0x00, 0x00, 0x1e, 0x0e, 0x00, 0x00, 0x63, 0x0c,
  0x00, 0x00, 0x63, 0x0c, 0x00, 0x00, 0xb1, 0x0a, 0x00, 0x00, 0xb1, 0x0a,
  0x00, 0x00, 0x0d, 0x09, 0x00, 0x00, 0x0d, 0x09, 0x00, 0x00, 0x99, 0x07,
  0x00, 0x00, 0x99, 0x07, 0x00, 0x00, 0x97, 0x06, 0x00, 0x00, 0x97, 0x06,
  0x00, 0x00, 0x1a, 0x06, 0x00, 0x00, 0x1a, 0x06, 0x00, 0x00, 0xfc, 0x05,
  0x00, 0x00, 0xfc, 0x05, 0x00, 0x00, 0x22, 0x06, 0x00, 0x00, 0x22, 0x06,
  0x00, 0x00, 0x7c, 0x06, 0x00, 0x00, 0x7c, 0x06, 0x00, 0x00, 0xd1, 0x06,
  0x00, 0x00, 0xd1, 0x06, 0x00, 0x00, 0xe9, 0x06, 0x00, 0x00, 0xe9, 0x06,
  0x00, 0x00, 0xd6, 0x06, 0x00, 0x00, 0xd6, 0x06, 0x00, 0x00, 0xb2, 0x06,
  0x00, 0x00, 0xb2, 0x06, 0x00, 0x00, 0x56, 0x06, 0x00, 0x00, 0x56, 0x06,
  0x00, 0x00, 0x93, 0x05, 0x00, 0x00, 0x93, 0x05, 0x00, 0x00, 0x9e, 0x04,
  0x00, 0x00, 0x9e, 0x04, 0x00, 0x00, 0xca, 0x03, 0x00, 0x00, 0xca, 0x03,
  0x00, 0x00, 0x2b, 0x03, 0x00, 0x00, 0x2b, 0x03, 0x00, 0x00, 0xa3, 0x02,
  0x00, 0x00, 0xa3, 0x02, 0x00, 0x00, 0x45, 0x02, 0x00, 0x00, 0x45, 0x02,
  0x00, 0x00, 0x3a, 0x02, 0x00, 0x00, 0x3a, 0x02, 0x00, 0x00, 0x6f, 0x02,
  0x00, 0x00, 0x6f, 0x02, 0x00, 0x00, 0xc6, 0x02, 0x00, 0x00, 0xc6, 0x02,
  0x00, 0x00, 0x2d, 0x03, 0x00, 0x00, 0x2d, 0x03, 0x00, 0x00, 0xa9, 0x03,
  0x00, 0x00, 0xa9, 0x03, 0x00, 0x00, 0x13, 0x04, 0x00, 0x00, 0x13, 0x04,
  0x00, 0x00, 0x28, 0x04, 0x00, 0x00, 0x28, 0x04, 0x00, 0x00, 0xe4, 0x03,
  0x00, 0x00, 0xe4, 0x03, 0x00, 0x00, 0x6d, 0x03, 0x00, 0x00, 0x6d, 0x03,
  0x00, 0x00, 0xb7, 0x02, 0x00, 0x00, 0xb7, 0x02, 0x00, 0x00, 0x9b, 0x01,
  0x00, 0x00, 0x9b, 0x01, 0x00, 0x00, 0x32, 0x00, 0x00, 0x00, 0x32, 0x00,
  0x00, 0x00, 0xac, 0xfe, 0x00, 0x00, 0xac, 0xfe, 0x00, 0x00, 0x27, 0xfd,
  0x00, 0x00, 0x27, 0xfd, 0x00, 0x00, 0x9d, 0xfb, 0x00, 0x00, 0x9d, 0xfb,
  0x00, 0x00, 0x20, 0xfa, 0x00, 0x00, 0x20, 0xfa, 0x00, 0x00, 0xe6, 0xf8,
  0x00, 0x00, 0xe6, 0xf8, 0x00, 0x00, 0xf7, 0xf7, 0x00, 0x00, 0xf7, 0xf7,
  0x00, 0x00, 0x45, 0xf7, 0x00, 0x00, 0x45, 0xf7, 0x00, 0x00, 0xd0, 0xf6,
  0x00, 0x00, 0xd0, 0xf6, 0x00, 0x00, 0xb2, 0xf6, 0x00, 0x00, 0xb2, 0xf6,
  0x00, 0x00, 0xd7, 0xf6, 0x00, 0x00, 0xd7, 0xf6, 0x00, 0x00, 0x14, 0xf7,
  0x00, 0x00, 0x14, 0xf7, 0x00, 0x00, 0x66, 0xf7, 0x00, 0x00, 0x66, 0xf7,
  0x00, 0x00, 0xd6, 0xf7, 0x00, 0x00, 0xd6, 0xf7, 0x00, 0x00, 0x4d, 0xf8,
  0x00, 0x00, 0x4d, 0xf8, 0x00, 0x00, 0xa0, 0xf8, 0x00, 0x00, 0xa0, 0xf8,
  0x00, 0x00, 0xda, 0xf8, 0x00, 0x00, 0xda, 0xf8, 0x00, 0x00, 0x19, 0xf9,
  0x00, 0x00, 0x19, 0xf9, 0x00, 0x00, 0x50, 0xf9, 0x00, 0x00, 0x50, 0xf9,
  0x00, 0x00, 0x67, 0xf9, 0x00, 0x00, 0x67, 0xf9, 0x00, 0x00, 0x6e, 0xf9,
  0x00, 0x00, 0x6e, 0xf9, 0x00, 0x00, 0x99, 0xf9, 0x00, 0x00, 0x99, 0xf9,
  0x00, 0x00, 0xe4, 0xf9, 0x00, 0x00, 0xe4, 0xf9, 0x00, 0x00, 0x2c, 0xfa,
  0x00, 0x00, 0x2c, 0xfa, 0x00, 0x00, 0x87, 0xfa, 0x00, 0x00, 0x87, 0xfa,
  0x00, 0x00, 0x1b, 0xfb, 0x00, 0x00, 0x1b, 0xfb, 0x00, 0x00, 0xce, 0xfb,
  0x00, 0x00, 0xce, 0xfb, 0x00, 0x00, 0x6d, 0xfc, 0x00, 0x00, 0x6d, 0xfc,
  0x00, 0x00, 0xf6, 0xfc, 0x00, 0x00, 0xf6, 0xfc, 0x00, 0x00, 0x90, 0xfd,
  0x00, 0x00, 0x90, 0xfd, 0x00, 0x00, 0x22, 0xfe, 0x00, 0x00, 0x22, 0xfe,
  0x00, 0x00, 0x67, 0xfe, 0x00, 0x00, 0x67, 0xfe, 0x00, 0x00, 0x6a, 0xfe,
  0x00, 0x00, 0x6a, 0xfe, 0x00, 0x00, 0x60, 0xfe, 0x00, 0x00, 0x60, 0xfe,
  0x00, 0x00, 0x3d, 0xfe, 0x00, 0x00, 0x3d, 0xfe, 0x00, 0x00, 0xe4, 0xfd,
  0x00, 0x00, 0xe4, 0xfd, 0x00, 0x00, 0x73, 0xfd, 0x00, 0x00, 0x73, 0xfd,
  0x00, 0x00, 0x1e, 0xfd, 0x00, 0x00, 0x1e, 0xfd, 0x00, 0x00, 0xdc, 0xfc,
  0x00, 0x00, 0xdc, 0xfc, 0x00, 0x00, 0x8e, 0xfc, 0x00, 0x00, 0x8e, 0xfc,
  0x00, 0x00, 0x4c, 0xfc, 0x00, 0x00, 0x4c, 0xfc, 0x00, 0x00, 0x47, 0xfc,
  0x00, 0x00, 0x47, 0xfc, 0x00, 0x00, 0x75, 0xfc, 0x00, 0x00, 0x75, 0xfc,
  0x00, 0x00, 0x9e, 0xfc, 0x00, 0x00, 0x9e, 0xfc, 0x00, 0x00, 0xc5, 0xfc,
  0x00, 0x00, 0xc5, 0xfc, 0x00, 0x00, 0x0c, 0xfd, 0x00, 0x00, 0x0c, 0xfd,
  0x00, 0x00, 0x6a, 0xfd, 0x00, 0x00, 0x6a, 0xfd, 0x00, 0x00, 0xc5, 0xfd,
  0x00, 0x00, 0xc5, 0xfd, 0x00, 0x00, 0x0f, 0xfe, 0x00, 0x00, 0x0f, 0xfe,
  0x00, 0x00, 0x54, 0xfe, 0x00, 0x00, 0x54, 0xfe, 0x00, 0x00, 0x96, 0xfe,
  0x00, 0x00, 0x96, 0xfe, 0x00, 0x00, 0xc9, 0xfe, 0x00, 0x00, 0xc9, 0xfe,
  0x00, 0x00, 0xf0, 0xfe, 0x00, 0x00, 0xf0, 0xfe, 0x00, 0x00, 0x1d, 0xff,
  0x00, 0x00, 0x1d, 0xff, 0x00, 0x00, 0x45, 0xff, 0x00, 0x00, 0x45, 0xff,
  0x00, 0x00, 0x53, 0xff, 0x00, 0x00, 0x53, 0xff, 0x00, 0x00, 0x5a, 0xff,
  0x00, 0x00, 0x5a, 0xff, 0x00, 0x00, 0x6f, 0xff, 0x00, 0x00, 0x6f, 0xff,
  0x00, 0x00, 0x8d, 0xff, 0x00, 0x00, 0x8d, 0xff, 0x00, 0x00, 0xa4, 0xff,
  0x00, 0x00, 0xa4, 0xff, 0x00, 0x00, 0xab, 0xff, 0x00, 0x00, 0xab, 0xff,
  0x00, 0x00, 0xb2, 0xff, 0x00, 0x00, 0xb2, 0xff, 0x00, 0x00, 0xc0, 0xff,
  0x00, 0x00, 0xc0, 0xff, 0x00, 0x00, 0xd1, 0xff, 0x00, 0x00, 0xd1, 0xff,
  0x00, 0x00, 0xdf, 0xff, 0x00, 0x00, 0xdf, 0xff, 0x00, 0x00, 0xdd, 0xff,
  0x00, 0x00, 0xdd, 0xff, 0x00, 0x00, 0xc9, 0xff, 0x00, 0x00, 0xc9, 0xff,
  0x00, 0x00, 0xa6, 0xff, 0x00, 0x00, 0xa6, 0xff, 0x00, 0x00, 0x84, 0xff,
  0x00, 0x00, 0x84, 0xff, 0x00, 0x00, 0x6a, 0xff, 0x00, 0x00, 0x6a, 0xff,
  0x00, 0x00, 0x45, 0xff, 0x00, 0x00, 0x45, 0xff, 0x00, 0x00, 0x0d, 0xff,
  0x00, 0x00, 0x0d, 0xff, 0x00, 0x00, 0xce, 0xfe, 0x00, 0x00, 0xce, 0xfe,
  0x00, 0x00, 0xa2, 0xfe, 0x00, 0x00, 0xa2, 0xfe, 0x00, 0x00, 0x8b, 0xfe,
  0x00, 0x00, 0x8b, 0xfe, 0x00, 0x00, 0x7b, 0xfe, 0x00, 0x00, 0x7b, 0xfe,
  0x00, 0x00, 0x6c, 0xfe, 0x00, 0x00, 0x6c, 0xfe, 0x00, 0x00, 0x62, 0xfe,
  0x00, 0x00, 0x62, 0xfe, 0x00, 0x00, 0x5e, 0xfe, 0x00, 0x00, 0x5e, 0xfe,
  0x00, 0x00, 0x63, 0xfe, 0x00, 0x00, 0x63, 0xfe, 0x00, 0x00, 0x7c, 0xfe,
  0x00, 0x00, 0x7c, 0xfe, 0x00, 0x00, 0xa3, 0xfe, 0x00, 0x00, 0xa3, 0xfe,
  0x00, 0x00, 0xb6, 0xfe, 0x00, 0x00, 0xb6, 0xfe, 0x00, 0x00, 0xb1, 0xfe,
  0x00, 0x00, 0xb1, 0xfe, 0x00, 0x00, 0xb2, 0xfe, 0x00, 0x00, 0xb2, 0xfe,
  0x00, 0x00, 0xce, 0xfe, 0x00, 0x00, 0xce, 0xfe, 0x00, 0x00, 0xeb, 0xfe,
  0x00, 0x00, 0xeb, 0xfe, 0x00, 0x00, 0xe7, 0xfe, 0x00, 0x00, 0xe7, 0xfe,
  0x00, 0x00, 0xcd, 0xfe, 0x00, 0x00, 0xcd, 0xfe, 0x00, 0x00, 0xbb, 0xfe,
  0x00, 0x00, 0xbb, 0xfe, 0x00, 0x00, 0xb4, 0xfe, 0x00, 0x00, 0xb4, 0xfe,
  0x00, 0x00, 0xaa, 0xfe, 0x00, 0x00, 0xaa, 0xfe, 0x00, 0x00, 0x9a, 0xfe,
  0x00, 0x00, 0x9a, 0xfe, 0x00, 0x00, 0x83, 0xfe, 0x00, 0x00, 0x83, 0xfe,
  0x00, 0x00, 0x5c, 0xfe, 0x00, 0x00, 0x5c, 0xfe, 0x00, 0x00, 0x23, 0xfe,
  0x00, 0x00, 0x23, 0xfe, 0x00, 0x00, 0xf3, 0xfd, 0x00, 0x00, 0xf3, 0xfd,
  0x00, 0x00, 0xd4, 0xfd, 0x00, 0x00, 0xd4, 0xfd, 0x00, 0x00, 0xa5, 0xfd,
  0x00, 0x00, 0xa5, 0xfd, 0x00, 0x00, 0x52, 0xfd, 0x00, 0x00, 0x52, 0xfd,
  0x00, 0x00, 0x06, 0xfd, 0x00, 0x00, 0x06, 0xfd, 0x00, 0x00, 0xf6, 0xfc,
  0x00, 0x00, 0xf6, 0xfc, 0x00, 0x00, 0x26, 0xfd, 0x00, 0x00, 0x26, 0xfd,
  0x00, 0x00, 0x7f, 0xfd, 0x00, 0x00, 0x7f, 0xfd, 0x00, 0x00, 0x05, 0xfe,
  0x00, 0x00, 0x05, 0xfe, 0x00, 0x00, 0xe9, 0xfe, 0x00, 0x00, 0xe9, 0xfe,
  0x00, 0x00, 0x34, 0x00, 0x00, 0x00, 0x34, 0x00, 0x00, 0x00, 0xcb, 0x01,
  0x00, 0x00, 0xcb, 0x01, 0x00, 0x00, 0x99, 0x03, 0x00, 0x00, 0x99, 0x03,
  0x00, 0x00, 0x8b, 0x05, 0x00, 0x00, 0x8b, 0x05, 0x00, 0x00, 0x7f, 0x07,
  0x00, 0x00, 0x7f, 0x07, 0x00, 0x00, 0x47, 0x09, 0x00, 0x00, 0x47, 0x09,
  0x00, 0x00, 0xd7, 0x0a, 0x00, 0x00, 0xd7, 0x0a, 0x00, 0x00, 0x1f, 0x0c,
  0x00, 0x00, 0x1f, 0x0c, 0x00, 0x00, 0x06, 0x0d, 0x00, 0x00, 0x06, 0x0d,
  0x00, 0x00, 0x69, 0x0d, 0x00, 0x00, 0x69, 0x0d, 0x00, 0x00, 0x49, 0x0d,
  0x00, 0x00, 0x49, 0x0d, 0x00, 0x00, 0xd7, 0x0c, 0x00, 0x00, 0xd7, 0x0c,
  0x00, 0x00, 0x31, 0x0c, 0x00, 0x00, 0x31, 0x0c, 0x00, 0x00, 0x5b, 0x0b,
  0x00, 0x00, 0x5b, 0x0b, 0x00, 0x00, 0x59, 0x0a, 0x00, 0x00, 0x59, 0x0a,
  0x00, 0x00, 0x53, 0x09, 0x00, 0x00, 0x53, 0x09, 0x00, 0x00, 0x7c, 0x08,
  0x00, 0x00, 0x7c, 0x08, 0x00, 0x00, 0xd9, 0x07, 0x00, 0x00, 0xd9, 0x07,
  0x00, 0x00, 0x60, 0x07, 0x00, 0x00, 0x60, 0x07, 0x00, 0x00, 0x12, 0x07,
  0x00, 0x00, 0x12, 0x07, 0x00, 0x00, 0xea, 0x06, 0x00, 0x00, 0xea, 0x06,
  0x00, 0x00, 0xd9, 0x06, 0x00, 0x00, 0xd9, 0x06, 0x00, 0x00, 0xcd, 0x06,
  0x00, 0x00, 0xcd, 0x06, 0x00, 0x00, 0xba, 0x06, 0x00, 0x00, 0xba, 0x06,
  0x00, 0x00, 0x9b, 0x06, 0x00, 0x00, 0x9b, 0x06, 0x00, 0x00, 0x5f, 0x06,
  0x00, 0x00, 0x5f, 0x06, 0x00, 0x00, 0xf2, 0x05, 0x00, 0x00, 0xf2, 0x05,
  0x00, 0x00, 0x5c, 0x05, 0x00, 0x00, 0x5c, 0x05, 0x00, 0x00, 0xb8, 0x04,
  0x00, 0x00, 0xb8, 0x04, 0x00, 0x00, 0x16, 0x04, 0x00, 0x00, 0x16, 0x04,
  0x00, 0x00, 0x6f, 0x03, 0x00, 0x00, 0x6f, 0x03, 0x00, 0x00, 0xcc, 0x02,
  0x00, 0x00, 0xcc, 0x02, 0x00, 0x00, 0x42, 0x02, 0x00, 0x00, 0x42, 0x02,
  0x00, 0x00, 0xe4, 0x01, 0x00, 0x00, 0xe4, 0x01, 0x00, 0x00, 0xb9, 0x01,
  0x00, 0x00, 0xb9, 0x01, 0x00, 0x00, 0xb1, 0x01, 0x00, 0x00, 0xb1, 0x01,
  0x00, 0x00, 0xd2, 0x01, 0x00, 0x00, 0xd2, 0x01, 0x00, 0x00, 0x10, 0x02,
  0x00, 0x00, 0x10, 0x02, 0x00, 0x00, 0x55, 0x02, 0x00, 0x00, 0x55, 0x02,
  0x00, 0x00, 0x96, 0x02, 0x00, 0x00, 0x96, 0x02, 0x00, 0x00, 0xc5, 0x02,
  0x00, 0x00, 0xc5, 0x02, 0x00, 0x00, 0xd2, 0x02, 0x00, 0x00, 0xd2, 0x02,
  0x00, 0x00, 0xb5, 0x02, 0x00, 0x00, 0xb5, 0x02, 0x00, 0x00, 0x5f, 0x02,
  0x00, 0x00, 0x5f, 0x02, 0x00, 0x00, 0xcb, 0x01, 0x00, 0x00, 0xcb, 0x01,
  0x00, 0x00, 0x08, 0x01, 0x00, 0x00, 0x08, 0x01, 0x00, 0x00, 0x2b, 0x00,
  0x00, 0x00, 0x2b, 0x00, 0x00, 0x00, 0x41, 0xff, 0x00, 0x00, 0x41, 0xff,
  0x00, 0x00, 0x49, 0xfe, 0x00, 0x00, 0x49, 0xfe, 0x00, 0x00, 0x4d, 0xfd,
  0x00, 0x00, 0x4d, 0xfd, 0x00, 0x00, 0x67, 0xfc, 0x00, 0x00, 0x67, 0xfc,
  0x00, 0x00, 0xb0, 0xfb, 0x00, 0x00, 0xb0, 0xfb, 0x00, 0x00, 0x27, 0xfb,
  0x00, 0x00, 0x27, 0xfb, 0x00, 0x00, 0xcb, 0xfa, 0x00, 0x00, 0xcb, 0xfa,
  0x00, 0x00, 0x92, 0xfa, 0x00, 0x00, 0x92, 0xfa, 0x00, 0x00, 0x78, 0xfa,
  0x00, 0x00, 0x78, 0xfa, 0x00, 0x00, 0x7b, 0xfa, 0x00, 0x00, 0x7b, 0xfa,
  0x00, 0x00, 0x8d, 0xfa, 0x00, 0x00, 0x8d, 0xfa, 0x00, 0x00, 0xae, 0xfa,
  0x00, 0x00, 0xae, 0xfa, 0x00, 0x00, 0xd1, 0xfa, 0x00, 0x00, 0xd1, 0xfa,
  0x00, 0x00, 0xdb, 0xfa, 0x00, 0x00, 0xdb, 0xfa, 0x00, 0x00, 0xc9, 0xfa,
  0x00, 0x00, 0xc9, 0xfa, 0x00, 0x00, 0xaa, 0xfa, 0x00, 0x00, 0xaa, 0xfa,
  0x00, 0x00, 0x96, 0xfa, 0x00, 0x00, 0x96, 0xfa, 0x00, 0x00, 0x8d, 0xfa,
  0x00, 0x00, 0x8d, 0xfa, 0x00, 0x00, 0x76, 0xfa, 0x00, 0x00, 0x76, 0xfa,
  0x00, 0x00, 0x62, 0xfa, 0x00, 0x00, 0x62, 0xfa, 0x00, 0x00, 0x69, 0xfa,
  0x00, 0x00, 0x69, 0xfa, 0x00, 0x00, 0x96, 0xfa, 0x00, 0x00, 0x96, 0xfa,
  0x00, 0x00, 0xe4, 0xfa, 0x00, 0x00, 0xe4, 0xfa, 0x00, 0x00, 0x3b, 0xfb,
  0x00, 0x00, 0x3b, 0xfb, 0x00, 0x00, 0xa4, 0xfb, 0x00, 0x00, 0xa4, 0xfb,
  0x00, 0x00, 0x17, 0xfc, 0x00, 0x00, 0x17, 0xfc, 0x00, 0x00, 0x87, 0xfc,
  0x00, 0x00, 0x87, 0xfc, 0x00, 0x00, 0xf2, 0xfc, 0x00, 0x00, 0xf2, 0xfc,
  0x00, 0x00, 0x56, 0xfd, 0x00, 0x00, 0x56, 0xfd, 0x00, 0x00, 0xa2, 0xfd,
  0x00, 0x00, 0xa2, 0xfd, 0x00, 0x00, 0xc4, 0xfd, 0x00, 0x00, 0xc4, 0xfd,
  0x00, 0x00, 0xc4, 0xfd, 0x00, 0x00, 0xc4, 0xfd, 0x00, 0x00, 0xc0, 0xfd,
  0x00, 0x00, 0xc0, 0xfd, 0x00, 0x00, 0xba, 0xfd, 0x00, 0x00, 0xba, 0xfd,
  0x00, 0x00, 0x9d, 0xfd, 0x00, 0x00, 0x9d, 0xfd, 0x00, 0x00, 0x69, 0xfd,
  0x00, 0x00, 0x69, 0xfd, 0x00, 0x00, 0x3d, 0xfd, 0x00, 0x00, 0x3d, 0xfd,
  0x00, 0x00, 0x27, 0xfd, 0x00, 0x00, 0x27, 0xfd, 0x00, 0x00, 0x1c, 0xfd,
  0x00, 0x00, 0x1c, 0xfd, 0x00, 0x00, 0x17, 0xfd, 0x00, 0x00, 0x17, 0xfd,
  0x00, 0x00, 0x1d, 0xfd, 0x00, 0x00, 0x1d, 0xfd, 0x00, 0x00, 0x31, 0xfd,
  0x00, 0x00, 0x31, 0xfd, 0x00, 0x00, 0x4b, 0xfd, 0x00, 0x00, 0x4b, 0xfd,
  0x00, 0x00, 0x6b, 0xfd, 0x00, 0x00, 0x6b, 0xfd, 0x00, 0x00, 0x95, 0xfd,
  0x00, 0x00, 0x95, 0xfd, 0x00, 0x00, 0xc3, 0xfd, 0x00, 0x00, 0xc3, 0xfd,
  0x00, 0x00, 0xe4, 0xfd, 0x00, 0x00, 0xe4, 0xfd, 0x00, 0x00, 0xfd, 0xfd,
  0x00, 0x00, 0xfd, 0xfd, 0x00, 0x00, 0x19, 0xfe, 0x00, 0x00, 0x19, 0xfe,
  0x00, 0x00, 0x39, 0xfe, 0x00, 0x00, 0x39, 0xfe, 0x00, 0x00, 0x55, 0xfe,
  0x00, 0x00, 0x55, 0xfe, 0x00, 0x00, 0x63, 0xfe, 0x00, 0x00, 0x63, 0xfe,
  0x00, 0x00, 0x6d, 0xfe, 0x00, 0x00, 0x6d, 0xfe, 0x00, 0x00, 0x80, 0xfe,
  0x00, 0x00, 0x80, 0xfe, 0x00, 0x00, 0x95, 0xfe, 0x00, 0x00, 0x95, 0xfe,
  0x00, 0x00, 0xac, 0xfe, 0x00, 0x00, 0xac, 0xfe, 0x00, 0x00, 0xc4, 0xfe,
  0x00, 0x00, 0xc4, 0xfe, 0x00, 0x00, 0xdc, 0xfe, 0x00, 0x00, 0xdc, 0xfe,
  0x00, 0x00, 0xfa, 0xfe, 0x00, 0x00, 0xfa, 0xfe, 0x00, 0x00, 0x1a, 0xff,
  0x00, 0x00, 0x1a, 0xff, 0x00, 0x00, 0x3c, 0xff, 0x00, 0x00, 0x3c, 0xff,
  0x00, 0x00, 0x5e, 0xff, 0x00, 0x00, 0x5e, 0xff, 0x00, 0x00, 0x7a, 0xff,
  0x00, 0x00, 0x7a, 0xff, 0x00, 0x00, 0x96, 0xff, 0x00, 0x00, 0x96, 0xff,
  0x00, 0x00, 0xac, 0xff, 0x00, 0x00, 0xac, 0xff, 0x00, 0x00, 0xbb, 0xff,
  0x00, 0x00, 0xbb, 0xff, 0x00, 0x00, 0xbf, 0xff, 0x00, 0x00, 0xbf, 0xff,
  0x00, 0x00, 0xba, 0xff, 0x00, 0x00, 0xba, 0xff, 0x00, 0x00, 0xaf, 0xff,
  0x00, 0x00, 0xaf, 0xff, 0x00, 0x00, 0x9c, 0xff, 0x00, 0x00, 0x9c, 0xff,
  0x00, 0x00, 0x82, 0xff, 0x00, 0x00, 0x82, 0xff, 0x00, 0x00, 0x68, 0xff,
  0x00, 0x00, 0x68, 0xff, 0x00, 0x00, 0x50, 0xff, 0x00, 0x00, 0x50, 0xff,
  0x00, 0x00, 0x39, 0xff, 0x00, 0x00, 0x39, 0xff, 0x00, 0x00, 0x2b, 0xff,
  0x00, 0x00, 0x2b, 0xff, 0x00, 0x00, 0x27, 0xff, 0x00, 0x00, 0x27, 0xff,
  0x00, 0x00, 0x27, 0xff, 0x00, 0x00, 0x27, 0xff, 0x00, 0x00, 0x24, 0xff,
  0x00, 0x00, 0x24, 0xff, 0x00, 0x00, 0x1f, 0xff, 0x00, 0x00, 0x1f, 0xff,
  0x00, 0x00, 0x23, 0xff, 0x00, 0x00, 0x23, 0xff, 0x00, 0x00, 0x2b, 0xff,
  0x00, 0x00, 0x2b, 0xff, 0x00, 0x00, 0x2c, 0xff, 0x00, 0x00, 0x2c, 0xff,
  0x00, 0x00, 0x1f, 0xff, 0x00, 0x00, 0x1f, 0xff, 0x00, 0x00, 0x0d, 0xff,
  0x00, 0x00, 0x0d, 0xff, 0x00, 0x00, 0xfe, 0xfe, 0x00, 0x00, 0xfe, 0xfe,
  0x00, 0x00, 0xee, 0xfe, 0x00, 0x00, 0xee, 0xfe, 0x00, 0x00, 0xda, 0xfe,
  0x00, 0x00, 0xda, 0xfe, 0x00, 0x00, 0xbc, 0xfe, 0x00, 0x00, 0xbc, 0xfe,
  0x00, 0x00, 0x9b, 0xfe, 0x00, 0x00, 0x9b, 0xfe, 0x00, 0x00, 0x7f, 0xfe,
  0x00, 0x00, 0x7f, 0xfe, 0x00, 0x00, 0x70, 0xfe, 0x00, 0x00, 0x70, 0xfe,
  0x00, 0x00, 0x77, 0xfe, 0x00, 0x00, 0x77, 0xfe, 0x00, 0x00, 0x95, 0xfe,
  0x00, 0x00, 0x95, 0xfe, 0x00, 0x00, 0xce, 0xfe, 0x00, 0x00, 0xce, 0xfe,
  0x00, 0x00, 0x27, 0xff, 0x00, 0x00, 0x27, 0xff, 0x00, 0x00, 0xac, 0xff,
  0x00, 0x00, 0xac, 0xff, 0x00, 0x00, 0x64, 0x00, 0x00, 0x00, 0x64, 0x00,
  0x00, 0x00, 0x44, 0x01, 0x00, 0x00, 0x44, 0x01, 0x00, 0x00, 0x38, 0x02,
  0x00, 0x00, 0x38, 0x02, 0x00, 0x00, 0x2c, 0x03, 0x00, 0x00, 0x2c, 0x03,
  0x00, 0x00, 0x22, 0x04, 0x00, 0x00, 0x22, 0x04, 0x00, 0x00, 0x16, 0x05,
  0x00, 0x00, 0x16, 0x05, 0x00, 0x00, 0xee, 0x05, 0x00, 0x00, 0xee, 0x05,
  0x00, 0x00, 0x99, 0x06, 0x00, 0x00, 0x99, 0x06, 0x00, 0x00, 0x09, 0x07,
  0x00, 0x00, 0x09, 0x07, 0x00, 0x00, 0x44, 0x07, 0x00, 0x00, 0x44, 0x07,
  0x00, 0x00, 0x50, 0x07, 0x00, 0x00, 0x50, 0x07, 0x00, 0x00, 0x2c, 0x07,
  0x00, 0x00, 0x2c, 0x07, 0x00, 0x00, 0xe8, 0x06, 0x00, 0x00, 0xe8, 0x06,
  0x00, 0x00, 0x8f, 0x06, 0x00, 0x00, 0x8f, 0x06, 0x00, 0x00, 0x29, 0x06,
  0x00, 0x00, 0x29, 0x06, 0x00, 0x00, 0xc3, 0x05, 0x00, 0x00, 0xc3, 0x05,
  0x00, 0x00, 0x6e, 0x05, 0x00, 0x00, 0x6e, 0x05, 0x00, 0x00, 0x3e, 0x05,
  0x00, 0x00, 0x3e, 0x05, 0x00, 0x00, 0x28, 0x05, 0x00, 0x00, 0x28, 0x05,
  0x00, 0x00, 0x1e, 0x05, 0x00, 0x00, 0x1e, 0x05, 0x00, 0x00, 0x1b, 0x05,
  0x00, 0x00, 0x1b, 0x05, 0x00, 0x00, 0x23, 0x05, 0x00, 0x00, 0x23, 0x05,
  0x00, 0x00, 0x2d, 0x05, 0x00, 0x00, 0x2d, 0x05, 0x00, 0x00, 0x26, 0x05,
  0x00, 0x00, 0x26, 0x05, 0x00, 0x00, 0x05, 0x05, 0x00, 0x00, 0x05, 0x05,
  0x00, 0x00, 0xc8, 0x04, 0x00, 0x00, 0xc8, 0x04, 0x00, 0x00, 0x74, 0x04,
  0x00, 0x00, 0x74, 0x04, 0x00, 0x00, 0x0a, 0x04, 0x00, 0x00, 0x0a, 0x04,
  0x00, 0x00, 0x93, 0x03, 0x00, 0x00, 0x93, 0x03, 0x00, 0x00, 0x19, 0x03,
  0x00, 0x00, 0x19, 0x03, 0x00, 0x00, 0xa2, 0x02, 0x00, 0x00, 0xa2, 0x02,
  0x00, 0x00, 0x33, 0x02, 0x00, 0x00, 0x33, 0x02, 0x00, 0x00, 0xd9, 0x01,
  0x00, 0x00, 0xd9, 0x01, 0x00, 0x00, 0xa2, 0x01, 0x00, 0x00, 0xa2, 0x01,
  0x00, 0x00, 0x91, 0x01, 0x00, 0x00, 0x91, 0x01, 0x00, 0x00, 0x98, 0x01,
  0x00, 0x00, 0x98, 0x01, 0x00, 0x00, 0xad, 0x01, 0x00, 0x00, 0xad, 0x01,
  0x00, 0x00, 0xd2, 0x01, 0x00, 0x00, 0xd2, 0x01, 0x00, 0x00, 0x00, 0x02,
  0x00, 0x00, 0x00, 0x02, 0x00, 0x00, 0x28, 0x02, 0x00, 0x00, 0x28, 0x02,
  0x00, 0x00, 0x38, 0x02, 0x00, 0x00, 0x38, 0x02, 0x00, 0x00, 0x27, 0x02,
  0x00, 0x00, 0x27, 0x02, 0x00, 0x00, 0xf6, 0x01, 0x00, 0x00, 0xf6, 0x01,
  0x00, 0x00, 0xa4, 0x01, 0x00, 0x00, 0xa4, 0x01, 0x00, 0x00, 0x34, 0x01,
  0x00, 0x00, 0x34, 0x01, 0x00, 0x00, 0xb2, 0x00, 0x00, 0x00, 0xb2, 0x00,
  0x00, 0x00, 0x20, 0x00, 0x00, 0x00, 0x20, 0x00, 0x00, 0x00, 0x86, 0xff,
  0x00, 0x00, 0x86, 0xff, 0x00, 0x00, 0xf1, 0xfe, 0x00, 0x00, 0xf1, 0xfe,
  0x00, 0x00, 0x6c, 0xfe, 0x00, 0x00, 0x6c, 0xfe, 0x00, 0x00, 0x02, 0xfe,
  0x00, 0x00, 0x02, 0xfe, 0x00, 0x00, 0xaa, 0xfd, 0x00, 0x00, 0xaa, 0xfd,
  0x00, 0x00, 0x61, 0xfd, 0x00, 0x00, 0x61, 0xfd, 0x00, 0x00, 0x2e, 0xfd,
  0x00, 0x00, 0x2e, 0xfd, 0x00, 0x00, 0x10, 0xfd, 0x00, 0x00, 0x10, 0xfd,
  0x00, 0x00, 0x01, 0xfd, 0x00, 0x00, 0x01, 0xfd, 0x00, 0x00, 0xf2, 0xfc,
  0x00, 0x00, 0xf2, 0xfc, 0x00, 0x00, 0xdf, 0xfc, 0x00, 0x00, 0xdf, 0xfc,
  0x00, 0x00, 0xc7, 0xfc, 0x00, 0x00, 0xc7, 0xfc, 0x00, 0x00, 0xa9, 0xfc,
  0x00, 0x00, 0xa9, 0xfc, 0x00, 0x00, 0x88, 0xfc, 0x00, 0x00, 0x88, 0xfc,
  0x00, 0x00, 0x63, 0xfc, 0x00, 0x00, 0x63, 0xfc, 0x00, 0x00, 0x3b, 0xfc,
  0x00, 0x00, 0x3b, 0xfc, 0x00, 0x00, 0x13, 0xfc, 0x00, 0x00, 0x13, 0xfc,
  0x00, 0x00, 0xf1, 0xfb, 0x00, 0x00, 0xf1, 0xfb, 0x00, 0x00, 0xe5, 0xfb,
  0x00, 0x00, 0xe5, 0xfb, 0x00, 0x00, 0xe7, 0xfb, 0x00, 0x00, 0xe7, 0xfb,
  0x00, 0x00, 0xf4, 0xfb, 0x00, 0x00, 0xf4, 0xfb, 0x00, 0x00, 0x0b, 0xfc,
  0x00, 0x00, 0x0b, 0xfc, 0x00, 0x00, 0x33, 0xfc, 0x00, 0x00, 0x33, 0xfc,
  0x00, 0x00, 0x72, 0xfc, 0x00, 0x00, 0x72, 0xfc, 0x00, 0x00, 0xba, 0xfc,
  0x00, 0x00, 0xba, 0xfc, 0x00, 0x00, 0x03, 0xfd, 0x00, 0x00, 0x03, 0xfd,
  0x00, 0x00, 0x47, 0xfd, 0x00, 0x00, 0x47, 0xfd, 0x00, 0x00, 0x83, 0xfd,
  0x00, 0x00, 0x83, 0xfd, 0x00, 0x00, 0xb4, 0xfd, 0x00, 0x00, 0xb4, 0xfd,
  0x00, 0x00, 0xda, 0xfd, 0x00, 0x00, 0xda, 0xfd, 0x00, 0x00, 0xf7, 0xfd,
  0x00, 0x00, 0xf7, 0xfd, 0x00, 0x00, 0x04, 0xfe, 0x00, 0x00, 0x04, 0xfe,
  0x00, 0x00, 0x02, 0xfe, 0x00, 0x00, 0x02, 0xfe, 0x00, 0x00, 0xf6, 0xfd,
  0x00, 0x00, 0xf6, 0xfd, 0x00, 0x00, 0xea, 0xfd, 0x00, 0x00, 0xea, 0xfd,
  0x00, 0x00, 0xe2, 0xfd, 0x00, 0x00, 0xe2, 0xfd, 0x00, 0x00, 0xd5, 0xfd,
  0x00, 0x00, 0xd5, 0xfd, 0x00, 0x00, 0xc4, 0xfd, 0x00, 0x00, 0xc4, 0xfd,
  0x00, 0x00, 0xb8, 0xfd, 0x00, 0x00, 0xb8, 0xfd, 0x00, 0x00, 0xb5, 0xfd,
  0x00, 0x00, 0xb5, 0xfd, 0x00, 0x00, 0xb8, 0xfd, 0x00, 0x00, 0xb8, 0xfd,
  0x00, 0x00, 0xc0, 0xfd, 0x00, 0x00, 0xc0, 0xfd, 0x00, 0x00, 0xd0, 0xfd,
  0x00, 0x00, 0xd0, 0xfd, 0x00, 0x00, 0xe4, 0xfd, 0x00, 0x00, 0xe4, 0xfd,
  0x00, 0x00, 0xfb, 0xfd, 0x00, 0x00, 0xfb, 0xfd, 0x00, 0x00, 0x16, 0xfe,
  0x00, 0x00, 0x16, 0xfe, 0x00, 0x00, 0x37, 0xfe, 0x00, 0x00, 0x37, 0xfe,
  0x00, 0x00, 0x5a, 0xfe, 0x00, 0x00, 0x5a, 0xfe, 0x00, 0x00, 0x76, 0xfe,
  0x00, 0x00, 0x76, 0xfe, 0x00, 0x00, 0x92, 0xfe, 0x00, 0x00, 0x92, 0xfe,
  0x00, 0x00, 0xae, 0xfe, 0x00, 0x00, 0xae, 0xfe, 0x00, 0x00, 0xc6, 0xfe,
  0x00, 0x00, 0xc6, 0xfe, 0x00, 0x00, 0xdb, 0xfe, 0x00, 0x00, 0xdb, 0xfe,
  0x00, 0x00, 0xe4, 0xfe, 0x00, 0x00, 0xe4, 0xfe, 0x00, 0x00, 0xea, 0xfe,
  0x00, 0x00, 0xea, 0xfe, 0x00, 0x00, 0xf0, 0xfe, 0x00, 0x00, 0xf0, 0xfe,
  0x00, 0x00, 0xf3, 0xfe, 0x00, 0x00, 0xf3, 0xfe, 0x00, 0x00, 0xf5, 0xfe,
  0x00, 0x00, 0xf5, 0xfe, 0x00, 0x00, 0xf6, 0xfe, 0x00, 0x00, 0xf6, 0xfe,
  0x00, 0x00, 0xfd, 0xfe, 0x00, 0x00, 0xfd, 0xfe, 0x00, 0x00, 0x0d, 0xff,
  0x00, 0x00, 0x0d, 0xff, 0x00, 0x00, 0x25, 0xff, 0x00, 0x00, 0x25, 0xff,
  0x00, 0x00, 0x40, 0xff, 0x00, 0x00, 0x40, 0xff, 0x00, 0x00, 0x57, 0xff,
  0x00, 0x00, 0x57, 0xff, 0x00, 0x00, 0x6d, 0xff, 0x00, 0x00, 0x6d, 0xff,
  0x00, 0x00, 0x89, 0xff, 0x00, 0x00, 0x89, 0xff, 0x00, 0x00, 0xa2, 0xff,
  0x00, 0x00, 0xa2, 0xff, 0x00, 0x00, 0xb4, 0xff, 0x00, 0x00, 0xb4, 0xff,
  0x00, 0x00, 0xb9, 0xff, 0x00, 0x00, 0xb9, 0xff, 0x00, 0x00, 0xb4, 0xff,
  0x00, 0x00, 0xb4, 0xff, 0x00, 0x00, 0xaf, 0xff, 0x00, 0x00, 0xaf, 0xff,
  0x00, 0x00, 0xab, 0xff, 0x00, 0x00, 0xab, 0xff, 0x00, 0x00, 0xa6, 0xff,
  0x00, 0x00, 0xa6, 0xff, 0x00, 0x00, 0x97, 0xff, 0x00, 0x00, 0x97, 0xff,
  0x00, 0x00, 0x81, 0xff, 0x00, 0x00, 0x81, 0xff, 0x00, 0x00, 0x6a, 0xff,
  0x00, 0x00, 0x6a, 0xff, 0x00, 0x00, 0x5a, 0xff, 0x00, 0x00, 0x5a, 0xff,
  0x00, 0x00, 0x51, 0xff, 0x00, 0x00, 0x51, 0xff, 0x00, 0x00, 0x45, 0xff,
  0x00, 0x00, 0x45, 0xff, 0x00, 0x00, 0x32, 0xff, 0x00, 0x00, 0x32, 0xff,
  0x00, 0x00, 0x1f, 0xff, 0x00, 0x00, 0x1f, 0xff, 0x00, 0x00, 0x0d, 0xff,
  0x00, 0x00, 0x0d, 0xff, 0x00, 0x00, 0x00, 0xff, 0x00, 0x00, 0x00, 0xff,
  0x00, 0x00, 0xf4, 0xfe, 0x00, 0x00, 0xf4, 0xfe, 0x00, 0x00, 0xe0, 0xfe,
  0x00, 0x00, 0xe0, 0xfe, 0x00, 0x00, 0xc7, 0xfe, 0x00, 0x00, 0xc7, 0xfe,
  0x00, 0x00, 0xc3, 0xfe, 0x00, 0x00, 0xc3, 0xfe, 0x00, 0x00, 0xe2, 0xfe,
  0x00, 0x00, 0xe2, 0xfe, 0x00, 0x00, 0x1b, 0xff, 0x00, 0x00, 0x1b, 0xff,
  0x00, 0x00, 0x6d, 0xff, 0x00, 0x00, 0x6d, 0xff, 0x00, 0x00, 0xd7, 0xff,
  0x00, 0x00, 0xd7, 0xff, 0x00, 0x00, 0x5d, 0x00, 0x00, 0x00, 0x5d, 0x00,
  0x00, 0x00, 0x01, 0x01, 0x00, 0x00, 0x01, 0x01, 0x00, 0x00, 0xb3, 0x01,
  0x00, 0x00, 0xb3, 0x01, 0x00, 0x00, 0x68, 0x02, 0x00, 0x00, 0x68, 0x02,
  0x00, 0x00, 0x12, 0x03, 0x00, 0x00, 0x12, 0x03, 0x00, 0x00, 0xa4, 0x03,
  0x00, 0x00, 0xa4, 0x03, 0x00, 0x00, 0x1c, 0x04, 0x00, 0x00, 0x1c, 0x04,
  0x00, 0x00, 0x7f, 0x04, 0x00, 0x00, 0x7f, 0x04, 0x00, 0x00, 0xc8, 0x04,
  0x00, 0x00, 0xc8, 0x04, 0x00, 0x00, 0xec, 0x04, 0x00, 0x00, 0xec, 0x04,
  0x00, 0x00, 0xea, 0x04, 0x00, 0x00, 0xea, 0x04, 0x00, 0x00, 0xd4, 0x04,
  0x00, 0x00, 0xd4, 0x04, 0x00, 0x00, 0xbf, 0x04, 0x00, 0x00, 0xbf, 0x04,
  0x00, 0x00, 0xaa, 0x04, 0x00, 0x00, 0xaa, 0x04, 0x00, 0x00, 0x92, 0x04,
  0x00, 0x00, 0x92, 0x04, 0x00, 0x00, 0x7a, 0x04, 0x00, 0x00, 0x7a, 0x04,
  0x00, 0x00, 0x71, 0x04, 0x00, 0x00, 0x71, 0x04, 0x00, 0x00, 0x77, 0x04,
  0x00, 0x00, 0x77, 0x04, 0x00, 0x00, 0x82, 0x04, 0x00, 0x00, 0x82, 0x04,
  0x00, 0x00, 0x91, 0x04, 0x00, 0x00, 0x91, 0x04, 0x00, 0x00, 0x9c, 0x04,
  0x00, 0x00, 0x9c, 0x04, 0x00, 0x00, 0x93, 0x04, 0x00, 0x00, 0x93, 0x04,
  0x00, 0x00, 0x75, 0x04, 0x00, 0x00, 0x75, 0x04, 0x00, 0x00, 0x48, 0x04,
  0x00, 0x00, 0x48, 0x04, 0x00, 0x00, 0x0e, 0x04, 0x00, 0x00, 0x0e, 0x04,
  0x00, 0x00, 0xc2, 0x03, 0x00, 0x00, 0xc2, 0x03, 0x00, 0x00, 0x63, 0x03,
  0x00, 0x00, 0x63, 0x03, 0x00, 0x00, 0xfe, 0x02, 0x00, 0x00, 0xfe, 0x02,
  0x00, 0x00, 0xa1, 0x02, 0x00, 0x00, 0xa1, 0x02, 0x00, 0x00, 0x51, 0x02,
  0x00, 0x00, 0x51, 0x02, 0x00, 0x00, 0x0e, 0x02, 0x00, 0x00, 0x0e, 0x02,
  0x00, 0x00, 0xd6, 0x01, 0x00, 0x00, 0xd6, 0x01, 0x00, 0x00, 0xaf, 0x01,
  0x00, 0x00, 0xaf, 0x01, 0x00, 0x00, 0x9b, 0x01, 0x00, 0x00, 0x9b, 0x01,
  0x00, 0x00, 0x96, 0x01, 0x00, 0x00, 0x96, 0x01, 0x00, 0x00, 0xa0, 0x01,
  0x00, 0x00, 0xa0, 0x01, 0x00, 0x00, 0xb4, 0x01, 0x00, 0x00, 0xb4, 0x01,
  0x00, 0x00, 0xc9, 0x01, 0x00, 0x00, 0xc9, 0x01, 0x00, 0x00, 0xda, 0x01,
  0x00, 0x00, 0xda, 0x01, 0x00, 0x00, 0xe1, 0x01, 0x00, 0x00, 0xe1, 0x01,
  0x00, 0x00, 0xd8, 0x01, 0x00, 0x00, 0xd8, 0x01, 0x00, 0x00, 0xc2, 0x01,
  0x00, 0x00, 0xc2, 0x01, 0x00, 0x00, 0x9d, 0x01, 0x00, 0x00, 0x9d, 0x01,
  0x00, 0x00, 0x66, 0x01, 0x00, 0x00, 0x66, 0x01, 0x00, 0x00, 0x1d, 0x01,
  0x00, 0x00, 0x1d, 0x01, 0x00, 0x00, 0xc5, 0x00, 0x00, 0x00, 0xc5, 0x00,
  0x00, 0x00, 0x65, 0x00, 0x00, 0x00, 0x65, 0x00, 0x00, 0x00, 0x00, 0x00,
  0x00, 0x00, 0x00, 0x00, 0x00, 0x00, 0x98, 0xff, 0x00, 0x00, 0x98, 0xff,
  0x00, 0x00, 0x34, 0xff, 0x00, 0x00, 0x34, 0xff, 0x00, 0x00, 0xd8, 0xfe,
  0x00, 0x00, 0xd8, 0xfe, 0x00, 0x00, 0x87, 0xfe, 0x00, 0x00, 0x87, 0xfe,
  0x00, 0x00, 0x40, 0xfe, 0x00, 0x00, 0x40, 0xfe, 0x00, 0x00, 0x0b, 0xfe,
  0x00, 0x00, 0x0b, 0xfe, 0x00, 0x00, 0xe9, 0xfd, 0x00, 0x00, 0xe9, 0xfd,
  0x00, 0x00, 0xcf, 0xfd, 0x00, 0x00, 0xcf, 0xfd, 0x00, 0x00, 0xb8, 0xfd,
  0x00, 0x00, 0xb8, 0xfd, 0x00, 0x00, 0xa6, 0xfd, 0x00, 0x00, 0xa6, 0xfd,
  0x00, 0x00, 0x9f, 0xfd, 0x00, 0x00, 0x9f, 0xfd, 0x00, 0x00, 0x9a, 0xfd,
  0x00, 0x00, 0x9a, 0xfd, 0x00, 0x00, 0x8a, 0xfd, 0x00, 0x00, 0x8a, 0xfd,
  0x00, 0x00, 0x6b, 0xfd, 0x00, 0x00, 0x6b, 0xfd, 0x00, 0x00, 0x47, 0xfd,
  0x00, 0x00, 0x47, 0xfd, 0x00, 0x00, 0x21, 0xfd, 0x00, 0x00, 0x21, 0xfd,
  0x00, 0x00, 0xfb, 0xfc, 0x00, 0x00, 0xfb, 0xfc, 0x00, 0x00, 0xd9, 0xfc,
  0x00, 0x00, 0xd9, 0xfc, 0x00, 0x00, 0xc3, 0xfc, 0x00, 0x00, 0xc3, 0xfc,
  0x00, 0x00, 0xb7, 0xfc, 0x00, 0x00, 0xb7, 0xfc, 0x00, 0x00, 0xb2, 0xfc,
  0x00, 0x00, 0xb2, 0xfc, 0x00, 0x00, 0xbf, 0xfc, 0x00, 0x00, 0xbf, 0xfc,
  0x00, 0x00, 0xe5, 0xfc, 0x00, 0x00, 0xe5, 0xfc, 0x00, 0x00, 0x18, 0xfd,
  0x00, 0x00, 0x18, 0xfd, 0x00, 0x00, 0x48, 0xfd, 0x00, 0x00, 0x48, 0xfd,
  0x00, 0x00, 0x73, 0xfd, 0x00, 0x00, 0x73, 0xfd, 0x00, 0x00, 0xa5, 0xfd,
  0x00, 0x00, 0xa5, 0xfd, 0x00, 0x00, 0xda, 0xfd, 0x00, 0x00, 0xda, 0xfd,
  0x00, 0x00, 0x04, 0xfe, 0x00, 0x00, 0x04, 0xfe, 0x00, 0x00, 0x1d, 0xfe,
  0x00, 0x00, 0x1d, 0xfe, 0x00, 0x00, 0x2c, 0xfe, 0x00, 0x00, 0x2c, 0xfe,
  0x00, 0x00, 0x37, 0xfe, 0x00, 0x00, 0x37, 0xfe, 0x00, 0x00, 0x3c, 0xfe,
  0x00, 0x00, 0x3c, 0xfe, 0x00, 0x00, 0x39, 0xfe, 0x00, 0x00, 0x39, 0xfe,
  0x00, 0x00, 0x33, 0xfe, 0x00, 0x00, 0x33, 0xfe, 0x00, 0x00, 0x2d, 0xfe,
  0x00, 0x00, 0x2d, 0xfe, 0x00, 0x00, 0x26, 0xfe, 0x00, 0x00, 0x26, 0xfe,
  0x00, 0x00, 0x20, 0xfe, 0x00, 0x00, 0x20, 0xfe, 0x00, 0x00, 0x26, 0xfe,
  0x00, 0x00, 0x26, 0xfe, 0x00, 0x00, 0x37, 0xfe, 0x00, 0x00, 0x37, 0xfe,
  0x00, 0x00, 0x4a, 0xfe, 0x00, 0x00, 0x4a, 0xfe, 0x00, 0x00, 0x56, 0xfe,
  0x00, 0x00, 0x56, 0xfe, 0x00, 0x00, 0x62, 0xfe, 0x00, 0x00, 0x62, 0xfe,
  0x00, 0x00, 0x73, 0xfe, 0x00, 0x00, 0x73, 0xfe, 0x00, 0x00, 0x84, 0xfe,
  0x00, 0x00, 0x84, 0xfe, 0x00, 0x00, 0x8f, 0xfe, 0x00, 0x00, 0x8f, 0xfe,
  0x00, 0x00, 0x95, 0xfe, 0x00, 0x00, 0x95, 0xfe, 0x00, 0x00, 0x9b, 0xfe,
  0x00, 0x00, 0x9b, 0xfe, 0x00, 0x00, 0xa4, 0xfe, 0x00, 0x00, 0xa4, 0xfe,
  0x00, 0x00, 0xac, 0xfe, 0x00, 0x00, 0xac, 0xfe, 0x00, 0x00, 0xb4, 0xfe,
  0x00, 0x00, 0xb4, 0xfe, 0x00, 0x00, 0xc1, 0xfe, 0x00, 0x00, 0xc1, 0xfe,
  0x00, 0x00, 0xd1, 0xfe, 0x00, 0x00, 0xd1, 0xfe, 0x00, 0x00, 0xe3, 0xfe,
  0x00, 0x00, 0xe3, 0xfe, 0x00, 0x00, 0xf4, 0xfe, 0x00, 0x00, 0xf4, 0xfe,
  0x00, 0x00, 0x0c, 0xff, 0x00, 0x00, 0x0c, 0xff, 0x00, 0x00, 0x29, 0xff,
  0x00, 0x00, 0x29, 0xff, 0x00, 0x00, 0x45, 0xff, 0x00, 0x00, 0x45, 0xff,
  0x00, 0x00, 0x5c, 0xff, 0x00, 0x00, 0x5c, 0xff, 0x00, 0x00, 0x72, 0xff,
  0x00, 0x00, 0x72, 0xff, 0x00, 0x00, 0x8b, 0xff, 0x00, 0x00, 0x8b, 0xff,
  0x00, 0x00, 0xa4, 0xff, 0x00, 0x00, 0xa4, 0xff, 0x00, 0x00, 0xb8, 0xff,
  0x00, 0x00, 0xb8, 0xff, 0x00, 0x00, 0xc5, 0xff, 0x00, 0x00, 0xc5, 0xff,
  0x00, 0x00, 0xce, 0xff, 0x00, 0x00, 0xce, 0xff, 0x00, 0x00, 0xd2, 0xff,
  0x00, 0x00, 0xd2, 0xff, 0x00, 0x00, 0xd0, 0xff, 0x00, 0x00, 0xd0, 0xff,
  0x00, 0x00, 0xca, 0xff, 0x00, 0x00, 0xca, 0xff, 0x00, 0x00, 0xc6, 0xff,
  0x00, 0x00, 0xc6, 0xff, 0x00, 0x00, 0xc1, 0xff, 0x00, 0x00, 0xc1, 0xff,
  0x00, 0x00, 0xb3, 0xff, 0x00, 0x00, 0xb3, 0xff, 0x00, 0x00, 0xa1, 0xff,
  0x00, 0x00, 0xa1, 0xff, 0x00, 0x00, 0x96, 0xff, 0x00, 0x00, 0x96, 0xff,
  0x00, 0x00, 0x93, 0xff, 0x00, 0x00, 0x93, 0xff, 0x00, 0x00, 0x8c, 0xff,
  0x00, 0x00, 0x8c, 0xff, 0x00, 0x00, 0x7f, 0xff, 0x00, 0x00, 0x7f, 0xff,
  0x00, 0x00, 0x75, 0xff, 0x00, 0x00, 0x75, 0xff, 0x00, 0x00, 0x73, 0xff,
  0x00, 0x00, 0x73, 0xff, 0x00, 0x00, 0x75, 0xff, 0x00, 0x00, 0x75, 0xff,
  0x00, 0x00, 0x75, 0xff, 0x00, 0x00, 0x75, 0xff, 0x00, 0x00, 0x6f, 0xff,
  0x00, 0x00, 0x6f, 0xff, 0x00, 0x00, 0x65, 0xff, 0x00, 0x00, 0x65, 0xff,
  0x00, 0x00, 0x56, 0xff, 0x00, 0x00, 0x56, 0xff, 0x00, 0x00, 0x46, 0xff,
  0x00, 0x00, 0x46, 0xff, 0x00, 0x00, 0x40, 0xff, 0x00, 0x00, 0x40, 0xff,
  0x00, 0x00, 0x4c, 0xff, 0x00, 0x00, 0x4c, 0xff, 0x00, 0x00, 0x69, 0xff,
  0x00, 0x00, 0x69, 0xff, 0x00, 0x00, 0x97, 0xff, 0x00, 0x00, 0x97, 0xff,
  0x00, 0x00, 0xde, 0xff, 0x00, 0x00, 0xde, 0xff, 0x00, 0x00, 0x43, 0x00,
  0x00, 0x00, 0x43, 0x00, 0x00, 0x00, 0xbb, 0x00, 0x00, 0x00, 0xbb, 0x00,
  0x00, 0x00, 0x39, 0x01, 0x00, 0x00, 0x39, 0x01, 0x00, 0x00, 0xbb, 0x01,
  0x00, 0x00, 0xbb, 0x01, 0x00, 0x00, 0x40, 0x02, 0x00, 0x00, 0x40, 0x02,
  0x00, 0x00, 0xc4, 0x02, 0x00, 0x00, 0xc4, 0x02, 0x00, 0x00, 0x39, 0x03,
  0x00, 0x00, 0x39, 0x03, 0x00, 0x00, 0x94, 0x03, 0x00, 0x00, 0x94, 0x03,
  0x00, 0x00, 0xd7, 0x03, 0x00, 0x00, 0xd7, 0x03, 0x00, 0x00, 0xfe, 0x03,
  0x00, 0x00, 0xfe, 0x03, 0x00, 0x00, 0x06, 0x04, 0x00, 0x00, 0x06, 0x04,
  0x00, 0x00, 0xf9, 0x03, 0x00, 0x00, 0xf9, 0x03, 0x00, 0x00, 0xe1, 0x03,
  0x00, 0x00, 0xe1, 0x03, 0x00, 0x00, 0xc6, 0x03, 0x00, 0x00, 0xc6, 0x03,
  0x00, 0x00, 0xa8, 0x03, 0x00, 0x00, 0xa8, 0x03, 0x00, 0x00, 0x8c, 0x03,
  0x00, 0x00, 0x8c, 0x03, 0x00, 0x00, 0x7d, 0x03, 0x00, 0x00, 0x7d, 0x03,
  0x00, 0x00, 0x7a, 0x03, 0x00, 0x00, 0x7a, 0x03, 0x00, 0x00, 0x82, 0x03,
  0x00, 0x00, 0x82, 0x03, 0x00, 0x00, 0x8e, 0x03, 0x00, 0x00, 0x8e, 0x03,
  0x00, 0x00, 0x9d, 0x03, 0x00, 0x00, 0x9d, 0x03, 0x00, 0x00, 0xa6, 0x03,
  0x00, 0x00, 0xa6, 0x03, 0x00, 0x00, 0xa2, 0x03, 0x00, 0x00, 0xa2, 0x03,
  0x00, 0x00, 0x8d, 0x03, 0x00, 0x00, 0x8d, 0x03, 0x00, 0x00, 0x68, 0x03,
  0x00, 0x00, 0x68, 0x03, 0x00, 0x00, 0x34, 0x03, 0x00, 0x00, 0x34, 0x03,
  0x00, 0x00, 0xee, 0x02, 0x00, 0x00, 0xee, 0x02, 0x00, 0x00, 0x98, 0x02,
  0x00, 0x00, 0x98, 0x02, 0x00, 0x00, 0x43, 0x02, 0x00, 0x00, 0x43, 0x02,
  0x00, 0x00, 0xf4, 0x01, 0x00, 0x00, 0xf4, 0x01, 0x00, 0x00, 0xad, 0x01,
  0x00, 0x00, 0xad, 0x01, 0x00, 0x00, 0x6f, 0x01, 0x00, 0x00, 0x6f, 0x01,
  0x00, 0x00, 0x40, 0x01, 0x00, 0x00, 0x40, 0x01, 0x00, 0x00, 0x27, 0x01,
  0x00, 0x00, 0x27, 0x01, 0x00, 0x00, 0x22, 0x01, 0x00, 0x00, 0x22, 0x01,
  0x00, 0x00, 0x2e, 0x01, 0x00, 0x00, 0x2e, 0x01, 0x00, 0x00, 0x44, 0x01,
  0x00, 0x00, 0x44, 0x01, 0x00, 0x00, 0x5d, 0x01, 0x00, 0x00, 0x5d, 0x01,
  0x00, 0x00, 0x6e, 0x01, 0x00, 0x00, 0x6e, 0x01, 0x00, 0x00, 0x74, 0x01,
  0x00, 0x00, 0x74, 0x01, 0x00, 0x00, 0x6e, 0x01, 0x00, 0x00, 0x6e, 0x01,
  0x00, 0x00, 0x59, 0x01, 0x00, 0x00, 0x59, 0x01, 0x00, 0x00, 0x31, 0x01,
  0x00, 0x00, 0x31, 0x01, 0x00, 0x00, 0xf2, 0x00, 0x00, 0x00, 0xf2, 0x00,
  0x00, 0x00, 0xa8, 0x00, 0x00, 0x00, 0xa8, 0x00, 0x00, 0x00, 0x5e, 0x00,
  0x00, 0x00, 0x5e, 0x00, 0x00, 0x00, 0x12, 0x00, 0x00, 0x00, 0x12, 0x00,
  0x00, 0x00, 0xc1, 0xff, 0x00, 0x00, 0xc1, 0xff, 0x00, 0x00, 0x73, 0xff,
  0x00, 0x00, 0x73, 0xff, 0x00, 0x00, 0x31, 0xff, 0x00, 0x00, 0x31, 0xff,
  0x00, 0x00, 0xfd, 0xfe, 0x00, 0x00, 0xfd, 0xfe, 0x00, 0x00, 0xd3, 0xfe,
  0x00, 0x00, 0xd3, 0xfe, 0x00, 0x00, 0xb2, 0xfe, 0x00, 0x00, 0xb2, 0xfe,
  0x00, 0x00, 0x99, 0xfe, 0x00, 0x00, 0x99, 0xfe, 0x00, 0x00, 0x87, 0xfe,
  0x00, 0x00, 0x87, 0xfe, 0x00, 0x00, 0x74, 0xfe, 0x00, 0x00, 0x74, 0xfe,
  0x00, 0x00, 0x60, 0xfe, 0x00, 0x00, 0x60, 0xfe, 0x00, 0x00, 0x4e, 0xfe,
  0x00, 0x00, 0x4e, 0xfe, 0x00, 0x00, 0x37, 0xfe, 0x00, 0x00, 0x37, 0xfe,
  0x00, 0x00, 0x16, 0xfe, 0x00, 0x00, 0x16, 0xfe, 0x00, 0x00, 0xeb, 0xfd,
  0x00, 0x00, 0xeb, 0xfd, 0x00, 0x00, 0xc2, 0xfd, 0x00, 0x00, 0xc2, 0xfd,
  0x00, 0x00, 0xa0, 0xfd, 0x00, 0x00, 0xa0, 0xfd, 0x00, 0x00, 0x80, 0xfd,
  0x00, 0x00, 0x80, 0xfd, 0x00, 0x00, 0x63, 0xfd, 0x00, 0x00, 0x63, 0xfd,
  0x00, 0x00, 0x51, 0xfd, 0x00, 0x00, 0x51, 0xfd, 0x00, 0x00, 0x4e, 0xfd,
  0x00, 0x00, 0x4e, 0xfd, 0x00, 0x00, 0x57, 0xfd, 0x00, 0x00, 0x57, 0xfd,
  0x00, 0x00, 0x68, 0xfd, 0x00, 0x00, 0x68, 0xfd, 0x00, 0x00, 0x83, 0xfd,
  0x00, 0x00, 0x83, 0xfd, 0x00, 0x00, 0xa8, 0xfd, 0x00, 0x00, 0xa8, 0xfd,
  0x00, 0x00, 0xce, 0xfd, 0x00, 0x00, 0xce, 0xfd, 0x00, 0x00, 0xf3, 0xfd,
  0x00, 0x00, 0xf3, 0xfd, 0x00, 0x00, 0x1b, 0xfe, 0x00, 0x00, 0x1b, 0xfe,
  0x00, 0x00, 0x45, 0xfe, 0x00, 0x00, 0x45, 0xfe, 0x00, 0x00, 0x66, 0xfe,
  0x00, 0x00, 0x66, 0xfe, 0x00, 0x00, 0x77, 0xfe, 0x00, 0x00, 0x77, 0xfe,
  0x00, 0x00, 0x7f, 0xfe, 0x00, 0x00, 0x7f, 0xfe, 0x00, 0x00, 0x87, 0xfe,
  0x00, 0x00, 0x87, 0xfe, 0x00, 0x00, 0x8b, 0xfe, 0x00, 0x00, 0x8b, 0xfe,
  0x00, 0x00, 0x85, 0xfe, 0x00, 0x00, 0x85, 0xfe, 0x00, 0x00, 0x7c, 0xfe,
  0x00, 0x00, 0x7c, 0xfe, 0x00, 0x00, 0x74, 0xfe, 0x00, 0x00, 0x74, 0xfe,
  0x00, 0x00, 0x70, 0xfe, 0x00, 0x00, 0x70, 0xfe, 0x00, 0x00, 0x70, 0xfe,
  0x00, 0x00, 0x70, 0xfe, 0x00, 0x00, 0x72, 0xfe, 0x00, 0x00, 0x72, 0xfe,
  0x00, 0x00, 0x76, 0xfe, 0x00, 0x00, 0x76, 0xfe, 0x00, 0x00, 0x7d, 0xfe,
  0x00, 0x00, 0x7d, 0xfe, 0x00, 0x00, 0x88, 0xfe, 0x00, 0x00, 0x88, 0xfe,
  0x00, 0x00, 0x96, 0xfe, 0x00, 0x00, 0x96, 0xfe, 0x00, 0x00, 0xa8, 0xfe,
  0x00, 0x00, 0xa8, 0xfe, 0x00, 0x00, 0xbc, 0xfe, 0x00, 0x00, 0xbc, 0xfe,
  0x00, 0x00, 0xd1, 0xfe, 0x00, 0x00, 0xd1, 0xfe, 0x00, 0x00, 0xe9, 0xfe,
  0x00, 0x00, 0xe9, 0xfe, 0x00, 0x00, 0x04, 0xff, 0x00, 0x00, 0x04, 0xff,
  0x00, 0x00, 0x1f, 0xff, 0x00, 0x00, 0x1f, 0xff, 0x00, 0x00, 0x35, 0xff,
  0x00, 0x00, 0x35, 0xff, 0x00, 0x00, 0x41, 0xff, 0x00, 0x00, 0x41, 0xff,
  0x00, 0x00, 0x45, 0xff, 0x00, 0x00, 0x45, 0xff, 0x00, 0x00, 0x47, 0xff,
  0x00, 0x00, 0x47, 0xff, 0x00, 0x00, 0x46, 0xff, 0x00, 0x00, 0x46, 0xff,
  0x00, 0x00, 0x40, 0xff, 0x00, 0x00, 0x40, 0xff, 0x00, 0x00, 0x37, 0xff,
  0x00, 0x00, 0x37, 0xff, 0x00, 0x00, 0x2f, 0xff, 0x00, 0x00, 0x2f, 0xff,
  0x00, 0x00, 0x2f, 0xff, 0x00, 0x00, 0x2f, 0xff, 0x00, 0x00, 0x37, 0xff,
  0x00, 0x00, 0x37, 0xff, 0x00, 0x00, 0x45, 0xff, 0x00, 0x00, 0x45, 0xff,
  0x00, 0x00, 0x58, 0xff, 0x00, 0x00, 0x58, 0xff, 0x00, 0x00, 0x74, 0xff,
  0x00, 0x00, 0x74, 0xff, 0x00, 0x00, 0x94, 0xff, 0x00, 0x00, 0x94, 0xff,
  0x00, 0x00, 0xb7, 0xff, 0x00, 0x00, 0xb7, 0xff, 0x00, 0x00, 0xd9, 0xff,
  0x00, 0x00, 0xd9, 0xff, 0x00, 0x00, 0xf8, 0xff, 0x00, 0x00, 0xf8, 0xff,
  0x00, 0x00, 0x0d, 0x00, 0x00, 0x00, 0x0d, 0x00, 0x00, 0x00, 0x16, 0x00,
  0x00, 0x00, 0x16, 0x00, 0x00, 0x00, 0x18, 0x00, 0x00, 0x00, 0x18, 0x00,
  0x00, 0x00, 0x12, 0x00, 0x00, 0x00, 0x12, 0x00, 0x00, 0x00, 0x03, 0x00,
  0x00, 0x00, 0x03, 0x00, 0x00, 0x00, 0xeb, 0xff, 0x00, 0x00, 0xeb, 0xff,
  0x00, 0x00, 0xce, 0xff, 0x00, 0x00, 0xce, 0xff, 0x00, 0x00, 0xb4, 0xff,
  0x00, 0x00, 0xb4, 0xff, 0x00, 0x00, 0x9d, 0xff, 0x00, 0x00, 0x9d, 0xff,
  0x00, 0x00, 0x8c, 0xff, 0x00, 0x00, 0x8c, 0xff, 0x00, 0x00, 0x82, 0xff,
  0x00, 0x00, 0x82, 0xff, 0x00, 0x00, 0x7e, 0xff, 0x00, 0x00, 0x7e, 0xff,
  0x00, 0x00, 0x7e, 0xff, 0x00, 0x00, 0x7e, 0xff, 0x00, 0x00, 0x7f, 0xff,
  0x00, 0x00, 0x7f, 0xff, 0x00, 0x00, 0x81, 0xff, 0x00, 0x00, 0x81, 0xff,
  0x00, 0x00, 0x85, 0xff, 0x00, 0x00, 0x85, 0xff, 0x00, 0x00, 0x8a, 0xff,
  0x00, 0x00, 0x8a, 0xff, 0x00, 0x00, 0x8e, 0xff, 0x00, 0x00, 0x8e, 0xff,
  0x00, 0x00, 0x98, 0xff, 0x00, 0x00, 0x98, 0xff, 0x00, 0x00, 0xb0, 0xff,
  0x00, 0x00, 0xb0, 0xff, 0x00, 0x00, 0xd7, 0xff, 0x00, 0x00, 0xd7, 0xff,
  0x00, 0x00, 0x09, 0x00, 0x00, 0x00, 0x09, 0x00, 0x00, 0x00, 0x48, 0x00,
  0x00, 0x00, 0x48, 0x00, 0x00, 0x00, 0x96, 0x00, 0x00, 0x00, 0x96, 0x00,
  0x00, 0x00, 0xef, 0x00, 0x00, 0x00, 0xef, 0x00, 0x00, 0x00, 0x4d, 0x01,
  0x00, 0x00, 0x4d, 0x01, 0x00, 0x00, 0xa9, 0x01, 0x00, 0x00, 0xa9, 0x01,
  0x00, 0x00, 0xff, 0x01, 0x00, 0x00, 0xff, 0x01, 0x00, 0x00, 0x51, 0x02,
  0x00, 0x00, 0x51, 0x02, 0x00, 0x00, 0x94, 0x02, 0x00, 0x00, 0x94, 0x02,
  0x00, 0x00, 0xc5, 0x02, 0x00, 0x00, 0xc5, 0x02, 0x00, 0x00, 0xe2, 0x02,
  0x00, 0x00, 0xe2, 0x02, 0x00, 0x00, 0xec, 0x02, 0x00, 0x00, 0xec, 0x02,
  0x00, 0x00, 0xe6, 0x02, 0x00, 0x00, 0xe6, 0x02, 0x00, 0x00, 0xd5, 0x02,
  0x00, 0x00, 0xd5, 0x02, 0x00, 0x00, 0xc2, 0x02, 0x00, 0x00, 0xc2, 0x02,
  0x00, 0x00, 0xaf, 0x02, 0x00, 0x00, 0xaf, 0x02, 0x00, 0x00, 0x9d, 0x02,
  0x00, 0x00, 0x9d, 0x02, 0x00, 0x00, 0x8e, 0x02, 0x00, 0x00, 0x8e, 0x02,
  0x00, 0x00, 0x88, 0x02, 0x00, 0x00, 0x88, 0x02, 0x00, 0x00, 0x90, 0x02,
  0x00, 0x00, 0x90, 0x02, 0x00, 0x00, 0x9f, 0x02, 0x00, 0x00, 0x9f, 0x02,
  0x00, 0x00, 0xab, 0x02, 0x00, 0x00, 0xab, 0x02, 0x00, 0x00, 0xb5, 0x02,
  0x00, 0x00, 0xb5, 0x02, 0x00, 0x00, 0xbd, 0x02, 0x00, 0x00, 0xbd, 0x02,
  0x00, 0x00, 0xbe, 0x02, 0x00, 0x00, 0xbe, 0x02, 0x00, 0x00, 0xaf, 0x02,
  0x00, 0x00, 0xaf, 0x02, 0x00, 0x00, 0x8d, 0x02, 0x00, 0x00, 0x8d, 0x02,
  0x00, 0x00, 0x61, 0x02, 0x00, 0x00, 0x61, 0x02, 0x00, 0x00, 0x2d, 0x02,
  0x00, 0x00, 0x2d, 0x02, 0x00, 0x00, 0xf1, 0x01, 0x00, 0x00, 0xf1, 0x01,
  0x00, 0x00, 0xb3, 0x01, 0x00, 0x00, 0xb3, 0x01, 0x00, 0x00, 0x78, 0x01,
  0x00, 0x00, 0x78, 0x01, 0x00, 0x00, 0x41, 0x01, 0x00, 0x00, 0x41, 0x01,
  0x00, 0x00, 0x0f, 0x01, 0x00, 0x00, 0x0f, 0x01, 0x00, 0x00, 0xe8, 0x00,
  0x00, 0x00, 0xe8, 0x00, 0x00, 0x00, 0xd6, 0x00, 0x00, 0x00, 0xd6, 0x00,
  0x00, 0x00, 0xd3, 0x00, 0x00, 0x00, 0xd3, 0x00, 0x00, 0x00, 0xd7, 0x00,
  0x00, 0x00, 0xd7, 0x00, 0x00, 0x00, 0xde, 0x00, 0x00, 0x00, 0xde, 0x00,
  0x00, 0x00, 0xe7, 0x00, 0x00, 0x00, 0xe7, 0x00, 0x00, 0x00, 0xf1, 0x00,
  0x00, 0x00, 0xf1, 0x00, 0x00, 0x00, 0xf2, 0x00, 0x00, 0x00, 0xf2, 0x00,
  0x00, 0x00, 0xe8, 0x00, 0x00, 0x00, 0xe8, 0x00, 0x00, 0x00, 0xd5, 0x00,
  0x00, 0x00, 0xd5, 0x00, 0x00, 0x00, 0xb6, 0x00, 0x00, 0x00, 0xb6, 0x00,
  0x00, 0x00, 0x8b, 0x00, 0x00, 0x00, 0x8b, 0x00, 0x00, 0x00, 0x5a, 0x00,
  0x00, 0x00, 0x5a, 0x00, 0x00, 0x00, 0x26, 0x00, 0x00, 0x00, 0x26, 0x00,
  0x00, 0x00, 0xed, 0xff, 0x00, 0x00, 0xed, 0xff, 0x00, 0x00, 0xb4, 0xff,
  0x00, 0x00, 0xb4, 0xff, 0x00, 0x00, 0x7f, 0xff, 0x00, 0x00, 0x7f, 0xff,
  0x00, 0x00, 0x52, 0xff, 0x00, 0x00, 0x52, 0xff, 0x00, 0x00, 0x2d, 0xff,
  0x00, 0x00, 0x2d, 0xff, 0x00, 0x00, 0x0e, 0xff, 0x00, 0x00, 0x0e, 0xff,
  0x00, 0x00, 0xf5, 0xfe, 0x00, 0x00, 0xf5, 0xfe, 0x00, 0x00, 0xe0, 0xfe,
  0x00, 0x00, 0xe0, 0xfe, 0x00, 0x00, 0xcd, 0xfe, 0x00, 0x00, 0xcd, 0xfe,
  0x00, 0x00, 0xbb, 0xfe, 0x00, 0x00, 0xbb, 0xfe, 0x00, 0x00, 0xae, 0xfe,
  0x00, 0x00, 0xae, 0xfe, 0x00, 0x00, 0xa2, 0xfe, 0x00, 0x00, 0xa2, 0xfe,
  0x00, 0x00, 0x90, 0xfe, 0x00, 0x00, 0x90, 0xfe, 0x00, 0x00, 0x7c, 0xfe,
  0x00, 0x00, 0x7c, 0xfe, 0x00, 0x00, 0x68, 0xfe, 0x00, 0x00, 0x68, 0xfe,
  0x00, 0x00, 0x56, 0xfe, 0x00, 0x00, 0x56, 0xfe, 0x00, 0x00, 0x43, 0xfe,
  0x00, 0x00, 0x43, 0xfe, 0x00, 0x00, 0x32, 0xfe, 0x00, 0x00, 0x32, 0xfe,
  0x00, 0x00, 0x28, 0xfe, 0x00, 0x00, 0x28, 0xfe, 0x00, 0x00, 0x25, 0xfe,
  0x00, 0x00, 0x25, 0xfe, 0x00, 0x00, 0x28, 0xfe, 0x00, 0x00, 0x28, 0xfe,
  0x00, 0x00, 0x30, 0xfe, 0x00, 0x00, 0x30, 0xfe, 0x00, 0x00, 0x40, 0xfe,
  0x00, 0x00, 0x40, 0xfe, 0x00, 0x00, 0x54, 0xfe, 0x00, 0x00, 0x54, 0xfe,
  0x00, 0x00, 0x6b, 0xfe, 0x00, 0x00, 0x6b, 0xfe, 0x00, 0x00, 0x82, 0xfe,
  0x00, 0x00, 0x82, 0xfe, 0x00, 0x00, 0x9d, 0xfe, 0x00, 0x00, 0x9d, 0xfe,
  0x00, 0x00, 0xb6, 0xfe, 0x00, 0x00, 0xb6, 0xfe, 0x00, 0x00, 0xc8, 0xfe,
  0x00, 0x00, 0xc8, 0xfe, 0x00, 0x00, 0xd8, 0xfe, 0x00, 0x00, 0xd8, 0xfe,
  0x00, 0x00, 0xe5, 0xfe, 0x00, 0x00, 0xe5, 0xfe, 0x00, 0x00, 0xf0, 0xfe,
  0x00, 0x00, 0xf0, 0xfe, 0x00, 0x00, 0xf2, 0xfe, 0x00, 0x00, 0xf2, 0xfe,
  0x00, 0x00, 0xef, 0xfe, 0x00, 0x00, 0xef, 0xfe, 0x00, 0x00, 0xed, 0xfe,
  0x00, 0x00, 0xed, 0xfe, 0x00, 0x00, 0xeb, 0xfe, 0x00, 0x00, 0xeb, 0xfe,
  0x00, 0x00, 0xe8, 0xfe, 0x00, 0x00, 0xe8, 0xfe, 0x00, 0x00, 0xe6, 0xfe,
  0x00, 0x00, 0xe6, 0xfe, 0x00, 0x00, 0xea, 0xfe, 0x00, 0x00, 0xea, 0xfe,
  0x00, 0x00, 0xf1, 0xfe, 0x00, 0x00, 0xf1, 0xfe, 0x00, 0x00, 0xfa, 0xfe,
  0x00, 0x00, 0xfa, 0xfe, 0x00, 0x00, 0x07, 0xff, 0x00, 0x00, 0x07, 0xff,
  0x00, 0x00, 0x16, 0xff, 0x00, 0x00, 0x16, 0xff, 0x00, 0x00, 0x25, 0xff,
  0x00, 0x00, 0x25, 0xff, 0x00, 0x00, 0x30, 0xff, 0x00, 0x00, 0x30, 0xff,
  0x00, 0x00, 0x3b, 0xff, 0x00, 0x00, 0x3b, 0xff, 0x00, 0x00, 0x49, 0xff,
  0x00, 0x00, 0x49, 0xff, 0x00, 0x00, 0x58, 0xff, 0x00, 0x00, 0x58, 0xff,
  0x00, 0x00, 0x61, 0xff, 0x00, 0x00, 0x61, 0xff, 0x00, 0x00, 0x63, 0xff,
  0x00, 0x00, 0x63, 0xff, 0x00, 0x00, 0x65, 0xff, 0x00, 0x00, 0x65, 0xff,
  0x00, 0x00, 0x69, 0xff, 0x00, 0x00, 0x69, 0xff, 0x00, 0x00, 0x70, 0xff,
  0x00, 0x00, 0x70, 0xff, 0x00, 0x00, 0x77, 0xff, 0x00, 0x00, 0x77, 0xff,
  0x00, 0x00, 0x7d, 0xff, 0x00, 0x00, 0x7d, 0xff, 0x00, 0x00, 0x83, 0xff,
  0x00, 0x00, 0x83, 0xff, 0x00, 0x00, 0x8c, 0xff, 0x00, 0x00, 0x8c, 0xff,
  0x00, 0x00, 0x98, 0xff, 0x00, 0x00, 0x98, 0xff, 0x00, 0x00, 0xa6, 0xff,
  0x00, 0x00, 0xa6, 0xff, 0x00, 0x00, 0xb1, 0xff, 0x00, 0x00, 0xb1, 0xff,
  0x00, 0x00, 0xbb, 0xff, 0x00, 0x00, 0xbb, 0xff, 0x00, 0x00, 0xc6, 0xff,
  0x00, 0x00, 0xc6, 0xff, 0x00, 0x00, 0xd0, 0xff, 0x00, 0x00, 0xd0, 0xff,
  0x00, 0x00, 0xdb, 0xff, 0x00, 0x00, 0xdb, 0xff, 0x00, 0x00, 0xe5, 0xff,
  0x00, 0x00, 0xe5, 0xff, 0x00, 0x00, 0xe9, 0xff, 0x00, 0x00, 0xe9, 0xff,
  0x00, 0x00, 0xe9, 0xff, 0x00, 0x00, 0xe9, 0xff, 0x00, 0x00, 0xea, 0xff,
  0x00, 0x00, 0xea, 0xff, 0x00, 0x00, 0xf0, 0xff, 0x00, 0x00, 0xf0, 0xff,
  0x00, 0x00, 0xf7, 0xff, 0x00, 0x00, 0xf7, 0xff, 0x00, 0x00, 0xf9, 0xff,
  0x00, 0x00, 0xf9, 0xff, 0x00, 0x00, 0xf5, 0xff, 0x00, 0x00, 0xf5, 0xff,
  0x00, 0x00, 0xf0, 0xff, 0x00, 0x00, 0xf0, 0xff, 0x00, 0x00, 0xee, 0xff,
  0x00, 0x00, 0xee, 0xff, 0x00, 0x00, 0xec, 0xff, 0x00, 0x00, 0xec, 0xff,
  0x00, 0x00, 0xe6, 0xff, 0x00, 0x00, 0xe6, 0xff, 0x00, 0x00, 0xdf, 0xff,
  0x00, 0x00, 0xdf, 0xff, 0x00, 0x00, 0xd7, 0xff, 0x00, 0x00, 0xd7, 0xff,
  0x00, 0x00, 0xcf, 0xff, 0x00, 0x00, 0xcf, 0xff, 0x00, 0x00, 0xc9, 0xff,
  0x00, 0x00, 0xc9, 0xff, 0x00, 0x00, 0xc4, 0xff, 0x00, 0x00, 0xc4, 0xff,
  0x00, 0x00, 0xbe, 0xff, 0x00, 0x00, 0xbe, 0xff, 0x00, 0x00, 0xb8, 0xff,
  0x00, 0x00, 0xb8, 0xff, 0x00, 0x00, 0xb7, 0xff, 0x00, 0x00, 0xb7, 0xff,
  0x00, 0x00, 0xc3, 0xff, 0x00, 0x00, 0xc3, 0xff, 0x00, 0x00, 0xdc, 0xff,
  0x00, 0x00, 0xdc, 0xff, 0x00, 0x00, 0xff, 0xff, 0x00, 0x00, 0xff, 0xff,
  0x00, 0x00, 0x24, 0x00, 0x00, 0x00, 0x24, 0x00, 0x00, 0x00, 0x4f, 0x00,
  0x00, 0x00, 0x4f, 0x00, 0x00, 0x00, 0x82, 0x00, 0x00, 0x00, 0x82, 0x00,
  0x00, 0x00, 0xbb, 0x00, 0x00, 0x00, 0xbb, 0x00, 0x00, 0x00, 0xf6, 0x00,
  0x00, 0x00, 0xf6, 0x00, 0x00, 0x00, 0x28, 0x01, 0x00, 0x00, 0x28, 0x01,
  0x00, 0x00, 0x54, 0x01, 0x00, 0x00, 0x54, 0x01, 0x00, 0x00, 0x79, 0x01,
  0x00, 0x00, 0x79, 0x01, 0x00, 0x00, 0x9a, 0x01, 0x00, 0x00, 0x9a, 0x01,
  0x00, 0x00, 0xb5, 0x01, 0x00, 0x00, 0xb5, 0x01, 0x00, 0x00, 0xc4, 0x01,
  0x00, 0x00, 0xc4, 0x01, 0x00, 0x00, 0xc4, 0x01, 0x00, 0x00, 0xc4, 0x01,
  0x00, 0x00, 0xbc, 0x01, 0x00, 0x00, 0xbc, 0x01, 0x00, 0x00, 0xb3, 0x01,
  0x00, 0x00, 0xb3, 0x01, 0x00, 0x00, 0xab, 0x01, 0x00, 0x00, 0xab, 0x01,
  0x00, 0x00, 0xa4, 0x01, 0x00, 0x00, 0xa4, 0x01, 0x00, 0x00, 0x9a, 0x01,
  0x00, 0x00, 0x9a, 0x01, 0x00, 0x00, 0x8f, 0x01, 0x00, 0x00, 0x8f, 0x01,
  0x00, 0x00, 0x8a, 0x01, 0x00, 0x00, 0x8a, 0x01, 0x00, 0x00, 0x8d, 0x01,
  0x00, 0x00, 0x8d, 0x01, 0x00, 0x00, 0x97, 0x01, 0x00, 0x00, 0x97, 0x01,
  0x00, 0x00, 0xa0, 0x01, 0x00, 0x00, 0xa0, 0x01, 0x00, 0x00, 0xa2, 0x01,
  0x00, 0x00, 0xa2, 0x01, 0x00, 0x00, 0xa0, 0x01, 0x00, 0x00, 0xa0, 0x01,
  0x00, 0x00, 0x9b, 0x01, 0x00, 0x00, 0x9b, 0x01, 0x00, 0x00, 0x95, 0x01,
  0x00, 0x00, 0x95, 0x01, 0x00, 0x00, 0x87, 0x01, 0x00, 0x00, 0x87, 0x01,
  0x00, 0x00, 0x6d, 0x01, 0x00, 0x00, 0x6d, 0x01, 0x00, 0x00, 0x48, 0x01,
  0x00, 0x00, 0x48, 0x01, 0x00, 0x00, 0x22, 0x01, 0x00, 0x00, 0x22, 0x01,
  0x00, 0x00, 0x01, 0x01, 0x00, 0x00, 0x01, 0x01, 0x00, 0x00, 0xe0, 0x00,
  0x00, 0x00, 0xe0, 0x00, 0x00, 0x00, 0xbe, 0x00, 0x00, 0x00, 0xbe, 0x00,
  0x00, 0x00, 0x9c, 0x00, 0x00, 0x00, 0x9c, 0x00, 0x00, 0x00, 0x85, 0x00,
  0x00, 0x00, 0x85, 0x00, 0x00, 0x00, 0x7b, 0x00, 0x00, 0x00, 0x7b, 0x00,
  0x00, 0x00, 0x7a, 0x00, 0x00, 0x00, 0x7a, 0x00, 0x00, 0x00, 0x7c, 0x00,
  0x00, 0x00, 0x7c, 0x00, 0x00, 0x00, 0x81, 0x00, 0x00, 0x00, 0x81, 0x00,
  0x00, 0x00, 0x84, 0x00, 0x00, 0x00, 0x84, 0x00, 0x00, 0x00, 0x86, 0x00,
  0x00, 0x00, 0x86, 0x00, 0x00, 0x00, 0x86, 0x00, 0x00, 0x00, 0x86, 0x00,
  0x00, 0x00, 0x7f, 0x00, 0x00, 0x00, 0x7f, 0x00, 0x00, 0x00, 0x70, 0x00,
  0x00, 0x00, 0x70, 0x00, 0x00, 0x00, 0x57, 0x00, 0x00, 0x00, 0x57, 0x00,
  0x00, 0x00, 0x3a, 0x00, 0x00, 0x00, 0x3a, 0x00, 0x00, 0x00, 0x1f, 0x00,
  0x00, 0x00, 0x1f, 0x00, 0x00, 0x00, 0x02, 0x00, 0x00, 0x00, 0x02, 0x00,
  0x00, 0x00, 0xe0, 0xff, 0x00, 0x00, 0xe0, 0xff, 0x00, 0x00, 0xba, 0xff,
  0x00, 0x00, 0xba, 0xff, 0x00, 0x00, 0x9a, 0xff, 0x00, 0x00, 0x9a, 0xff,
  0x00, 0x00, 0x83, 0xff, 0x00, 0x00, 0x83, 0xff, 0x00, 0x00, 0x71, 0xff,
  0x00, 0x00, 0x71, 0xff, 0x00, 0x00, 0x5f, 0xff, 0x00, 0x00, 0x5f, 0xff,
  0x00, 0x00, 0x51, 0xff, 0x00, 0x00, 0x51, 0xff, 0x00, 0x00, 0x46, 0xff,
  0x00, 0x00, 0x46, 0xff, 0x00, 0x00, 0x3f, 0xff, 0x00, 0x00, 0x3f, 0xff,
  0x00, 0x00, 0x3a, 0xff, 0x00, 0x00, 0x3a, 0xff, 0x00, 0x00, 0x35, 0xff,
  0x00, 0x00, 0x35, 0xff, 0x00, 0x00, 0x2f, 0xff, 0x00, 0x00, 0x2f, 0xff,
  0x00, 0x00, 0x28, 0xff, 0x00, 0x00, 0x28, 0xff, 0x00, 0x00, 0x20, 0xff,
  0x00, 0x00, 0x20, 0xff, 0x00, 0x00, 0x19, 0xff, 0x00, 0x00, 0x19, 0xff,
  0x00, 0x00, 0x13, 0xff, 0x00, 0x00, 0x13, 0xff, 0x00, 0x00, 0x0a, 0xff,
  0x00, 0x00, 0x0a, 0xff, 0x00, 0x00, 0x00, 0xff, 0x00, 0x00, 0x00, 0xff,
  0x00, 0x00, 0xfb, 0xfe, 0x00, 0x00, 0xfb, 0xfe, 0x00, 0x00, 0xf8, 0xfe,
  0x00, 0x00, 0xf8, 0xfe, 0x00, 0x00, 0xf9, 0xfe, 0x00, 0x00, 0xf9, 0xfe,
  0x00, 0x00, 0xfd, 0xfe, 0x00, 0x00, 0xfd, 0xfe, 0x00, 0x00, 0x01, 0xff,
  0x00, 0x00, 0x01, 0xff, 0x00, 0x00, 0x0b, 0xff, 0x00, 0x00, 0x0b, 0xff,
  0x00, 0x00, 0x19, 0xff, 0x00, 0x00, 0x19, 0xff, 0x00, 0x00, 0x27, 0xff,
  0x00, 0x00, 0x27, 0xff, 0x00, 0x00, 0x34, 0xff, 0x00, 0x00, 0x34, 0xff,
  0x00, 0x00, 0x3d, 0xff, 0x00, 0x00, 0x3d, 0xff, 0x00, 0x00, 0x45, 0xff,
  0x00, 0x00, 0x45, 0xff, 0x00, 0x00, 0x51, 0xff, 0x00, 0x00, 0x51, 0xff,
  0x00, 0x00, 0x5b, 0xff, 0x00, 0x00, 0x5b, 0xff, 0x00, 0x00, 0x62, 0xff,
  0x00, 0x00, 0x62, 0xff, 0x00, 0x00, 0x64, 0xff, 0x00, 0x00, 0x64, 0xff,
  0x00, 0x00, 0x63, 0xff, 0x00, 0x00, 0x63, 0xff, 0x00, 0x00, 0x64, 0xff,
  0x00, 0x00, 0x64, 0xff, 0x00, 0x00, 0x64, 0xff, 0x00, 0x00, 0x64, 0xff,
  0x00, 0x00, 0x65, 0xff, 0x00, 0x00, 0x65, 0xff, 0x00, 0x00, 0x6a, 0xff,
  0x00, 0x00, 0x6a, 0xff, 0x00, 0x00, 0x6f, 0xff, 0x00, 0x00, 0x6f, 0xff,
  0x00, 0x00, 0x74, 0xff, 0x00, 0x00, 0x74, 0xff, 0x00, 0x00, 0x7d, 0xff,
  0x00, 0x00, 0x7d, 0xff, 0x00, 0x00, 0x87, 0xff, 0x00, 0x00, 0x87, 0xff,
  0x00, 0x00, 0x92, 0xff, 0x00, 0x00, 0x92, 0xff, 0x00, 0x00, 0x9a, 0xff,
  0x00, 0x00, 0x9a, 0xff, 0x00, 0x00, 0x9e, 0xff, 0x00, 0x00, 0x9e, 0xff,
  0x00, 0x00, 0xa4, 0xff, 0x00, 0x00, 0xa4, 0xff, 0x00, 0x00, 0xae, 0xff,
  0x00, 0x00, 0xae, 0xff, 0x00, 0x00, 0xb4, 0xff, 0x00, 0x00, 0xb4, 0xff,
  0x00, 0x00, 0xb6, 0xff, 0x00, 0x00, 0xb6, 0xff, 0x00, 0x00, 0xb7, 0xff,
  0x00, 0x00, 0xb7, 0xff, 0x00, 0x00, 0xb9, 0xff, 0x00, 0x00, 0xb9, 0xff,
  0x00, 0x00, 0xbe, 0xff, 0x00, 0x00, 0xbe, 0xff, 0x00, 0x00, 0xc3, 0xff,
  0x00, 0x00, 0xc3, 0xff, 0x00, 0x00, 0xc7, 0xff, 0x00, 0x00, 0xc7, 0xff,
  0x00, 0x00, 0xcb, 0xff, 0x00, 0x00, 0xcb, 0xff, 0x00, 0x00, 0xcb, 0xff,
  0x00, 0x00, 0xcb, 0xff, 0x00, 0x00, 0xcb, 0xff, 0x00, 0x00, 0xcb, 0xff,
  0x00, 0x00, 0xd1, 0xff, 0x00, 0x00, 0xd1, 0xff, 0x00, 0x00, 0xd9, 0xff,
  0x00, 0x00, 0xd9, 0xff, 0x00, 0x00, 0xe1, 0xff, 0x00, 0x00, 0xe1, 0xff,
  0x00, 0x00, 0xe7, 0xff, 0x00, 0x00, 0xe7, 0xff, 0x00, 0x00, 0xee, 0xff,
  0x00, 0x00, 0xee, 0xff, 0x00, 0x00, 0xf9, 0xff, 0x00, 0x00, 0xf9, 0xff,
  0x00, 0x00, 0x02, 0x00, 0x00, 0x00, 0x02, 0x00, 0x00, 0x00, 0x09, 0x00,
  0x00, 0x00, 0x09, 0x00, 0x00, 0x00, 0x0e, 0x00, 0x00, 0x00, 0x0e, 0x00,
  0x00, 0x00, 0x0f, 0x00, 0x00, 0x00, 0x0f, 0x00, 0x00, 0x00, 0x0f, 0x00,
  0x00, 0x00, 0x0f, 0x00, 0x00, 0x00, 0x0f, 0x00, 0x00, 0x00, 0x0f, 0x00,
  0x00, 0x00, 0x0b, 0x00, 0x00, 0x00, 0x0b, 0x00, 0x00, 0x00, 0x06, 0x00,
  0x00, 0x00, 0x06, 0x00, 0x00, 0x00, 0xff, 0xff, 0x00, 0x00, 0xff, 0xff,
  0x00, 0x00, 0xf8, 0xff, 0x00, 0x00, 0xf8, 0xff, 0x00, 0x00, 0xf6, 0xff,
  0x00, 0x00, 0xf6, 0xff, 0x00, 0x00, 0xf5, 0xff, 0x00, 0x00, 0xf5, 0xff,
  0x00, 0x00, 0xf2, 0xff, 0x00, 0x00, 0xf2, 0xff, 0x00, 0x00, 0xf2, 0xff,
  0x00, 0x00, 0xf2, 0xff, 0x00, 0x00, 0xf3, 0xff, 0x00, 0x00, 0xf3, 0xff,
  0x00, 0x00, 0xf6, 0xff, 0x00, 0x00, 0xf6, 0xff, 0x00, 0x00, 0xfb, 0xff,
  0x00, 0x00, 0xfb, 0xff, 0x00, 0x00, 0xfd, 0xff, 0x00, 0x00, 0xfd, 0xff,
  0x00, 0x00, 0xff, 0xff, 0x00, 0x00, 0xff, 0xff, 0x00, 0x00, 0xff, 0xff,
  0x00, 0x00, 0xff, 0xff, 0x00, 0x00, 0xfd, 0xff, 0x00, 0x00, 0xfd, 0xff,
  0x00, 0x00, 0x03, 0x00, 0x00, 0x00, 0x03, 0x00, 0x00, 0x00, 0x0e, 0x00,
  0x00, 0x00, 0x0e, 0x00, 0x00, 0x00, 0x16, 0x00, 0x00, 0x00, 0x16, 0x00,
  0x00, 0x00, 0x21, 0x00, 0x00, 0x00, 0x21, 0x00, 0x00, 0x00, 0x30, 0x00,
  0x00, 0x00, 0x30, 0x00, 0x00, 0x00, 0x44, 0x00, 0x00, 0x00, 0x44, 0x00,
  0x00, 0x00, 0x59, 0x00, 0x00, 0x00, 0x59, 0x00, 0x00, 0x00, 0x6d, 0x00,
  0x00, 0x00, 0x6d, 0x00, 0x00, 0x00, 0x81, 0x00, 0x00, 0x00, 0x81, 0x00,
  0x00, 0x00, 0x96, 0x00, 0x00, 0x00, 0x96, 0x00, 0x00, 0x00, 0xa6, 0x00,
  0x00, 0x00, 0xa6, 0x00, 0x00, 0x00, 0xb0, 0x00, 0x00, 0x00, 0xb0, 0x00,
  0x00, 0x00, 0xbb, 0x00, 0x00, 0x00, 0xbb, 0x00, 0x00, 0x00, 0xbe, 0x00,
  0x00, 0x00, 0xbe, 0x00, 0x00, 0x00, 0xb9, 0x00, 0x00, 0x00, 0xb9, 0x00,
  0x00, 0x00, 0xb1, 0x00, 0x00, 0x00, 0xb1, 0x00, 0x00, 0x00, 0xab, 0x00,
  0x00, 0x00, 0xab, 0x00, 0x00, 0x00, 0xa6, 0x00, 0x00, 0x00, 0xa6, 0x00,
  0x00, 0x00, 0xa0, 0x00, 0x00, 0x00, 0xa0, 0x00, 0x00, 0x00, 0x98, 0x00,
  0x00, 0x00, 0x98, 0x00, 0x00, 0x00, 0x95, 0x00, 0x00, 0x00, 0x95, 0x00,
  0x00, 0x00, 0x99, 0x00, 0x00, 0x00, 0x99, 0x00, 0x00, 0x00, 0x9d, 0x00,
  0x00, 0x00, 0x9d, 0x00, 0x00, 0x00, 0xa2, 0x00, 0x00, 0x00, 0xa2, 0x00,
  0x00, 0x00, 0xa9, 0x00, 0x00, 0x00, 0xa9, 0x00, 0x00, 0x00, 0xad, 0x00,
  0x00, 0x00, 0xad, 0x00, 0x00, 0x00, 0xab, 0x00, 0x00, 0x00, 0xab, 0x00,
  0x00, 0x00, 0xa6, 0x00, 0x00, 0x00, 0xa6, 0x00, 0x00, 0x00, 0x9e, 0x00,
  0x00, 0x00, 0x9e, 0x00, 0x00, 0x00, 0x91, 0x00, 0x00, 0x00, 0x91, 0x00,
  0x00, 0x00, 0x81, 0x00, 0x00, 0x00, 0x81, 0x00, 0x00, 0x00, 0x70, 0x00,
  0x00, 0x00, 0x70, 0x00, 0x00, 0x00, 0x5e, 0x00, 0x00, 0x00, 0x5e, 0x00,
  0x00, 0x00, 0x51, 0x00, 0x00, 0x00, 0x51, 0x00, 0x00, 0x00, 0x44, 0x00,
  0x00, 0x00, 0x44, 0x00, 0x00, 0x00, 0x38, 0x00, 0x00, 0x00, 0x38, 0x00,
  0x00, 0x00, 0x32, 0x00, 0x00, 0x00, 0x32, 0x00, 0x00, 0x00, 0x30, 0x00,
  0x00, 0x00, 0x30, 0x00, 0x00, 0x00, 0x2f, 0x00, 0x00, 0x00, 0x2f, 0x00,
  0x00, 0x00, 0x30, 0x00, 0x00, 0x00, 0x30, 0x00, 0x00, 0x00, 0x32, 0x00,
  0x00, 0x00, 0x32, 0x00, 0x00, 0x00, 0x33, 0x00, 0x00, 0x00, 0x33, 0x00,
  0x00, 0x00, 0x33, 0x00, 0x00, 0x00, 0x33, 0x00, 0x00, 0x00, 0x2f, 0x00,
  0x00, 0x00, 0x2f, 0x00, 0x00, 0x00, 0x28, 0x00, 0x00, 0x00, 0x28, 0x00,
  0x00, 0x00, 0x20, 0x00, 0x00, 0x00, 0x20, 0x00, 0x00, 0x00, 0x12, 0x00,
  0x00, 0x00, 0x12, 0x00, 0x00, 0x00, 0x05, 0x00, 0x00, 0x00, 0x05, 0x00,
  0x00, 0x00, 0xf9, 0xff, 0x00, 0x00, 0xf9, 0xff, 0x00, 0x00, 0xec, 0xff,
  0x00, 0x00, 0xec, 0xff, 0x00, 0x00, 0xe1, 0xff, 0x00, 0x00, 0xe1, 0xff,
  0x00, 0x00, 0xd5, 0xff, 0x00, 0x00, 0xd5, 0xff, 0x00, 0x00, 0xcc, 0xff,
  0x00, 0x00, 0xcc, 0xff, 0x00, 0x00, 0xc7, 0xff, 0x00, 0x00, 0xc7, 0xff,
  0x00, 0x00, 0xc2, 0xff, 0x00, 0x00, 0xc2, 0xff, 0x00, 0x00, 0xbe, 0xff,
  0x00, 0x00, 0xbe, 0xff, 0x00, 0x00, 0xbd, 0xff, 0x00, 0x00, 0xbd, 0xff,
  0x00, 0x00, 0xbd, 0xff, 0x00, 0x00, 0xbd, 0xff, 0x00, 0x00, 0xba, 0xff,
  0x00, 0x00, 0xba, 0xff, 0x00, 0x00, 0xb7, 0xff, 0x00, 0x00, 0xb7, 0xff,
  0x00, 0x00, 0xb5, 0xff, 0x00, 0x00, 0xb5, 0xff, 0x00, 0x00, 0xb3, 0xff,
  0x00, 0x00, 0xb3, 0xff, 0x00, 0x00, 0xaf, 0xff, 0x00, 0x00, 0xaf, 0xff,
  0x00, 0x00, 0xab, 0xff, 0x00, 0x00, 0xab, 0xff, 0x00, 0x00, 0xa8, 0xff,
  0x00, 0x00, 0xa8, 0xff, 0x00, 0x00, 0xa6, 0xff, 0x00, 0x00, 0xa6, 0xff,
  0x00, 0x00, 0xa5, 0xff, 0x00, 0x00, 0xa5, 0xff, 0x00, 0x00, 0xa3, 0xff,
  0x00, 0x00, 0xa3, 0xff, 0x00, 0x00, 0xa2, 0xff, 0x00, 0x00, 0xa2, 0xff,
  0x00, 0x00, 0xa3, 0xff, 0x00, 0x00, 0xa3, 0xff, 0x00, 0x00, 0xa7, 0xff,
  0x00, 0x00, 0xa7, 0xff, 0x00, 0x00, 0xab, 0xff, 0x00, 0x00, 0xab, 0xff,
  0x00, 0x00, 0xaf, 0xff, 0x00, 0x00, 0xaf, 0xff, 0x00, 0x00, 0xb2, 0xff,
  0x00, 0x00, 0xb2, 0xff, 0x00, 0x00, 0xb5, 0xff, 0x00, 0x00, 0xb5, 0xff,
  0x00, 0x00, 0xb9, 0xff, 0x00, 0x00, 0xb9, 0xff, 0x00, 0x00, 0xbc, 0xff,
  0x00, 0x00, 0xbc, 0xff, 0x00, 0x00, 0xc0, 0xff, 0x00, 0x00, 0xc0, 0xff,
  0x00, 0x00, 0xc2, 0xff, 0x00, 0x00, 0xc2, 0xff, 0x00, 0x00, 0xc3, 0xff,
  0x00, 0x00, 0xc3, 0xff, 0x00, 0x00, 0xc7, 0xff, 0x00, 0x00, 0xc7, 0xff,
  0x00, 0x00, 0xcb, 0xff, 0x00, 0x00, 0xcb, 0xff, 0x00, 0x00, 0xcd, 0xff,
  0x00, 0x00, 0xcd, 0xff, 0x00, 0x00, 0xd0, 0xff, 0x00, 0x00, 0xd0, 0xff,
  0x00, 0x00, 0xd3, 0xff, 0x00, 0x00, 0xd3, 0xff, 0x00, 0x00, 0xd2, 0xff,
  0x00, 0x00, 0xd2, 0xff, 0x00, 0x00, 0xd4, 0xff, 0x00, 0x00, 0xd4, 0xff,
  0x00, 0x00, 0xd7, 0xff, 0x00, 0x00, 0xd7, 0xff, 0x00, 0x00, 0xda, 0xff,
  0x00, 0x00, 0xda, 0xff, 0x00, 0x00, 0xdc, 0xff, 0x00, 0x00, 0xdc, 0xff,
  0x00, 0x00, 0xde, 0xff, 0x00, 0x00, 0xde, 0xff, 0x00, 0x00, 0xe2, 0xff,
  0x00, 0x00, 0xe2, 0xff, 0x00, 0x00, 0xe6, 0xff, 0x00, 0x00, 0xe6, 0xff,
  0x00, 0x00, 0xe7, 0xff, 0x00, 0x00, 0xe7, 0xff, 0x00, 0x00, 0xea, 0xff,
  0x00, 0x00, 0xea, 0xff, 0x00, 0x00, 0xed, 0xff, 0x00, 0x00, 0xed, 0xff,
  0x00, 0x00, 0xef, 0xff, 0x00, 0x00, 0xef, 0xff, 0x00, 0x00, 0xf0, 0xff,
  0x00, 0x00, 0xf0, 0xff, 0x00, 0x00, 0xf2, 0xff, 0x00, 0x00, 0xf2, 0xff,
  0x00, 0x00, 0xf2, 0xff, 0x00, 0x00, 0xf2, 0xff, 0x00, 0x00, 0xf3, 0xff,
  0x00, 0x00, 0xf3, 0xff, 0x00, 0x00, 0xf2, 0xff, 0x00, 0x00, 0xf2, 0xff,
  0x00, 0x00, 0xf4, 0xff, 0x00, 0x00, 0xf4, 0xff, 0x00, 0x00, 0xf6, 0xff,
  0x00, 0x00, 0xf6, 0xff, 0x00, 0x00, 0xf7, 0xff, 0x00, 0x00, 0xf7, 0xff,
  0x00, 0x00, 0xf8, 0xff, 0x00, 0x00, 0xf8, 0xff, 0x00, 0x00, 0xfa, 0xff,
  0x00, 0x00, 0xfa, 0xff, 0x00, 0x00, 0xfd, 0xff, 0x00, 0x00, 0xfd, 0xff,
  0x00, 0x00, 0x00, 0x00, 0x00, 0x00, 0x00, 0x00, 0x00, 0x00, 0x01, 0x00,
  0x00, 0x00, 0x01, 0x00, 0x00, 0x00, 0x02, 0x00, 0x00, 0x00, 0x02, 0x00,
  0x00, 0x00, 0x03, 0x00, 0x00, 0x00, 0x03, 0x00, 0x00, 0x00, 0x04, 0x00,
  0x00, 0x00, 0x04, 0x00, 0x00, 0x00, 0x04, 0x00, 0x00, 0x00, 0x04, 0x00,
  0x00, 0x00, 0x04, 0x00, 0x00, 0x00, 0x04, 0x00, 0x00, 0x00, 0x04, 0x00,
  0x00, 0x00, 0x04, 0x00, 0x00, 0x00, 0x03, 0x00, 0x00, 0x00, 0x03, 0x00,
  0x00, 0x00, 0x03, 0x00, 0x00, 0x00, 0x03, 0x00, 0x00, 0x00, 0x03, 0x00,
  0x00, 0x00, 0x03, 0x00, 0x00, 0x00, 0x06, 0x00, 0x00, 0x00, 0x06, 0x00,
  0x00, 0x00, 0x06, 0x00, 0x00, 0x00, 0x06, 0x00, 0x00, 0x00, 0x07, 0x00,
  0x00, 0x00, 0x07, 0x00, 0x00, 0x00, 0x07, 0x00, 0x00, 0x00, 0x07, 0x00,
  0x00, 0x00, 0x06, 0x00, 0x00, 0x00, 0x06, 0x00, 0x00, 0x00, 0x08, 0x00,
  0x00, 0x00, 0x08, 0x00, 0x00, 0x00, 0x08, 0x00, 0x00, 0x00, 0x08, 0x00,
  0x00, 0x00, 0x07, 0x00, 0x00, 0x00, 0x07, 0x00, 0x00, 0x00, 0x07, 0x00,
  0x00, 0x00, 0x07, 0x00, 0x00, 0x00, 0x05, 0x00, 0x00, 0x00, 0x05, 0x00,
  0x00, 0x00, 0x05, 0x00, 0x00, 0x00, 0x05, 0x00, 0x00, 0x00, 0x05, 0x00,
  0x00, 0x00, 0x05, 0x00, 0x00, 0x00, 0x03, 0x00, 0x00, 0x00, 0x03, 0x00,
  0x00, 0x00, 0x00, 0x00, 0x00, 0x00, 0x00, 0x00, 0x00, 0x00, 0x01, 0x00,
  0x00, 0x00, 0x01, 0x00, 0x00, 0x00, 0x02, 0x00, 0x00, 0x00, 0x02, 0x00,
  0x00, 0x00, 0x02, 0x00, 0x00, 0x00, 0x02, 0x00, 0x00, 0x00, 0x08, 0x00,
  0x00, 0x00, 0x08, 0x00, 0x00, 0x00, 0x0b, 0x00, 0x00, 0x00, 0x0b, 0x00,
  0x00, 0x00, 0x0e, 0x00, 0x00, 0x00, 0x0e, 0x00, 0x00, 0x00, 0x12, 0x00,
  0x00, 0x00, 0x12, 0x00, 0x00, 0x00, 0x14, 0x00, 0x00, 0x00, 0x14, 0x00,
  0x00, 0x00, 0x16, 0x00, 0x00, 0x00, 0x16, 0x00, 0x00, 0x00, 0x18, 0x00,
  0x00, 0x00, 0x18, 0x00, 0x00, 0x00, 0x17, 0x00, 0x00, 0x00, 0x17, 0x00,
  0x00, 0x00, 0x17, 0x00, 0x00, 0x00, 0x17, 0x00, 0x00, 0x00, 0x17, 0x00,
  0x00, 0x00, 0x17, 0x00, 0x00, 0x00, 0x16, 0x00, 0x00, 0x00, 0x16, 0x00,
  0x00, 0x00, 0x14, 0x00, 0x00, 0x00, 0x14, 0x00, 0x00, 0x00, 0x12, 0x00,
  0x00, 0x00, 0x12, 0x00, 0x00, 0x00, 0x11, 0x00, 0x00, 0x00, 0x11, 0x00,
  0x00, 0x00, 0x12, 0x00, 0x00, 0x00, 0x12, 0x00, 0x00, 0x00, 0x11, 0x00,
  0x00, 0x00, 0x11, 0x00, 0x00, 0x00, 0x0f, 0x00, 0x00, 0x00, 0x0f, 0x00,
  0x00, 0x00, 0x0f, 0x00, 0x00, 0x00, 0x0f, 0x00, 0x00, 0x00, 0x0f, 0x00,
  0x00, 0x00, 0x0f, 0x00, 0x00, 0x00, 0x0d, 0x00, 0x00, 0x00, 0x0d, 0x00,
  0x00, 0x00, 0x0b, 0x00, 0x00, 0x00, 0x0b, 0x00, 0x00, 0x00, 0x0b, 0x00,
  0x00, 0x00, 0x0b, 0x00, 0x00, 0x00, 0x0a, 0x00, 0x00, 0x00, 0x0a, 0x00,
  0x00, 0x00, 0x09, 0x00, 0x00, 0x00, 0x09, 0x00, 0x00, 0x00, 0x06, 0x00,
  0x00, 0x00, 0x06, 0x00, 0x00, 0x00, 0x04, 0x00, 0x00, 0x00, 0x04, 0x00,
  0x00, 0x00, 0x04, 0x00, 0x00, 0x00, 0x04, 0x00, 0x00, 0x00, 0x03, 0x00,
  0x00, 0x00, 0x03, 0x00, 0x00, 0x00, 0x03, 0x00, 0x00, 0x00, 0x03, 0x00,
  0x00, 0x00, 0x03, 0x00, 0x00, 0x00, 0x03, 0x00, 0x00, 0x00, 0x02, 0x00,
  0x00, 0x00, 0x02, 0x00, 0x00, 0x00, 0x00, 0x00, 0x00, 0x00, 0x00, 0x00,
  0x00, 0x00, 0x01, 0x00, 0x00, 0x00, 0x01, 0x00, 0x00, 0x00, 0x02, 0x00,
  0x00, 0x00, 0x02, 0x00, 0x00, 0x00, 0x02, 0x00, 0x00, 0x00, 0x02, 0x00,
  0x00, 0x00, 0x02, 0x00, 0x00, 0x00, 0x02, 0x00, 0x00, 0x00, 0xff, 0xff,
  0x00, 0x00, 0xff, 0xff, 0x00, 0x00, 0x00, 0x00, 0x00, 0x00, 0x00, 0x00,
  0x00, 0x00, 0xfe, 0xff, 0x00, 0x00, 0xfe, 0xff, 0x00, 0x00, 0xfe, 0xff,
  0x00, 0x00, 0xfe, 0xff, 0x00, 0x00, 0x00, 0x00, 0x00, 0x00, 0x00, 0x00,
  0x00, 0x00, 0x00, 0x00, 0x00, 0x00, 0x00, 0x00, 0x00, 0x00, 0x02, 0x00,
  0x00, 0x00, 0x02, 0x00, 0x00, 0x00, 0x02, 0x00, 0x00, 0x00, 0x02, 0x00,
  0x00, 0x00, 0x01, 0x00, 0x00, 0x00, 0x01, 0x00, 0x00, 0x00, 0x02, 0x00,
  0x00, 0x00, 0x02, 0x00, 0x00, 0x00, 0x03, 0x00, 0x00, 0x00, 0x03, 0x00,
};
const size_t no_pcm_len = 44184;
